time_h,radius_cm,C_xi0,C_xi025,C_xi05,C_xi075,C_surface,C_max
0.016666666666666666,1.995766666666667,2.55,2.55,2.55,2.55,2.079449295898978,2.55
0.03333333333333333,1.9915333333333334,2.55,2.55,2.55,2.55,1.9230226138603634,2.55
0.05,1.9873000000000003,2.55,2.55,2.55,2.55,1.8158542989398634,2.55
0.06666666666666667,1.9830666666666668,2.55,2.55,2.55,2.5499999999994616,1.7332068236671792,2.55
0.08333333333333333,1.9788333333333334,2.55,2.55,2.55,2.549999999898139,1.6661321330197043,2.55
0.1,1.9746,2.55,2.55,2.55,2.549999996416521,1.609839712631518,2.55
0.11666666666666667,1.9703666666666668,2.55,2.55,2.55,2.5499999525604142,1.5613592604240325,2.55
0.13333333333333333,1.9661333333333333,2.55,2.55,2.55,2.549999661355275,1.5187948282892536,2.55
0.15,1.9619000000000002,2.55,2.55,2.55,2.549998405359852,1.481108964859735,2.55
0.16666666666666666,1.9576666666666667,2.55,2.55,2.55,2.5499944037306745,1.4475063903922638,2.55
0.18333333333333332,1.9534333333333334,2.55,2.55,2.55,2.549984167421327,1.4173675282049887,2.55
0.2,1.9491999999999998,2.55,2.55,2.55,2.5499619347761726,1.3900568875891015,2.55
0.21666666666666667,1.9449666666666667,2.55,2.55,2.55,2.549919321467166,1.3651335350079798,2.55
0.23333333333333334,1.9407333333333332,2.55,2.55,2.549999999999943,2.5498452522480664,1.3422507943110271,2.55
0.25,1.9365,2.55,2.55,2.54999999999937,2.5497261526625454,1.3210661470818001,2.55
0.26666666666666666,1.9322666666666668,2.55,2.55,2.5499999999961895,2.5495463666051625,1.3015554194461247,2.55
0.2833333333333333,1.9280333333333333,2.55,2.55,2.549999999981467,2.5492886228570564,1.2834290728671696,2.55
0.3,1.9238000000000002,2.55,2.55,2.5499999999236884,2.548934599872906,1.266739856417307,2.55
0.31666666666666665,1.9195666666666666,2.55,2.55,2.549999999727005,2.548465409967763,1.2512846298024278,2.55
0.3333333333333333,1.9153333333333336,2.55,2.55,2.549999999134344,2.547862000215276,1.2368482632375895,2.55
0.35,1.9111,2.55,2.55,2.5499999975259535,2.547105788751674,1.2232264935517598,2.55
0.36666666666666664,1.9068666666666667,2.55,2.55,2.5499999935383304,2.5461790847814068,1.210539136974401,2.55
0.38333333333333336,1.9026333333333332,2.55,2.55,2.5499999844001016,2.5450651528270933,1.1987583805115425,2.55
0.4,1.8984,2.55,2.55,2.549999964852443,2.543748297386045,1.187564649990328,2.55
0.4166666666666667,1.8941666666666666,2.55,2.55,2.549999925497013,2.5422146019962364,1.1768255811072803,2.55
0.43333333333333335,1.8899333333333335,2.55,2.55,2.549999850404642,2.5404522784721215,1.166659854391826,2.55
0.45,1.8857,2.55,2.55,2.54999971382449,2.5384511973822703,1.1570125014669943,2.55
0.4666666666666667,1.8814666666666666,2.55,2.55,2.549999475839777,2.5362028403529098,1.1478326560479803,2.55
0.48333333333333334,1.877233333333333,2.55,2.549999999999913,2.5499990768532212,2.533700480234165,1.1393185973040114,2.55
0.5,1.873,2.55,2.5499999999995957,2.5499984308250285,2.5309378995223932,1.1313505768131096,2.55
0.5166666666666667,1.8703666666666667,2.55,2.549999999998764,2.549997418211823,2.5279127953005673,1.1237088865471219,2.55
0.5333333333333333,1.8677333333333335,2.55,2.5499999999965812,2.5499958775988327,2.52462556690692,1.1162348592413613,2.55
0.55,1.8651,2.55,2.5499999999911664,2.5499935948466694,2.521077049537957,1.1089525080126061,2.55
0.5666666666666667,1.8624666666666667,2.55,2.5499999999784135,2.549990293284216,2.5172698986597943,1.1020140207851377,2.55
0.5833333333333334,1.8598333333333334,2.55,2.5499999999497867,2.5499856230577294,2.513206747581706,1.0953090153684906,2.55
0.6,1.8572000000000002,2.55,2.549999999888335,2.5499791499800946,2.5088917832755495,1.0888201140148739,2.55
0.6166666666666667,1.854566666666667,2.55,2.549999999761779,2.549970344851418,2.504330472269302,1.0826981053643265,2.55
0.6333333333333333,1.8519333333333332,2.55,2.549999999510976,2.549958573269442,2.4995276657995698,1.0768084344934543,2.55
0.65,1.8493,2.55,2.549999999031354,2.5499430852546503,2.494489258736589,1.0711582278126788,2.55
0.6666666666666666,1.8466666666666667,2.55,2.5499999981440347,2.5499230064588323,2.4892213775419076,1.0657450812476474,2.55
0.6833333333333333,1.8440333333333332,2.55,2.5499999965522075,2.5498973299788124,2.483730779791462,1.0605694873500844,2.55
0.7,1.8414,2.55,2.5499999937771163,2.5498649100887185,2.4780245669182306,1.055600629630043,2.55
0.7166666666666667,1.8387666666666667,2.55,2.5499999890666025,2.549824457018355,2.472110329861791,1.0506612168328873,2.55
0.7333333333333333,1.8361333333333334,2.5499999999997724,2.5499999812675966,2.5497745348375505,2.4659983820381157,1.0459310020085644,2.5499999999997724
0.75,1.8335000000000001,2.549999999999346,2.549999968652572,2.549713564895265,2.4596967462639006,1.041420299478569,2.549999999999346
0.7666666666666667,1.8308666666666666,2.5499999999985414,2.5499999486887766,2.549639822454309,2.453212670074401,1.036927129896382,2.5499999999985414
0.7833333333333333,1.8282333333333334,2.549999999996783,2.5499999177370407,2.549551438346554,2.4465571333265173,1.0324655667431468,2.549999999996783
0.8,1.8256000000000001,2.54999999999309,2.549999870666576,2.5494464147455056,2.4397411992898967,1.028202781448461,2.54999999999309
0.8166666666666667,1.8229666666666668,2.5499999999855203,2.549999800373354,2.5493226339084236,2.432772495963542,1.0240270205723618,2.5499999999855203
0.8333333333333334,1.8203333333333336,2.5499999999704865,2.5499996971879346,2.549177856812766,2.4256610003776156,1.0198311355698468,2.5499999999704865
0.85,1.8177000000000003,2.5499999999414733,2.5499995481575524,2.5490097452062375,2.4184175263678025,1.0157650586713003,2.5499999999414733
0.8666666666666667,1.8150666666666668,2.5499999998869494,2.549999336195068,2.5488158790419995,2.4110510834354306,1.011924185088887,2.5499999998869494
0.8833333333333333,1.8124333333333333,2.5499999997870444,2.549999039085799,2.5485937602594118,2.4035663723182568,1.008311061384763,2.5499999997870444
0.9,1.8097999999999999,2.549999999608348,2.5499986283387392,2.548340797741951,2.395968980450575,1.0047295147663295,2.549999999608348
0.9166666666666666,1.8071666666666666,2.5499999992959843,2.549998067863222,2.548054329698768,2.388267789163862,1.0012289023792218,2.5499999992959843
0.9333333333333333,1.8045333333333333,2.5499999987617334,2.549997312481457,2.5477316609118263,2.380470843690942,0.9977068153413184,2.5499999987617334
0.95,1.8019,2.54999999786669,2.549996306290079,2.5473700777347323,2.372587974440414,0.9942124507022245,2.54999999786669
0.9666666666666667,1.7992666666666668,2.5499999963966173,2.5499949808751405,2.546966883080732,2.364628003475925,0.9907002608582665,2.5499999963966173
0.9833333333333333,1.7966333333333333,2.5499999940269085,2.5499932534116114,2.5465194075068496,2.356600544393089,0.9871830552097421,2.5499999940269085
1.0,1.794,2.5499999902747468,2.5499910246565616,2.546025041912682,2.3485142537936015,0.983844429442243,2.5499999902747468
1.0166666666666666,1.7909666666666668,2.549999984432584,2.549988176172025,2.545481104537048,2.3403698485375664,0.9806545226208979,2.549999984432584
1.0333333333333334,1.7879333333333334,2.5499999754802705,2.5499845681320634,2.5448848602904546,2.3321704397433956,0.9774964222243276,2.5499999754802705
1.05,1.7849,2.549999961972185,2.549980037729487,2.5442337247808906,2.323922812544308,0.9744627621122283,2.549999961972185
1.0666666666666667,1.7818666666666667,2.5499999418884554,2.5499743963351347,2.54352519511309,2.3156313706741782,0.9714445890957091,2.5499999418884554
1.0833333333333333,1.7788333333333333,2.5499999124463644,2.5499674271154102,2.542756831500391,2.3073023142106965,0.9684092611792356,2.5499999124463644
1.1,1.7758,2.5499998698635804,2.5499588826288972,2.5419263099666902,2.2989428915429224,0.9654167958846702,2.5499998698635804
1.1166666666666667,1.7727666666666666,2.5499998090649623,2.5499484826189205,2.5410314522051136,2.290559040946091,0.9623858188425389,2.5499998090649623
1.1333333333333333,1.7697333333333336,2.5499997233248703,2.549935911999636,2.540070217783902,2.2821579466313056,0.959285991794494,2.5499997233248703
1.15,1.7667000000000002,2.549999603836763,2.54992081901598,2.539040754084226,2.273747279489146,0.9563090863286143,2.549999603836763
1.1666666666666667,1.763666666666667,2.549999439202242,2.54990281384054,2.5379413945368157,2.2653288691948967,0.9533923397604485,2.549999439202242
1.1833333333333333,1.7606333333333335,2.5499992148335346,2.5498814673015247,2.536770523455274,2.256905908149469,0.9504943493864079,2.5499992148335346
1.2,1.7576,2.54999891226079,2.5498563092473447,2.535526642675344,2.2484814842137126,0.9477694108803613,2.54999891226079
1.2166666666666666,1.7545666666666668,2.549998508334458,2.549826827428439,2.5342083451679915,2.2400549727225894,0.9449881976753168,2.549998508334458
1.2333333333333334,1.7515333333333334,2.549997974319357,2.5497924662479794,2.5328142645606646,2.2316340054622694,0.9420696107983784,2.549997974319357
1.25,1.7485,2.549997274870646,2.5497526258201515,2.531343375641586,2.223227132090993,0.9392218116780892,2.549997274870646
1.2666666666666666,1.7454666666666667,2.549996366897494,2.5497066635375067,2.52979494927205,2.214835384896588,0.9364633229728898,2.549996366897494
1.2833333333333334,1.7424333333333333,2.54999519834085,2.5496538953446177,2.5281682842276822,2.2064592206400375,0.9337829536129951,2.54999519834085
1.3,1.7394,2.549993706850494,2.5495935952057485,2.526462703533592,2.1980979588483383,0.9311805455640871,2.549993706850494
1.3166666666666667,1.7363666666666666,2.549991818338583,2.549524994618551,2.524677541839568,2.1897535851478986,0.9286023544148557,2.549991818338583
1.3333333333333333,1.7333333333333332,2.5499894454131438,2.5494472824250582,2.522812281967889,2.181428053892124,0.9260095516523907,2.5499894454131438
1.35,1.7303,2.5499864857080663,2.549359606260748,2.5208665428119525,2.1731246452648163,0.9233378033119676,2.5499864857080663
1.3666666666666667,1.7272666666666665,2.549982820143739,2.549261074299528,2.518840177227212,2.1648489462218805,0.9207435624058053,2.549982820143739
1.3833333333333333,1.7242333333333335,2.5499783111373997,2.549150758988599,2.5167332968175264,2.1566008628490425,0.9181063936490356,2.5499783111373997
1.4,1.7212,2.5499728008247615,2.5490277004603596,2.514546036704808,2.1483866144552115,0.9153288102126109,2.5499728008247615
1.4166666666666667,1.7181666666666668,2.5499661092599113,2.548890908433716,2.512278936995872,2.1402124449170836,0.9125901369563416,2.5499661092599113
1.4333333333333333,1.7151333333333334,2.549958032640007,2.5487393704079375,2.5099327935843787,2.1320774046099626,0.9100161809492293,2.549958032640007
1.45,1.7121000000000002,2.5499483417390905,2.548572055832099,2.50750820781192,2.1239750227597725,0.9075000164722621,2.5499483417390905
1.4666666666666666,1.7090666666666667,2.549936780320271,2.5483879115651478,2.505005424613241,2.1159067585719598,0.9048522465685012,2.549936780320271
1.4833333333333334,1.7060333333333333,2.5499230632435785,2.5481858574603504,2.5024249804803986,2.107879127392442,0.9022715350986272,2.5499230632435785
1.5,1.703,2.5499068745444005,2.5479647963718817,2.4997678177742575,2.0998911543637324,0.899662645881756,2.5499068745444005
1.5166666666666666,1.7004,2.5498878713177437,2.5477236867693307,2.497035503204213,2.0919465723494546,0.8971238021024943,2.5498878713177437
1.5333333333333334,1.6978,2.549865680788692,2.54746150012558,2.494229773985535,2.084044444274695,0.8946236157572394,2.549865680788692
1.55,1.6952000000000003,2.5498398931383455,2.5471771506088228,2.491351486752321,2.076185514161972,0.8920133477496504,2.5498398931383455
1.5666666666666667,1.6926,2.549810064243905,2.546869545626337,2.4884017027740284,2.06837337846244,0.8894109020600428,2.549810064243905
1.5833333333333333,1.69,2.54977571463703,2.5465375954763054,2.4853817620047765,2.060609086715533,0.8868511319887509,2.54977571463703
1.6,1.6874,2.549736329246578,2.5461802220030334,2.482292997221041,2.0528897715063494,0.8843222955647287,2.549736329246578
1.6166666666666667,1.6848,2.549691357480886,2.545796356695975,2.479136534199734,2.0452175805331754,0.8816611987671652,2.549691357480886
1.6333333333333333,1.6822,2.5496402129089493,2.5453849379910825,2.475913825374434,2.0375974560029566,0.8790252713831517,2.5496402129089493
1.65,1.6795999999999998,2.5495822731847886,2.5449449274109774,2.47262666671795,2.030028364630965,0.87654674045485,2.5495822731847886
1.6666666666666667,1.677,2.549516881436819,2.5444753184847935,2.4692764634857247,2.0224997870136763,0.874221015134607,2.549516881436819
1.6833333333333333,1.6744,2.5494433474584057,2.543975113046362,2.465863727553164,2.0150098493883295,0.87180319459076,2.5494433474584057
1.7,1.6718,2.549360946041774,2.5434432946148826,2.462389241868893,2.007564777539965,0.8692393911596605,2.549360946041774
1.7166666666666666,1.6691999999999998,2.5492689147715244,2.5428788544906125,2.458854598836039,2.000170505645944,0.8667752124715105,2.5492689147715244
1.7333333333333334,1.6666,2.549166456091062,2.54228082941955,2.4552616851913633,1.992820467863797,0.8643904504691969,2.549166456091062
1.75,1.6640000000000001,2.549052742075351,2.54164829825324,2.4516115804720955,1.9855133697086733,0.8619521008820428,2.549052742075351
1.7666666666666666,1.6614,2.548926915916546,2.5409803469292234,2.447905492943253,1.9782527641317935,0.8594158266668558,2.548926915916546
1.7833333333333334,1.6587999999999998,2.54878809073337,2.5402760863600524,2.4441450699916754,1.9710423151296763,0.856837930415596,2.54878809073337
1.8,1.6562000000000001,2.548635352229864,2.5395346771837204,2.4403322982946674,1.9638845924131443,0.8542023563611987,2.548635352229864
1.8166666666666667,1.6536000000000002,2.5484677638782585,2.5387553442148634,2.4364692656470908,1.956779387841002,0.8517547154048084,2.5484677638782585
1.8333333333333333,1.651,2.5482843723277395,2.5379373739597026,2.4325576252884327,1.9497168786482098,0.8493257346643416,2.5482843723277395
1.85,1.6483999999999999,2.5480842102687626,2.5370800728538767,2.4285980436189845,1.9426990588958222,0.8467865394472527,2.5480842102687626
1.8666666666666667,1.6458,2.547866292384986,2.536182734320729,2.4245919378055145,1.9357319512069742,0.8442496851970039,2.547866292384986
1.8833333333333333,1.6432000000000002,2.547629613324467,2.535244703428546,2.4205412744851165,1.9288134065906175,0.8417933941413619,2.547629613324467
1.9,1.6406,2.547373156631787,2.534265392649403,2.416447491693923,1.9219387191641757,0.8393075301354895,2.547373156631787
1.9166666666666667,1.638,2.547095900220395,2.5332442368812345,2.4123116669845874,1.9151102727461093,0.8369117608605501,2.547095900220395
1.9333333333333333,1.6354,2.54679681393519,2.5321806886832157,2.408135140031807,1.9083216801409753,0.8346011371588764,2.54679681393519
1.95,1.6328000000000003,2.54647486033413,2.531074222697903,2.403918450103621,1.9015712955322455,0.8322317357064993,2.54647486033413
1.9666666666666666,1.6302,2.546128993472255,2.529924292380906,2.3996624082926896,1.8948622556292896,0.8298069119894821,2.546128993472255
1.9833333333333334,1.6276,2.5457581550057915,2.5287303735692106,2.395368426832074,1.8881980792561963,0.8274034374535473,2.5457581550057915
2.0,1.625,2.5453612818344533,2.527492010676535,2.3910382142032036,1.8815768400034878,0.8249892774198908,2.5453612818344533
2.0166666666666666,1.6238,2.5449376955399283,2.5262099408959044,2.3866767992742313,1.8750027755331566,0.8225256602143162,2.5449376955399283
2.033333333333333,1.6226,2.544486825943202,2.5248850780367964,2.3822891747304857,1.8684815124598029,0.8199333070124685,2.544486825943202
2.05,1.6214,2.544007791278989,2.5235173173398504,2.3778768709265523,1.8620183893015962,0.8173461776479851,2.544007791278989
2.066666666666667,1.6202,2.543499730243589,2.5221066240689485,2.3734419719624924,1.8556103952943352,0.8147291033099711,2.543499730243589
2.0833333333333335,1.619,2.5429618136404737,2.5206530480777776,2.3689859232107633,1.8492575004336715,0.8121594381107755,2.5429618136404737
2.1,1.6178000000000001,2.542393249111928,2.519156669546088,2.364510109551833,1.8429546086636444,0.8096226885429582,2.542393249111928
2.1166666666666667,1.6166,2.5417932762022457,2.517617583324168,2.3600152122357896,1.836700905557936,0.8069996597560474,2.5417932762022457
2.1333333333333333,1.6154000000000002,2.5411611582665636,2.516035859914933,2.3555022904471246,1.8304992285385198,0.8043831104835809,2.5411611582665636
2.15,1.6142,2.5404961764668363,2.5144116094261233,2.350972850244415,1.8243483526626076,0.8018575658388984,2.5404961764668363
2.1666666666666665,1.6130000000000002,2.5397976420152966,2.5127450036868435,2.346427902670288,1.8182414089330363,0.7992958375111568,2.5397976420152966
2.183333333333333,1.6118000000000001,2.539064901952213,2.511036200072025,2.3418677763600266,1.81218002106531,0.7968216803634978,2.539064901952213
2.2,1.6106000000000003,2.538297323684147,2.509285322018078,2.3372931923251823,1.8061574821846085,0.7943926498397677,2.538297323684147
2.216666666666667,1.6094000000000002,2.537494289348907,2.5074924794470768,2.3327040804613164,1.8001756663088417,0.7918479446868991,2.537494289348907
2.2333333333333334,1.6082000000000003,2.5366551899938665,2.5056577345609083,2.3281014182075093,1.7942395932613326,0.7893278841739015,2.5366551899938665
2.25,1.6070000000000002,2.5357794270312883,2.503781237850196,2.3234866732695156,1.7883466791338147,0.7867899486270717,2.5357794270312883
2.2666666666666666,1.6058,2.53486644304814,2.501863223410684,2.3188609369589455,1.7825000108665017,0.784322856888458,2.53486644304814
2.283333333333333,1.6046,2.533915730165186,2.4999039782037373,2.314225378132475,1.7766899175295463,0.7819027204808419,2.533915730165186
2.3,1.6034,2.5329268298374146,2.4979037856651045,2.3095796874390704,1.770917777783567,0.7794785715680774,2.5329268298374146
2.316666666666667,1.6022,2.5318993061700317,2.495862831371407,2.3049244397445903,1.7651843401830054,0.7769640096751059,2.5318993061700317
2.3333333333333335,1.601,2.530832727228933,2.4937813337400057,2.3002605739644166,1.7594955797729113,0.7744528799706923,2.530832727228933
2.35,1.5998,2.529726687528792,2.491659603447328,2.2955898027469974,1.7538477489888278,0.7720117067489176,2.529726687528792
2.3666666666666667,1.5986,2.528580838888189,2.4894980555645736,2.2909126652340293,1.748236453132963,0.7696371226207627,2.528580838888189
2.3833333333333333,1.5974000000000002,2.527394891272811,2.4872970486504036,2.286229091726372,1.7426572172957762,0.76725386202947,2.527394891272811
2.4,1.5962,2.5261685726420424,2.4850568421299783,2.281538840396472,1.7371140237958338,0.7648325678595257,2.5261685726420424
2.4166666666666665,1.5950000000000002,2.524901601663644,2.4827776604312035,2.276842876741524,1.731610283208667,0.7623580188733233,2.524901601663644
2.433333333333333,1.5938,2.523593706912457,2.4804598442399133,2.27214253601291,1.7261470629988018,0.7598933361745105,2.523593706912457
2.45,1.5926000000000002,2.5222446723152587,2.4781038462782212,2.2674390045727417,1.7207220739248377,0.7574494725751192,2.5222446723152587
2.466666666666667,1.5914000000000001,2.52085435253656,2.475710165189985,2.2627327546541647,1.7153313779627357,0.7550698594867535,2.52085435253656
2.4833333333333334,1.5902000000000003,2.5194226542977387,2.473279244375437,2.2580238173151166,1.709975699933344,0.7526024155513978,2.5194226542977387
2.5,1.5890000000000002,2.5179494997954515,2.4708114758784596,2.253312895344527,1.704658584776764,0.7502574397347799,2.5179494997954515
2.5166666666666666,1.5877666666666668,2.516434791401649,2.468307268127739,2.248600589110266,1.6993688477352906,0.7480814536105649,2.516434791401649
2.533333333333333,1.5865333333333336,2.5148784668883923,2.4657669719196136,2.2438854633578282,1.6941041372756835,0.7457558973313101,2.5148784668883923
2.55,1.5853000000000002,2.51328048090544,2.46319075563678,2.2391673880743213,1.6888755343718176,0.7433650768132122,2.51328048090544
2.566666666666667,1.584066666666667,2.5116407332267765,2.4605788805665174,2.234448061731018,1.6836805920398168,0.7410009379642022,2.5116407332267765
2.5833333333333335,1.5828333333333333,2.509959161661352,2.4579318082164763,2.229728199372908,1.6785202677148443,0.7387071228395405,2.509959161661352
2.6,1.5816000000000001,2.508235785343374,2.4552500290866073,2.22500846784095,1.6733892147853484,0.7363996939104092,2.508235785343374
2.6166666666666667,1.5803666666666667,2.50647068048238,2.452534011089259,2.2202886130834374,1.6682890859003021,0.7341151418145793,2.50647068048238
2.6333333333333333,1.5791333333333335,2.5046639401937987,2.449784143301758,2.215568981950124,1.6632170074376456,0.7319056676112886,2.5046639401937987
2.65,1.5779,2.502815657007137,2.4470008103269545,2.210849242434316,1.65817074979353,0.72969946077755,2.502815657007137
2.6666666666666665,1.5766666666666669,2.5009259205964076,2.444184302041078,2.2061291369930762,1.6531520005722373,0.7274155689783814,2.5009259205964076
2.683333333333333,1.5754333333333335,2.498994796464865,2.4413348893308404,2.201409363872244,1.6481675810874041,0.7251861569413491,2.498994796464865
2.7,1.5742000000000003,2.4970223564561462,2.4384530034129344,2.1966911599792103,1.6432096510488878,0.7229220382097705,2.4970223564561462
2.716666666666667,1.5729666666666666,2.4950087474458327,2.435539135651965,2.191974198898685,1.6382832801334568,0.7205864625802159,2.4950087474458327
2.7333333333333334,1.5717333333333334,2.492954157368333,2.4325937155711967,2.1872598423545453,1.6333920110696014,0.7183391040098241,2.492954157368333
2.75,1.5705,2.4908588087253003,2.429617370792206,2.182549008487654,1.6285276527931298,0.7161064780994382,2.4908588087253003
2.7666666666666666,1.5692666666666668,2.4887230120164436,2.426610693054271,2.1778410214490163,1.6236893718885752,0.7139649777157001,2.4887230120164436
2.783333333333333,1.5680333333333334,2.4865470875229385,2.423574087159786,2.173135466055504,1.6188731991431429,0.711846562630706,2.4865470875229385
2.8,1.5668000000000002,2.484331302870703,2.4205078442474823,2.1684314603000283,1.6140797746556104,0.709681181055618,2.484331302870703
2.816666666666667,1.5655666666666668,2.48207585737939,2.4174121485588502,2.163729245974672,1.6093154105884886,0.7075506007273752,2.48207585737939
2.8333333333333335,1.5643333333333336,2.4797809066163063,2.414287326466119,2.1590297372762826,1.6045743947526088,0.7053953657514535,2.4797809066163063
2.85,1.5631000000000002,2.477446655909656,2.4111337773842676,2.154332757750012,1.5998618565920402,0.7031688389619289,2.477446655909656
2.8666666666666667,1.5618666666666667,2.475073348196956,2.4079518928981534,2.149639416743681,1.5951774206693807,0.7009988668102559,2.475073348196956
2.8833333333333333,1.5606333333333335,2.472661271571744,2.4047422118526436,2.144950236556869,1.5905204447410517,0.6988782979845655,2.472661271571744
2.9,1.5594000000000001,2.470210786489025,2.4015052757741726,2.140265199720588,1.5858842998055225,0.6967361336704165,2.470210786489025
2.9166666666666665,1.5581666666666667,2.4677222817834075,2.3982414905388234,2.135583645046658,1.581276737588215,0.6944796750238282,2.4677222817834075
2.933333333333333,1.5569333333333335,2.4651961018053106,2.3949512339939996,2.130907143660875,1.5767004599750898,0.6923419941944005,2.4651961018053106
2.95,1.5557,2.462632612165456,2.3916351635031825,2.126236507595096,1.5721470367829664,0.6903311380223399,2.462632612165456
2.966666666666667,1.5544666666666667,2.460032286422506,2.388293865232563,2.121570355621004,1.5676085608649837,0.6884014014327756,2.460032286422506
2.9833333333333334,1.5532333333333335,2.4573955762397075,2.3849275334455946,2.116906855612924,1.563087591706645,0.6864027554401336,2.4573955762397075
3.0,1.552,2.454722761140017,2.381536152187632,2.1122458714336414,1.5585883455335838,0.6843732600448602,2.454722761140017
3.0166666666666666,1.5506,2.452013571942377,2.378119385410162,2.1075874541395274,1.554109379594291,0.6823810446425249,2.452013571942377
3.033333333333333,1.5492000000000001,2.449268008439848,2.374677196977599,2.102931177321707,1.549650491177456,0.6803446073317658,2.449268008439848
3.05,1.5478,2.446486271323524,2.3712098395444308,2.098277576517402,1.5452168372979873,0.678271343150265,2.446486271323524
3.066666666666667,1.5464,2.4436686084285695,2.3677177252810506,2.093628111672459,1.5408097885869791,0.6762801054292208,2.4436686084285695
3.0833333333333335,1.545,2.440815380537141,2.3642014827071858,2.0889833937728093,1.5364224585148722,0.6743054892583026,2.440815380537141
3.1,1.5436,2.437927070573,2.3606616451640465,2.0843425956765342,1.5320551495777999,0.6723039753332559,2.437927070573
3.1166666666666667,1.5422,2.4350041482172062,2.3570985492306784,2.0797058952116094,1.5277127464502565,0.6701947201665357,2.4350041482172062
3.1333333333333333,1.5408000000000002,2.4320470259180573,2.353512642994439,2.075074526373122,1.5233967126262868,0.6682271870126039,2.4320470259180573
3.15,1.5394,2.4290561673840476,2.3499045712986337,2.0704488847672646,1.5190986941893692,0.6662826719544976,2.4290561673840476
3.1666666666666665,1.538,2.4260321214067604,2.3462748346605453,2.06582797125258,1.5148212807389312,0.6643749906989381,2.4260321214067604
3.183333333333333,1.5366000000000002,2.422975384735569,2.3426237455070216,2.061211642484231,1.5105597281057257,0.6624389764092086,2.422975384735569
3.2,1.5352000000000001,2.419886372231193,2.3389515460133756,2.056599290466746,1.506321000525919,0.6604079416488223,2.419886372231193
3.216666666666667,1.5338,2.41676542519813,2.335258508267655,2.0519924084209205,1.5021067833178794,0.6584668610963164,2.41676542519813
3.2333333333333334,1.5324,2.413612923774809,2.3315452026984143,2.047391244243234,1.4979077544912478,0.6565289392188605,2.413612923774809
3.25,1.5310000000000001,2.4104293572214894,2.3278120195493486,2.0427947689523926,1.4937304876390893,0.6545191293486734,2.4104293572214894
3.2666666666666666,1.5296,2.40721515895132,2.3240592468273147,2.0382041143258287,1.4895756936424154,0.6526300373942984,2.40721515895132
3.283333333333333,1.5282,2.403970754735473,2.320287401678251,2.0336193384224797,1.4854358087593391,0.6508558941393277,2.403970754735473
3.3,1.5268,2.4006966333302433,2.316496820213736,2.0290389028980016,1.4813085322415585,0.6489837195130583,2.4006966333302433
3.316666666666667,1.5254,2.3973931876451227,2.312687522614448,2.0244623987161985,1.4772029805329698,0.6470600746308766,2.3973931876451227
3.3333333333333335,1.524,2.394060667557142,2.3088597014502956,2.0198914107619346,1.4731179748216436,0.6452119554471549,2.394060667557142
3.35,1.5226,2.3906993919092328,2.3050138430146623,2.0153257985192523,1.4690455082621203,0.6434913685138903,2.3906993919092328
3.3666666666666667,1.5211999999999999,2.3873097854657046,2.3011501911478405,2.01076391124,1.464984370434343,0.6416801631228617,2.3873097854657046
3.3833333333333333,1.5198,2.3838921678328764,2.297268678321516,2.0062053412431418,1.4609426845728173,0.6397607233685564,2.3838921678328764
3.4,1.5184000000000002,2.3804467152380684,2.293369421473707,2.0016518642070653,1.4569256868026534,0.6378300166768839,2.3804467152380684
3.4166666666666665,1.5170000000000001,2.376973692969469,2.289453007572018,1.9971053220197628,1.4529322959161282,0.6359585809423302,2.376973692969469
3.433333333333333,1.5156,2.373473621593332,2.285520235685593,1.9925662042598473,1.4489576723877367,0.6340905445756493,2.373473621593332
3.45,1.5142,2.3699471894754245,2.281571748722813,1.9880339520088812,1.44500038129007,0.6322802979699083,2.3699471894754245
3.466666666666667,1.5128000000000001,2.366395057784593,2.2776079591414913,1.983507719620682,1.4410553485792397,0.6304913031758154,2.366395057784593
3.4833333333333334,1.5114,2.3628177576869023,2.2736290220479574,1.9789865465929015,1.437128087489699,0.6286699242506302,2.3628177576869023
3.5,1.51,2.3592156460886824,2.269635069483516,1.974470988308997,1.4332153567354395,0.6269849175359301,2.3592156460886824
3.5166666666666666,1.5089,2.3555897665346808,2.2656271344704377,1.9699611068045328,1.4293147167631626,0.6252757788141131,2.3555897665346808
3.533333333333333,1.5078,2.351941144899099,2.2616060317193405,1.965457080140526,1.4254301747494829,0.6234479579514374,2.351941144899099
3.55,1.5067000000000002,2.348269996162096,2.2575717979000736,1.9609596231587125,1.4215658547660928,0.6216815491285288,2.348269996162096
3.566666666666667,1.5056,2.3445765438507,2.253524747805865,1.9564692897002174,1.4177146240217662,0.6199923296750673,2.3445765438507
3.5833333333333335,1.5045000000000002,2.3408611308680705,2.249465132538341,1.9519848320631548,1.4138765091838268,0.6183295179929412,2.3408611308680705
3.6,1.5034,2.3371240616592037,2.245392952121205,1.9475059817557798,1.410054404977829,0.6165361851271759,2.3371240616592037
3.6166666666666667,1.5023000000000002,2.3333655426893998,2.241308305481093,1.943033689435746,1.4062553648882763,0.614694978399916,2.3333655426893998
3.6333333333333333,1.5012,2.3295858325594807,2.2372116678259775,1.9385698765827575,1.4024771806886478,0.6129997198830621,2.3295858325594807
3.65,1.5001,2.325785422328838,2.2331037547442047,1.934114042817478,1.3987091805332965,0.6113136628451875,2.325785422328838
3.6666666666666665,1.499,2.321964921786962,2.228984820849547,1.9296643953367822,1.3949573906543442,0.6095206663809171,2.321964921786962
3.683333333333333,1.4979,2.318124737167823,2.2248549135624636,1.9252218221462285,1.3912247742096167,0.6078116280491308,2.318124737167823
3.7,1.4968000000000001,2.3142651865958315,2.2207144053798364,1.9207868589054256,1.3875073476888278,0.6061256494347449,2.3142651865958315
3.716666666666667,1.4957000000000003,2.310386684895883,2.216563648421694,1.9163587888862117,1.383801876514422,0.6045193672562287,2.310386684895883
3.7333333333333334,1.4946000000000002,2.3064896304594518,2.212402741626182,1.9119364768068658,1.3801070817355843,0.6028457941507657,2.3064896304594518
3.75,1.4935,2.3025742757205894,2.2082315933910532,1.907519833281225,1.3764304100010423,0.6011887344209903,2.3025742757205894
3.7666666666666666,1.4924000000000002,2.2986407652806427,2.204050354226613,1.9031098824312829,1.3727671418447747,0.5994926813141392,2.2986407652806427
3.783333333333333,1.4913,2.294689347083656,2.1998593108781312,1.8987066921272586,1.3691246247256403,0.5977353814711899,2.294689347083656
3.8,1.4902000000000002,2.2907203534220058,2.195658888652375,1.8943117083071552,1.3654973261122811,0.5961007272604059,2.2907203534220058
3.816666666666667,1.4891,2.28673426691153,2.1914496187001964,1.889923977784735,1.3618827952619728,0.5943931451514661,2.28673426691153
3.8333333333333335,1.488,2.282731590385907,2.187231700743888,1.8855434648180207,1.35828782241717,0.5926447505930497,2.282731590385907
3.85,1.4869,2.2787127217507823,2.183005514659055,1.881171573946787,1.3547110942383842,0.5909495058648928,2.2787127217507823
3.8666666666666667,1.4858000000000002,2.2746781547466073,2.1787716611912633,1.8768081658506421,1.3511461976411288,0.5893858919073531,2.2746781547466073
3.8833333333333333,1.4847000000000001,2.270628462130195,2.1745304392400016,1.8724514022947023,1.3475875612241315,0.587832269483963,2.270628462130195
3.9,1.4836000000000003,2.26656402805999,2.170281637797122,1.868099771681119,1.3440403388005069,0.5862782662703603,2.26656402805999
3.9166666666666665,1.4825000000000002,2.2624849249094092,2.1660250044429175,1.863753511881647,1.3405032033472541,0.5847492869921219,2.2624849249094092
3.933333333333333,1.4814000000000003,2.258391135529418,2.1617604513647013,1.8594123360812915,1.336978180879276,0.5831575304694998,2.258391135529418
3.95,1.4803000000000002,2.2542826641539113,2.157487955163175,1.8550770709913391,1.3334694292924993,0.5815811561797171,2.2542826641539113
3.966666666666667,1.4792,2.250159608460612,2.153207807355053,1.8507486085679095,1.3299743560782158,0.5799199876430671,2.250159608460612
3.9833333333333334,1.4781000000000002,2.2460222594500907,2.1489203891260242,1.8464275107259827,1.3265000640283713,0.578199906803224,2.2460222594500907
4.0,1.477,2.2418710348933293,2.144626310249262,1.842115672478723,1.3230434985656698,0.5766241953140555,2.2418710348933293
4.016666666666667,1.4760000000000002,2.237706857686419,2.140326659579606,1.837812602409881,1.3195962443962785,0.5750601863323358,2.237706857686419
4.033333333333333,1.475,2.2335307076563673,2.1360219772779603,1.8335170408094312,1.3161614617283632,0.5734904148628823,2.2335307076563673
4.05,1.4740000000000002,2.22934301472309,2.1317122770864243,1.8292288911989587,1.31273964873682,0.571923982415391,2.22934301472309
4.066666666666666,1.473,2.225144034578062,2.12739765974294,1.8249481814399477,1.30933076543411,0.5703621799700846,2.225144034578062
4.083333333333333,1.4720000000000002,2.2209339950821363,2.123078268565922,1.8206749355437248,1.3059347080672863,0.5688055671857546,2.2209339950821363
4.1,1.471,2.2167131326559124,2.1187542644313124,1.8164091700451257,1.3025513657227428,0.5672544390021308,2.2167131326559124
4.116666666666666,1.4700000000000002,2.212481695198883,2.11442581695451,1.812150894011661,1.2991806314376309,0.5657089712317629,2.212481695198883
4.133333333333334,1.469,2.208239938886334,2.110093100162188,1.807900110708501,1.2958224007534531,0.5641692762498525,2.208239938886334
4.15,1.4680000000000002,2.2039881246895665,2.1057562899886344,1.8036568192449391,1.292476569420392,0.562635427390904,2.2039881246895665
4.166666666666667,1.467,2.1997265157002532,2.1014155627297306,1.7994210158116817,1.2891430323451905,0.5611074713306512,2.1997265157002532
4.183333333333334,1.4660000000000002,2.1954553752646047,2.097071094063865,1.795192694548499,1.285821683504921,0.5595854353660054,2.1954553752646047
4.2,1.465,2.1911749657325843,2.0927230584278895,1.7909718481494679,1.2825124163239556,0.5580693322206404,2.1911749657325843
4.216666666666667,1.4640000000000002,2.1868855476361757,2.0883716286211365,1.7867584682910604,1.279215124188195,0.5565591634577851,2.1868855476361757
4.233333333333333,1.463,2.1825873791571424,2.0840169755573674,1.782552545939194,1.2759297009354849,0.5550549220021097,2.1825873791571424
4.25,1.4620000000000002,2.178280715787396,2.0796592681129544,1.778354071571206,1.2726560412596761,0.5535565940411985,2.178280715787396
4.266666666666667,1.461,2.17396581011665,2.0752986730375698,1.774163035336673,1.2693940410153195,0.5520641604744446,2.17396581011665
4.283333333333333,1.46,2.1696429117039817,2.070935354905414,1.7699794271738098,1.266143597431576,0.5505775980244153,2.1696429117039817
4.3,1.459,2.165312267004599,2.066569476092673,1.765803236893625,1.2629046092513243,0.5490968800940482,2.165312267004599
4.316666666666666,1.4580000000000002,2.160974119332918,2.0622011967719223,1.761634454240839,1.259676976812245,0.5476219774316508,2.160974119332918
4.333333333333333,1.457,2.1566287088495,2.0578306749174926,1.7574730689382363,1.2564606020847866,0.5461528586502256,2.1566287088495
4.35,1.456,2.152276272563677,2.053458066317922,1.7533190707193353,1.2532553886792102,0.544689490636128,2.152276272563677
4.366666666666666,1.455,2.147917044346458,2.0490835245930072,1.7491724493529026,1.2500612418312247,0.5432318388734011,2.147917044346458
4.383333333333334,1.4540000000000002,2.1435512549501827,2.0447072012138556,1.7450331946618043,1.2468780683733969,0.5417798677035944,2.1435512549501827
4.4,1.453,2.139179132032561,2.0403292455248723,1.7409012965379262,1.2437057766976092,0.5403335405359699,2.139179132032561
4.416666666666667,1.452,2.13480090018357,2.0359498047670197,1.736776744954335,1.2405442767123716,0.538892820019298,2.13480090018357
4.433333333333334,1.451,2.1304167809541803,2.0315690241018864,1.7326595299754608,1.2373934797976502,0.5374576681837101,2.1304167809541803
4.45,1.4500000000000002,2.1260269928862283,2.027187046636268,1.7285496417658106,1.2342532987590542,0.5360280465590045,2.1260269928862283
4.466666666666667,1.449,2.121631751543002,2.0228040134470486,1.724447070597529,1.2311236477826015,0.534603916274271,2.121631751543002
4.483333333333333,1.448,2.117231269540239,2.0184200636062495,1.7203518068570096,1.228004442390851,0.5331852381425498,2.117231269540239
4.5,1.447,2.1128257565773447,2.0140353342061323,1.7162638410506776,1.224895599400864,0.5317719727333893,2.1128257565773447
4.516666666666667,1.4462333333333335,2.1084161368399204,2.0096506733586113,1.7121838266076357,1.2217975397780187,0.5303559517365629,2.1084161368399204
4.533333333333333,1.4454666666666667,2.104003322266708,2.0052669152913074,1.7081124009958573,1.218710670489879,0.5289396274139131,2.104003322266708
4.55,1.4446999999999999,2.099587517383771,2.000884190863961,1.7040495474564343,1.2156349017923829,0.5275255157052253,2.099587517383771
4.566666666666666,1.4439333333333333,2.0951689235436786,1.9965026288093681,1.699995249390858,1.2125701447530925,0.5261144738400068,2.0951689235436786
4.583333333333333,1.4431666666666667,2.090747738965984,1.9921223557644678,1.695949490363223,1.2095163094580994,0.524706971386502,2.090747738965984
4.6,1.4424,2.0863241587775443,1.9877434963011065,1.6919122541015308,1.2064733028677104,0.5233033062483214,2.0863241587775443
4.616666666666666,1.4416333333333333,2.081898375052574,1.9833661729564254,1.687883524498253,1.2034410281104402,0.5219036822524837,2.081898375052574
4.633333333333334,1.4408666666666667,2.0774705768523796,1.9789905062628863,1.683863285609526,1.2004193852823843,0.520508245127088,2.0774705768523796
4.65,1.4401000000000002,2.073040950264772,1.9746166147779363,1.6798515216511563,1.1974082728934727,0.5191171018179391,2.073040950264772
4.666666666666667,1.4393333333333334,2.0686096784431722,1.9702446151133133,1.6758482169888445,1.194407589301246,0.517730331920859,2.0686096784431722
4.683333333333334,1.4385666666666665,2.064176941645385,1.9658746219639904,1.6718533561207352,1.191417233852087,0.5163479949390772,2.064176941645385
4.7,1.4378,2.0597429172720743,1.9615067481367472,1.6678669236523693,1.1884371076804343,0.5149701351416567,2.0597429172720743
4.716666666666667,1.4370333333333334,2.055307779904919,1.9571411045783629,1.6638889042661662,1.1854671142121291,0.5135967849546164,2.055307779904919
4.733333333333333,1.4362666666666666,2.05087170134446,1.952777800403405,1.6599192826887557,1.182507159442391,0.5122279674090932,2.05087170134446
4.75,1.4355,2.046434850647638,1.9484169429215852,1.6559580436595915,1.179557152054206,0.5108636979586638,2.046434850647638
4.766666666666667,1.4347333333333334,2.041997394165007,1.9440586376646225,1.6520051719036366,1.176617003429509,0.5095039858602879,2.041997394165007
4.783333333333333,1.4339666666666666,2.037559495577632,1.939702988412567,1.64806065210992,1.173686627591823,0.5081488352447763,2.037559495577632
4.8,1.4332,2.0331213159336707,1.9353500972195097,1.6441244689167887,1.1707659411076152,0.5067982459609466,2.0331213159336707
4.816666666666666,1.4324333333333332,2.0286830136846175,1.9310000644386327,1.6401966069038791,1.1678548629650094,0.5054522142513326,2.0286830136846175
4.833333333333333,1.4316666666666666,2.024244744721221,1.9266529887465533,1.636277050590263,1.1649533144422608,0.5041107333002004,2.024244744721221
4.85,1.4308999999999998,2.019806662409057,1.922308967166948,1.6323657844378967,1.1620612189740362,0.5027737936831812,2.019806662409057
4.866666666666666,1.4301333333333333,2.0153689176237486,1.917968095093464,1.6284627928593647,1.1591785020205339,0.501441383740007,2.0153689176237486
4.883333333333334,1.4293666666666667,2.0109316587858332,1.9136304663119472,1.6245680602288752,1.1563050909424488,0.5001134898863635,2.0109316587858332
4.9,1.4286,2.006495031895235,1.9092961730220344,1.6206815708955475,1.1534409148834266,0.4987900968769746,2.006495031895235
4.916666666666667,1.4278333333333333,2.0020591805653645,1.9049653058581826,1.6168033091981338,1.1505859046607676,0.4974711880292099,2.0020591805653645
4.933333333333334,1.4270666666666665,1.9976242460567892,1.9006379539101996,1.6129332594804633,1.1477399926645662,0.49615674541442756,1.9976242460567892
4.95,1.4263,1.9931903673104965,1.8963142047433632,1.6090714061070193,1.1449031127651055,0.49484675002271894,1.9931903673104965
4.966666666666667,1.4255333333333333,1.9887576809806973,1.8919941444181951,1.6052177334781987,1.1420752002281327,0.4935411819055458,1.9887576809806973
4.983333333333333,1.4247666666666665,1.9843263214671791,1.8876778575099733,1.6013722260449073,1.1392561916375081,0.4922400202998671,1.9843263214671791
5.0,1.424,1.9798964209471919,1.8833654271280342,1.5975348683222501,1.1364460248246697,0.49094324373666415,1.9798964209471919
5.016666666666667,1.4230999999999998,1.975467691357935,1.8790565283098852,1.593705283727188,1.1336443747089424,0.4896552504805313,1.975467691357935
5.033333333333333,1.4222,1.9710398499001986,1.874750842761511,1.5898831046516797,1.1308509248711367,0.48837466170710514,1.9710398499001986
5.05,1.4213,1.9666130231435073,1.8704484514301098,1.586068320220717,1.128065621227249,0.48710006530132594,1.9666130231435073
5.066666666666666,1.4203999999999999,1.96218733569515,1.8661494339601234,1.5822609196523805,1.1252884109277814,0.4858309505952653,1.96218733569515
5.083333333333333,1.4195,1.9577629102259457,1.8618538687096606,1.5784608922658274,1.1225192432714792,0.48456701722474504,1.9577629102259457
5.1,1.4185999999999999,1.9533398674955955,1.85756183276695,1.574668227488186,1.1197580708006623,0.48330805779027397,1.9533398674955955
5.116666666666666,1.4177,1.9489183263776548,1.8532734019668335,1.5708829148604546,1.1170048496132838,0.48205391576131107,1.9489183263776548
5.133333333333334,1.4168,1.9444984038841389,1.8489886509072853,1.5671049440429043,1.1142595388697445,0.4808044659908282,1.9444984038841389
5.15,1.4159,1.9400802151897816,1.8447076529659514,1.563334304821142,1.1115220999628235,0.4795596042776577,1.9400802151897816
5.166666666666667,1.415,1.9356638736559533,1.8404304803166966,1.559570987114387,1.108792495704114,0.4783192412069454,1.9356638736559533
5.183333333333334,1.4141,1.9312494908542663,1.8361572039461396,1.5558149809870656,1.1060706896743617,0.4770832982535529,1.9312494908542663
5.2,1.4131999999999998,1.9268371765898762,1.8318878936701677,1.5520662766636697,1.1033566457617223,0.4758517051840259,1.9268371765898762
5.216666666666667,1.4123,1.9224270389244977,1.8276226181504154,1.5483248645456738,1.1006503278615511,0.4746243982514896,1.9224270389244977
5.233333333333333,1.4114,1.9180191841991532,1.8233614449106998,1.544590735228708,1.0979516996989744,0.4734013188990827,1.9180191841991532
5.25,1.4104999999999999,1.9136137170566665,1.819104440353418,1.5408638795181435,1.0952607247384762,0.47218241280279005,1.9136137170566665
5.266666666666667,1.4096,1.9092107404639214,1.814851669775916,1.5371442884416622,1.092577366152153,0.4709676291483877,1.9092107404639214
5.283333333333333,1.4086999999999998,1.9048103557338871,1.8106031973868473,1.5334319532579415,1.0899015868257877,0.46975692007442627,1.9048103557338871
5.3,1.4078,1.9004126625474385,1.8063590863225418,1.529726865461118,1.0872333493880486,0.468550240235801,1.9004126625474385
5.316666666666666,1.4069,1.8960177589749705,1.8021193986634012,1.5260290167811448,1.084572616252781,0.4673475464567125,1.8960177589749705
5.333333333333333,1.406,1.8916257414978177,1.7978841954503249,1.5223383991804322,1.081919349667698,0.4661487974510891,1.8916257414978177
5.35,1.4051,1.8872367050294934,1.7936535367011706,1.5186550048473406,1.0792735117651284,0.46495395359473013,1.8872367050294934
5.366666666666666,1.4042,1.882850742936759,1.789427481427221,1.5149788261871429,1.0766350646120741,0.46376297673766087,1.882850742936759
5.383333333333334,1.4033,1.8784679470605217,1.7852060876496378,1.5113098558110853,1.0740039702579383,0.462575830048142,1.8784679470605217
5.4,1.4024,1.8740884077365885,1.7809894124158596,1.507648086524113,1.07138019077899,0.46139247788188037,1.8740884077365885
5.416666666666667,1.4015,1.8697122138162643,1.776777511815899,1.5039935113117602,1.0687636883191236,0.4602128856715065,1.8697122138162643
5.433333333333334,1.4005999999999998,1.8653394526868272,1.7725704409984937,1.5003461233266258,1.0661544251267698,0.45903701983250134,1.8653394526868272
5.45,1.3997,1.8609702102918624,1.7683682541870618,1.496705915874773,1.0635523635880082,0.45786484768258684,1.8609702102918624
5.466666666666667,1.3988,1.8566045711514885,1.764171004695417,1.4930728824023172,1.0609574662560524,0.4566963373722213,1.8566045711514885
5.483333333333333,1.3979,1.8522426183824576,1.7599787449432056,1.489447016482402,1.058369695877337,0.4555314578243195,1.8522426183824576
5.5,1.397,1.847884433718151,1.7557915264710253,1.4858283118027131,1.0557890154144678,0.4543701786816847,1.847884433718151
5.516666666666667,1.3962333333333334,1.8435305163492606,1.7516098021452047,1.4822171093397618,1.0532156353809476,0.4532082358891059,1.8435305163492606
5.533333333333333,1.3954666666666666,1.8391813555206729,1.7474340152015717,1.4786137415524827,1.050649759680123,0.4520469002975833,1.8391813555206729
5.55,1.3946999999999998,1.834837026360523,1.7432642114042587,1.4750181981229624,1.048091347904133,0.4508874741338533,1.834837026360523
5.566666666666666,1.3939333333333332,1.8304976026076578,1.7391004356426918,1.471430468813852,1.0455403596975303,0.44973039620143573,1.8304976026076578
5.583333333333333,1.3931666666666667,1.8261631566335272,1.7349427319464246,1.4678505434592888,1.0429967538378289,0.4485759040728686,1.8261631566335272
5.6,1.3924,1.8218337594638803,1.7307911434995429,1.4642784119565326,1.0404604871748457,0.447424146529304,1.8218337594638803
5.616666666666666,1.3916333333333335,1.8175094808002532,1.7266457126546517,1.4607140642582004,1.0379315143453085,0.4462752239087609,1.8175094808002532
5.633333333333334,1.3908666666666667,1.8131903890412264,1.7225064809464476,1.4571574903645836,1.0354097882502598,0.44512920679029244,1.8131903890412264
5.65,1.3901000000000001,1.8088765513034508,1.7183734891048994,1.4536086803148869,1.0328952608354856,0.44398614600820424,1.8088765513034508
5.666666666666667,1.3893333333333333,1.8045680334424214,1.714246777068043,1.4500676241758717,1.030387883841981,0.4428460785661531,1.8045680334424214
5.683333333333334,1.3885666666666667,1.800264900072994,1.7101263839944132,1.446534312026976,1.0278876093932525,0.4417090313818897,1.800264900072994
5.7,1.3878000000000001,1.7959672145896248,1.706012348275125,1.4430087339421593,1.0253943904019118,0.4405750237866886,1.7959672145896248
5.716666666666667,1.3870333333333333,1.7916750391863325,1.7019047075456135,1.4394908799698256,1.022908180823634,0.43944406926399243,1.7916750391863325
5.733333333333333,1.3862666666666668,1.7873884348763651,1.6978034986970394,1.4359807401127038,1.020428935796632,0.43831617669982353,1.7873884348763651
5.75,1.3855000000000002,1.7831074615115654,1.693708757887356,1.43247830430948,1.0179566117010435,0.4371913513070897,1.7831074615115654
5.766666666666667,1.3847333333333334,1.7788321778014282,1.6896205205520198,1.42898356241953,1.0154911661650883,0.436069595324733,1.7788321778014282
5.783333333333333,1.3839666666666668,1.7745626413318425,1.685538821414334,1.4254965042115146,1.013032558037562,0.434950908557009,1.7745626413318425
5.8,1.3832,1.770298908583513,1.681463694495395,1.4220171193560742,1.010580747340295,0.4338352887965105,1.770298908583513
5.816666666666666,1.3824333333333334,1.7660410349500555,1.677395173123641,1.4185453974224471,1.0081356952098068,0.4327227321608781,1.7660410349500555
5.833333333333333,1.3816666666666668,1.7617890747557636,1.6733332899439888,1.4150813278785712,1.0056973638342441,0.4316132333642654,1.7617890747557636
5.85,1.3809000000000002,1.7575430812730424,1.669278076926579,1.411624900094103,1.0032657163894934,0.4305067859386855,1.7575430812730424
5.866666666666666,1.3801333333333337,1.753303106739501,1.665229565375143,1.408176103345729,1.0008407169768851,0.42940338241631265,1.753303106739501
5.883333333333334,1.3793666666666669,1.7490692023747099,1.6611877859350384,1.4047349268241767,0.9984223305639042,0.4283030144809777,1.7490692023747099
5.9,1.3786,1.7448414183966023,1.6571527686009837,1.4013013596423884,0.9960105229286531,0.42720567309507923,1.7448414183966023
5.916666666666667,1.3778333333333335,1.7406198040375314,1.6531245427245542,1.3978753908443917,0.9936052606084045,0.4261113486066696,1.7406198040375314
5.933333333333334,1.3770666666666669,1.7364044075599667,1.6491031370214793,1.39445700941449,0.9912065108522872,0.42502003084040907,1.7364044075599667
5.95,1.3763000000000003,1.732195276271836,1.6450885795788,1.3910462042864677,0.9888142415779978,0.4239317091752726,1.732195276271836
5.966666666666667,1.3755333333333335,1.7279924565415001,1.6410808978619276,1.3876429643525827,0.9864284213323247,0.4228463726113008,1.7279924565415001
5.983333333333333,1.374766666666667,1.7237959938123726,1.6370801187216488,1.3842472784721715,0.9840490192552234,0.42176400982721685,1.7237959938123726
6.0,1.374,1.7196059326171762,1.6330862684011085,1.3808591354797528,0.9816760050471578,0.4206846092303837,1.7196059326171762
6.016666666666667,1.3734000000000002,1.7154228278310268,1.6290998596932904,1.3774789371629477,0.9793096379805493,0.419603099665015,1.7154228278310268
6.033333333333333,1.3728000000000002,1.7112472215785652,1.6251213931049957,1.3741070746136992,0.9769501698392993,0.41852102958873894,1.7112472215785652
6.05,1.3722,1.7070791505956215,1.6211508876369574,1.370743530885075,0.9745975670511267,0.41743997801581656,1.7070791505956215
6.066666666666666,1.3716000000000002,1.7029186507059557,1.6171883616803568,1.3673882890520102,0.97225179622378,0.4163604904610346,1.7029186507059557
6.083333333333333,1.3710000000000002,1.6987657568359196,1.6132338330254274,1.3640413322162543,0.9699128230367402,0.4152828710712649,1.6987657568359196
6.1,1.3704000000000003,1.6946205030287809,1.6092873188700896,1.3607026435107006,0.9675806109835243,0.4142073171517374,1.6946205030287809
6.116666666666666,1.3698000000000001,1.6904829224587115,1.6053488358286172,1.3573722061029994,0.9652551210294041,0.41313396746147507,1.6904829224587115
6.133333333333334,1.3692000000000002,1.68635304744447,1.6014183999403269,1.3540500031979092,0.9629363121576104,0.4120629245949595,1.68635304744447
6.15,1.3686000000000003,1.6822309094627883,1.5974960266782858,1.3507360180370471,0.9606241422632482,0.41099426699188635,1.6822309094627883
6.166666666666667,1.368,1.6781165391614856,1.5935817309580251,1.3474302338943538,0.9583185690081246,0.4099280560407229,1.6781165391614856
6.183333333333334,1.3674000000000002,1.6740099663723267,1.5896755271462502,1.3441326340663409,0.9560195504839206,0.4088643405853883,1.6740099663723267
6.2,1.3668000000000002,1.669911220123636,1.5857774290695317,1.3408432018576317,0.9537270456653145,0.40780315994035043,1.669911220123636
6.216666666666667,1.3662000000000003,1.6658203286526965,1.5818874500229618,1.3375619205635834,0.9514410146868966,0.406744545993791,1.6658203286526965
6.233333333333333,1.3656000000000001,1.6617373194179332,1.5780056027787448,1.3342887734523214,0.9491614189888179,0.405688524724969,1.6617373194179332
6.25,1.3650000000000002,1.6576622191109052,1.5741318995946851,1.331023743748362,0.9468882213713319,0.40463511732984875,1.6576622191109052
6.266666666666667,1.3644,1.6535950536681165,1.5702663522225295,1.3277668146194155,0.9446213859894188,0.4035843410758707,1.6535950536681165
6.283333333333333,1.3638000000000001,1.6495358482826579,1.5664089719161067,1.3245179691672557,0.9423608783100788,0.40253620996409806,1.6495358482826579
6.3,1.3632000000000002,1.6454846274156805,1.5625597694392233,1.3212771904229121,0.9401066650479546,0.4014907352510206,1.6454846274156805
6.316666666666666,1.3626,1.6414414148077239,1.5587187550732735,1.3180444613459685,0.9378587140898209,0.4004479258659544,1.6414414148077239
6.333333333333333,1.362,1.6374062334898905,1.554885938624543,1.3148197648274584,0.9356169944148209,0.39940778874933247,1.6374062334898905
6.35,1.3614000000000002,1.6333791057948752,1.5510613294312026,1.311603083695698,0.9333814760148219,0.39837032913008175,1.6333791057948752
6.366666666666666,1.3608000000000002,1.62936005336785,1.5472449363699996,1.3083944007243562,0.9311521298175435,0.3973355507554156,1.62936005336785
6.383333333333334,1.3602,1.6253490971771984,1.5434367678626844,1.3051936986420996,0.9289289276139765,0.39630345608297357,1.6253490971771984
6.4,1.3596000000000001,1.6213462575250994,1.5396368318822007,1.302000960143217,0.9267118419908607,0.39527404644282066,1.6213462575250994
6.416666666666667,1.3590000000000002,1.6173515540579502,1.535845135958691,1.2988161678987213,0.924500846268505,0.39424732217506675,1.6173515540579502
6.433333333333334,1.3584,1.6133650057766253,1.5320616871853676,1.2956393045675265,0.9222959144439355,0.3932232827475728,1.6133650057766253
6.45,1.3578000000000001,1.6093866310465623,1.5282864922242894,1.2924703528073813,0.9200970211391681,0.3922019268572554,1.6093866310465623
6.466666666666667,1.3572000000000002,1.6054164476076682,1.524519557312098,1.2893092952853287,0.9179041415543034,0.3911832525177704,1.6054164476076682
6.483333333333333,1.3566000000000003,1.6014544725840407,1.5207608882657448,1.2861561146875233,0.9157172514250902,0.39016725713580014,1.6014544725840407
6.5,1.356,1.5975007224935067,1.5170104904882438,1.2830107937283002,0.9135363269845812,0.3891539375777463,1.5975007224935067
6.516666666666667,1.3553666666666666,1.5935551155608718,1.5132682763201986,1.2798732374861235,0.911361291090269,0.3881442543184765,1.5935551155608718
6.533333333333333,1.3547333333333336,1.589617571844435,1.5095341600402685,1.2767433531313994,0.9091920684991087,0.38713790431194783,1.589617571844435
6.55,1.3541,1.585688107306545,1.5058081470540081,1.2736211246471343,0.9070286376034078,0.3861345797555236,1.585688107306545
6.566666666666666,1.3534666666666668,1.5817667373437967,1.5020902423779,1.2705065360676753,0.9048709772232557,0.38513416963378627,1.5817667373437967
6.583333333333333,1.3528333333333333,1.5778534767954,1.498380450645284,1.2673995714837227,0.9027190667780385,0.38413660862358534,1.5778534767954
6.6,1.3522,1.573948339951391,1.494678776112378,1.2643002150466063,0.9005728864918374,0.38314185147218466,1.573948339951391
6.616666666666666,1.3515666666666668,1.5700513405607042,1.4909852226643694,1.261208450971903,0.898432417438378,0.38214986382135124,1.5700513405607042
6.633333333333334,1.3509333333333333,1.5661624918391162,1.4872997938215793,1.2581242635425527,0.8962976414255215,0.38116061797045614,1.5661624918391162
6.65,1.3503,1.5622818064770683,1.4836224927456794,1.2550476371117802,0.8941685408158115,0.38017409061436164,1.5622818064770683
6.666666666666667,1.3496666666666668,1.5584092966473846,1.4799533222459538,1.251978556106196,0.8920450983539132,0.37919026151401924,1.5584092966473846
6.683333333333334,1.3490333333333333,1.5545449740128954,1.4762922847855888,1.2489170050293046,0.8899272970295378,0.3782091126597146,1.5545449740128954
6.7,1.3484,1.5506888497339717,1.4726393824879778,1.2458629684653832,0.8878151199797104,0.3772306277164871,1.5506888497339717
6.716666666666667,1.3477666666666668,1.5468409344759904,1.4689946171430326,1.2428164310834529,0.8857085504244131,0.3762547916414539,1.5468409344759904
6.733333333333333,1.3471333333333333,1.5430012384167302,1.4653579902134855,1.2397773776409657,0.8836075716274123,0.3752815904110775,1.5430012384167302
6.75,1.3465,1.5391697712537096,1.4617295028411808,1.2367457929868497,0.8815121668748636,0.374311010821567,1.5391697712537096
6.766666666666667,1.3458666666666668,1.5353465422114738,1.4581091558533454,1.2337216620636653,0.8794223194658832,0.3733430403395337,1.5353465422114738
6.783333333333333,1.3452333333333333,1.531531560048835,1.4544969497688405,1.2307049699087507,0.8773380127108475,0.372377666988133,1.531531560048835
6.8,1.3446,1.5277248330660735,1.4508928848043865,1.2276957016543397,0.8752592299344459,0.37141487925884775,1.5277248330660735
6.816666666666666,1.3439666666666668,1.5239263691120974,1.4472969608807635,1.2246938425267322,0.8731859544814684,0.3704546660421763,1.5239263691120974
6.833333333333333,1.3433333333333333,1.520136175591567,1.4437091776289792,1.2216993778446372,0.8711181697239854,0.36949701657250017,1.520136175591567
6.85,1.3427,1.5163542594719908,1.4401295343963931,1.2187122930168353,0.869055859069048,0.36854192038374706,1.5163542594719908
6.866666666666666,1.3420666666666667,1.512580627290783,1.436558030252799,1.2157325735393174,0.8669990059663633,0.3675893672733883,1.512580627290783
6.883333333333334,1.3414333333333333,1.508815285162295,1.4329946639964404,1.2127602049920383,0.8649475939156143,0.3666393472729431,1.508815285162295
6.9,1.3408,1.5050582387848142,1.4294394341599577,1.209795173035417,0.8629016064732381,0.3656918506236172,1.5050582387848142
6.916666666666667,1.3401666666666665,1.5013094934475333,1.425892339016249,1.206837463406691,0.8608610272585722,0.3647468677560368,1.5013094934475333
6.933333333333334,1.3395333333333335,1.4975690540374884,1.4223533765842327,1.2038870619162103,0.8588258399593351,0.3638043892732687,1.4975690540374884
6.95,1.3389,1.493836925046467,1.4188225446345033,1.2009439544437503,0.8567960283364526,0.36286440593650604,1.493836925046467
6.966666666666667,1.3382666666666665,1.4901131105778813,1.4152998406948685,1.198008126934886,0.8547715762282542,0.36192690865292576,1.4901131105778813
6.983333333333333,1.3376333333333335,1.4863976143536088,1.4117852620557594,1.1950795653974784,0.8527524675540836,0.36099188846533115,1.4863976143536088
7.0,1.337,1.4826904397207947,1.4082788057755091,1.1921582558982957,0.8507386863173734,0.36005933654326616,1.4826904397207947
7.016666666666667,1.3364666666666667,1.4789918682784187,1.4047807321922474,1.1892444040398649,0.8487303678686975,0.3591264813153368,1.4789918682784187
7.033333333333333,1.3359333333333332,1.4753021740745504,1.4012912945511788,1.1863382096164923,0.846727643514038,0.3581941755462424,1.4753021740745504
7.05,1.3354,1.4716213555119377,1.3978104854908144,1.1834396555276634,0.8447304950864749,0.3572632807837333,1.4716213555119377
7.066666666666666,1.3348666666666666,1.4679494106456168,1.3943382974425376,1.1805487247336344,0.8427389043786518,0.3563340930727321,1.4679494106456168
7.083333333333333,1.3343333333333334,1.464286337189978,1.3908747226354845,1.177665400252811,0.8407528526257246,0.3554067766133552,1.464286337189978
7.1,1.3337999999999999,1.4606321325257503,1.3874197531012802,1.1747896651592904,0.8387723198912227,0.35448143736006976,1.4606321325257503
7.116666666666666,1.3332666666666666,1.4569867937069068,1.3839733806786314,1.1719215025804979,0.8367972848830129,0.35355814942290875,1.4569867937069068
7.133333333333334,1.3327333333333333,1.4533503174674807,1.3805355970177775,1.1690608956946114,0.8348277252111737,0.35263696729037225,1.4533503174674807
7.15,1.3322,1.4497227002282969,1.3771063935848114,1.1662078277270804,0.8328636178297899,0.35171793238011867,1.4497227002282969
7.166666666666667,1.3316666666666666,1.446103938103601,1.3736857616658684,1.1633622819453602,0.8309049394682091,0.35080107690803636,1.446103938103601
7.183333333333334,1.3311333333333333,1.442494026907596,1.3702736923711942,1.1605242416513772,0.828951666971145,0.3498864263388604,1.442494026907596
7.2,1.3306,1.4388929621608737,1.3668701766390883,1.1576936901719612,0.8270037775351163,0.34897400102270104,1.4388929621608737
7.216666666666667,1.3300666666666667,1.4353007390967418,1.3634752052397308,1.154870610848119,0.8250612488563528,0.34806381733429753,1.4353007390967418
7.233333333333333,1.3295333333333332,1.4317173526674438,1.360088768778884,1.1520549870243,0.8231240592119105,0.34715588849316953,1.4317173526674438
7.25,1.329,1.428142797550267,1.3567108577014628,1.1492468020387139,0.8211921874939145,0.34625022517062304,1.428142797550267
7.266666666666667,1.3284666666666667,1.4245770681535423,1.3533414622949558,1.1464460392154736,0.8192656132126201,0.34534683594957666,1.4245770681535423
7.283333333333333,1.3279333333333332,1.4210201586225273,1.349980572692684,1.143652681858978,0.8173443164797697,0.3444457276798629,1.4210201586225273
7.3,1.3274,1.4174720628451762,1.3466281788768801,1.1408667132506292,0.8154282779802755,0.3435469057574965,1.4174720628451762
7.316666666666666,1.3268666666666666,1.4139327744577945,1.343284270681579,1.1380881166477572,0.813517478937672,0.34265037434747037,1.4139327744577945
7.333333333333333,1.3263333333333334,1.4104022868505754,1.3399488377953166,1.1353168752844636,0.8116119010769256,0.3417561365638397,1.4104022868505754
7.35,1.3257999999999999,1.406880593173017,1.3366218697636412,1.1325529723740426,0.8097115265868995,0.34086419461697903,1.406880593173017
7.366666666666666,1.3252666666666666,1.403367686339218,1.3333033559914558,1.129796391112603,0.807816338083896,0.33997454993524623,1.403367686339218
7.383333333333334,1.3247333333333333,1.3998635590330484,1.3299932857452077,1.127047114683554,0.8059263185770962,0.3390872032664371,1.3998635590330484
7.4,1.3242,1.3963682037131937,1.3266916481549544,1.1243051262626353,0.804041451436339,0.338202154763097,1.3963682037131937
7.416666666666667,1.3236666666666665,1.392881612618066,1.3233984322163306,1.121570409023239,0.8021617203624176,0.3373194040548047,1.392881612618066
7.433333333333334,1.3231333333333333,1.389403777770582,1.3201136267924518,1.1188429461418101,0.8002871093599143,0.3364389503098375,1.389403777770582
7.45,1.3226,1.3859346909828045,1.3168372206157744,1.1161227208031632,0.7984176027124975,0.3355607922881131,1.3859346909828045
7.466666666666667,1.3220666666666667,1.3824743438604428,1.3135692022899408,1.1134097162055883,0.7965531849605448,0.334684928386902,1.3824743438604428
7.483333333333333,1.3215333333333332,1.3790227278072176,1.3103095602916333,1.1107039155656677,0.794693840880928,0.33381135668050715,1.3790227278072176
7.5,1.321,1.3755798340290843,1.3070582829724495,1.1080053021227378,0.7928395554687839,0.3329400749548764,1.3755798340290843
7.516666666666667,1.3206666666666667,1.3721461770562005,1.3038158529135404,1.1053142694096767,0.790990595799038,0.3320658114900941,1.3721461770562005
7.533333333333333,1.3203333333333334,1.3687222569726827,1.300582739039688,1.102631199618314,0.7891472212522073,0.33119021911299745,1.3687222569726827
7.55,1.32,1.365308056063889,1.2973589213480867,1.0999560692495758,0.7873094125825972,0.3303149562807316,1.365308056063889
7.566666666666666,1.3196666666666665,1.3619035564580197,1.2941443797481027,1.0972888548772541,0.785477150493994,0.32944060062950914,1.3619035564580197
7.583333333333333,1.3193333333333332,1.3585087401302052,1.290939094063702,1.0946295331503348,0.7836504147464263,0.32856747762603317,1.3585087401302052
7.6,1.319,1.355123588906474,1.2877430440359232,1.09197808079495,0.7818291830571158,0.3276958011999773,1.355123588906474
7.616666666666666,1.3186666666666667,1.3517480844676053,1.2845562093253875,1.0893344746158795,0.7800134307243987,0.32682572419418277,1.3517480844676053
7.633333333333334,1.3183333333333334,1.3483822083528736,1.281378569514844,1.0866986914971315,0.7782031310377526,0.3259573617258388,1.3483822083528736
7.65,1.3179999999999998,1.3450259419637018,1.2782101041117433,1.0840707084004575,0.7763982560357412,0.32509080371079685,1.3450259419637018
7.666666666666667,1.3176666666666665,1.3416792665672235,1.2750507925508274,1.0814505023603411,0.7745987772634801,0.32422612226457953,1.3416792665672235
7.683333333333334,1.3173333333333335,1.3383421632997654,1.2719006141967388,1.078838050474609,0.7728046663781131,0.3233633763932302,1.3383421632997654
7.7,1.317,1.33501461317026,1.2687595483466243,1.0762333298910791,0.7710158955738029,0.3225026151285268,1.33501461317026
7.716666666666667,1.3166666666666667,1.3316965970635934,1.2656275742327354,1.0736363177917578,0.7692324378497447,0.32164387971276465,1.3316965970635934
7.733333333333333,1.3163333333333331,1.328388095743894,1.2625046710249896,1.0710469913766103,0.7674542671584161,0.3207872051734658,1.328388095743894
7.75,1.316,1.3250890898577694,1.2593908178334685,1.068465327848794,0.7656813584690934,0.31993262149043694,1.3250890898577694
7.766666666666667,1.3156666666666668,1.3217995599374974,1.2562859937108155,1.065891304402752,0.7639136877746304,0.3190801544812059,1.3217995599374974
7.783333333333333,1.3153333333333332,1.31851948640417,1.2531901776544867,1.0633248982159396,0.7621512320621808,0.3182298264863457,1.31851948640417
7.8,1.315,1.3152488495708,1.2501033486088229,1.0607660864444024,0.7603939692624317,0.3173816569091349,1.3152488495708
7.816666666666666,1.3146666666666667,1.3119876296453863,1.2470254854669065,1.0582148462220138,0.7586418781872887,0.31653566264695454,1.3119876296453863
7.833333333333333,1.3143333333333334,1.3087358067339425,1.2439565670721975,1.0556711546629067,0.7568949384625968,0.3156918584407316,1.3087358067339425
7.85,1.314,1.3054933608434782,1.2408965722199414,1.0531349888665207,0.7551531304601417,0.3148502571613391,1.3054933608434782
7.866666666666666,1.3136666666666665,1.302260271884946,1.2378454796583718,1.0506063259246263,0.7534164352315587,0.3140108700467961,1.302260271884946
7.883333333333334,1.3133333333333335,1.2990365196761273,1.2348032680897292,1.0480851429297462,0.751684834445696,0.3131737069005787,1.2990365196761273
7.9,1.313,1.2958220839444652,1.231769916171141,1.0455714169844317,0.7499583103302514,0.3123387762588295,1.2958220839444652
7.916666666666667,1.3126666666666666,1.2926169443298368,1.2287454025154,1.0430651252109568,0.7482368456180353,0.31150608553243614,1.2926169443298368
7.933333333333334,1.3123333333333334,1.2894210803872448,1.2257297056916863,1.0405662447610635,0.7465204234979088,0.31067564112860563,1.2894210803872448
7.95,1.312,1.286234471589434,1.2227228042262777,1.0380747528254815,0.7448090275702652,0.3098474485555649,1.286234471589434
7.966666666666667,1.3116666666666668,1.2830570973294217,1.219724676603286,1.0355906266430142,0.7431026418068103,0.3090215125132621,1.2830570973294217
7.983333333333333,1.3113333333333332,1.2798889369229318,1.2167353012654487,1.0331138435090446,0.7414012505143447,0.30819783697236963,1.2798889369229318
8.0,1.311,1.2767299696107421,1.2137546566150077,1.030644380783369,0.7397048383022228,0.30737642524344355,1.2767299696107421
8.016666666666667,1.3106,1.2735800132823867,1.2107825688444436,1.0281820898305956,0.7380133034470907,0.3065589475030351,1.2735800132823867
8.033333333333333,1.3102,1.2704388902573238,1.2078188683647206,1.0257268256353878,0.7363265468963136,0.3057448776675627,1.2704388902573238
8.05,1.3098,1.2673065822962446,1.2048635360552837,1.0232785679592236,0.7346445554821117,0.30493369128220216,1.2673065822962446
8.066666666666666,1.3094,1.2641830710813113,1.201916552747249,1.0208372966390273,0.7329673162916004,0.3041252059836428,1.2641830710813113
8.083333333333334,1.3090000000000002,1.2610683382180004,1.1989778992248459,1.0184029915914463,0.7312948168832232,0.3033193188053645,1.2610683382180004
8.1,1.3086,1.2579623652368745,1.1960475562269832,1.015975632816477,0.729627045582933,0.30251596164870986,1.2579623652368745
8.116666666666667,1.3082,1.2548651335953078,1.1931255044489308,1.0135552004005126,0.7279639915979894,0.3017150853371915,1.2548651335953078
8.133333333333333,1.3077999999999999,1.2517766246791586,1.1902117245441062,1.0111416745189818,0.7263056449070556,0.30091665225165865,1.2517766246791586
8.15,1.3074000000000001,1.248696819804413,1.1873061971259542,1.0087350354389348,0.724651996040222,0.3001206323954262,1.248696819804413
8.166666666666666,1.307,1.2456257002188005,1.1844089027699076,1.006335263522036,0.7230030358499661,0.2993270010791822,1.2456257002188005
8.183333333333334,1.3066,1.2425632471033945,1.1815198220154177,1.0039423392282918,0.7213587553211058,0.2985357374614821,1.2425632471033945
8.2,1.3062,1.239509441574205,1.1786389353680384,1.0015562431204954,0.7197191454315781,0.2977468235794316,1.239509441574205
8.216666666666667,1.3058,1.2364642646837727,1.1757662233015558,0.9991769558690569,0.718084197059315,0.29696024367815627,1.2364642646837727
8.233333333333333,1.3054,1.2334276974227691,1.1729016662601561,0.9968044582567113,0.7164539009253907,0.296175983731518,1.2334276974227691
8.25,1.305,1.23039972072161,1.1700452446606233,0.9944387311826093,0.7148282475635661,0.29539403109019313,1.23039972072161
8.266666666666667,1.3046,1.227380315452086,1.167196938894567,0.9920797556654055,0.7132072273080621,0.29461437421739556,1.227380315452086
8.283333333333333,1.3042,1.2243694624290162,1.1643567293306822,0.9897275128451355,0.7115908302933793,0.29383700248659633,1.2243694624290162
8.3,1.3037999999999998,1.2213671424119255,1.1615245963170389,0.9873819839838174,0.7099790464617006,0.29306190602414495,1.2213671424119255
8.316666666666666,1.3034000000000001,1.2183733361067441,1.1587005201834004,0.9850431504648378,0.7083718655747794,0.2922890755850752,1.2183733361067441
8.333333333333334,1.303,1.2153880241675428,1.1558844812435731,0.9827109937912638,0.7067692772281993,0.29151850245387206,1.2153880241675428
8.35,1.3026,1.2124111871982888,1.153076459797774,0.9803854955832566,0.7051712708666154,0.2907501783643126,1.2124111871982888
8.366666666666667,1.3022,1.2094428057546356,1.1502764361350106,0.9780666375747835,0.7035778357990734,0.28998409543407794,1.2094428057546356
8.383333333333333,1.3018,1.2064828603457405,1.147484390535459,0.9757544016098141,0.7019889612138518,0.2892202461109508,1.2064828603457405
8.4,1.3014,1.2035313314361151,1.1447003032728271,0.9734487696381695,0.700404636192498,0.28845862312819653,1.2035313314361151
8.416666666666666,1.3010000000000002,1.2005881994475,1.1419241546166865,0.9711497237111717,0.6988248497228857,0.28769921946729754,1.2005881994475
8.433333333333334,1.3006,1.197653444760774,1.139155924834757,0.9688572459772121,0.6972495907112213,0.2869420283266298,1.197653444760774
8.45,1.3002,1.1947270477178895,1.1363955941951325,0.9665713186773379,0.6956788479929923,0.28618704309497756,1.1947270477178895
8.466666666666667,1.2997999999999998,1.1918089886238354,1.133643142968431,0.9642919241409278,0.6941126103428865,0.28543425732901984,1.1918089886238354
8.483333333333333,1.2994,1.1888992477486242,1.1308985514298637,0.9620190447815128,0.6925508664837432,0.2846836647340978,1.1888992477486242
8.5,1.299,1.1859978053293032,1.1281617998612061,0.9597526630927822,0.6909936050945994,0.28393525914770995,1.1859978053293032
8.516666666666667,1.2987333333333333,1.1831049405470253,1.1254331505556254,0.9574929951788522,0.6894409752794095,0.28318585579405553,1.1831049405470253
8.533333333333333,1.2984666666666667,1.1802209240904817,1.1227128578292387,0.9552402506011466,0.6878931215585089,0.2824364633132383,1.1802209240904817
8.55,1.2982,1.1773457308700166,1.1200008970464628,0.9529944079738675,0.6863500296875414,0.28168807973222226,1.1773457308700166
8.566666666666666,1.2979333333333332,1.1744793357988625,1.1172972436123536,0.950755446001211,0.6848116853289414,0.28094104903610634,1.1744793357988625
8.583333333333334,1.2976666666666665,1.1716217137952167,1.1146018729740004,0.9485233434743459,0.6832780736835526,0.28019556295425374,1.1716217137952167
8.6,1.2973999999999999,1.1687728397843062,1.1119147606218158,0.9462980792686133,0.6817491789631278,0.2794517460448198,1.1687728397843062
8.616666666666667,1.2971333333333332,1.1659326887004366,1.10923588209072,0.9440796323409084,0.68022498413987,0.2787096861857444,1.1659326887004366
8.633333333333333,1.2968666666666666,1.163101235489016,1.1065652129612311,0.941867981727043,0.6787054710778524,0.2779694486759461,1.163101235489016
8.65,1.2966,1.160278455108552,1.1039027288604597,0.9396631065386041,0.677190620872222,0.2772310837840488,1.160278455108552
8.666666666666666,1.2963333333333333,1.1574643225326178,1.1012484054630174,0.9374649859586149,0.6756804142225856,0.27649463120162554,1.1574643225326178
8.683333333333334,1.2960666666666667,1.1546588127517734,1.0986022184918434,0.9352735992354941,0.674174831751023,0.2757601228603712,1.1546588127517734
8.7,1.2957999999999998,1.151861900775455,1.0959641437189536,0.9330889256753157,0.6726738542382567,0.2750275848110785,1.151861900775455
8.716666666666667,1.2955333333333332,1.1490735616338084,1.0933341569661148,0.9309109446329253,0.6711774627823455,0.2742970385300372,1.1490735616338084
8.733333333333333,1.2952666666666666,1.1462937703794784,1.0907122341054474,0.9287396355027713,0.6696856388949733,0.27356850185834886,1.1462937703794784
8.75,1.295,1.143522502089346,1.0880983510599433,0.9265749777103285,0.6681983645516049,0.27284198969628304,1.143522502089346
8.766666666666667,1.2947333333333333,1.1407597318662073,1.0854924838038986,0.9244169507048281,0.6667156222094321,0.27211751452865374,1.1407597318662073
8.783333333333333,1.2944666666666667,1.1380054348404,1.082894608363246,0.9222655339537253,0.6652373948038854,0.2713950868303145,1.1380054348404
8.8,1.2942,1.1352595861713701,1.0803047008157725,0.920120706939089,0.6637636657315823,0.2706747153845391,1.1352595861713701
8.816666666666666,1.2939333333333332,1.132522161049176,1.0777227372912197,0.9179824491558759,0.662294418825268,0.26995640753677336,1.132522161049176
8.833333333333334,1.2936666666666665,1.129793134695937,1.075148693971259,0.9158507401119136,0.6608296383245484,0.2692401693995564,1.129793134695937
8.85,1.2933999999999999,1.127072482367214,1.0725825470893429,0.9137255593293298,0.6593693088449608,0.2685260060199572,1.127072482367214
8.866666666666667,1.2931333333333332,1.1243601793533273,1.0700242729304503,0.9116068863471358,0.6579134153470252,0.2678139215178172,1.1243601793533273
8.883333333333333,1.2928666666666666,1.1216562009806084,1.0674738478307293,0.9094947007246704,0.6564619431063112,0.26710391920096976,1.1216562009806084
8.9,1.2926,1.1189605226125798,1.064931248177067,0.9073889820456361,0.6550148776851237,0.26639600166208877,1.1189605226125798
8.916666666666666,1.2923333333333333,1.116273119651067,1.0623964504066046,0.905289709922491,0.6535722049061317,0.26569017086072644,1.116273119651067
8.933333333333334,1.2920666666666667,1.1135939675372313,1.0598694310062173,0.903196864001004,0.6521339108280784,0.26498642819329893,1.1135939675372313
8.95,1.2917999999999998,1.110923041752531,1.057350166511989,0.9011104239648121,0.650699981723582,0.2642847745531761,1.110923041752531
8.966666666666667,1.2915333333333332,1.1082603178196004,1.0548386335086977,0.8990303695398638,0.6492704040589705,0.26358521038258304,1.1082603178196004
8.983333333333333,1.2912666666666666,1.1056057713030556,1.0523348086293285,0.8969566804986546,0.6478451644760423,0.2628877357176762,1.1056057713030556
9.0,1.291,1.1029593778102182,1.0498386685546368,0.8948893366641947,0.6464242497756231,0.2621923502278918,1.1029593778102182
9.016666666666667,1.2906666666666666,1.1003209758237178,1.047350060632216,0.8928282107569854,0.645007573249706,0.26150056481989187,1.1003209758237178
9.033333333333333,1.2903333333333333,1.0976904077878973,1.0448688359508225,0.8907731786100865,0.6435950504139951,0.2608118916110394,1.0976904077878973
9.05,1.29,1.0950676518966183,1.0423949736459184,0.8887242221276208,0.6421866697668217,0.26012585166227675,1.0950676518966183
9.066666666666666,1.2896666666666665,1.0924526863743953,1.0399284528860253,0.886681323265101,0.64078241993848,0.25944227742629505,1.0924526863743953
9.083333333333334,1.2893333333333332,1.0898454894768141,1.0374692528726759,0.8846444640318027,0.6393822898220519,0.2587610736271926,1.0898454894768141
9.1,1.2890000000000001,1.0872460394909005,1.035017352840432,0.8826136264928255,0.6379862687840079,0.25808217675048634,1.0872460394909005
9.116666666666667,1.2886666666666666,1.084654314735438,1.0325727320569795,0.880588792770865,0.6365943467815048,0.2574055405426694,1.084654314735438
9.133333333333333,1.2883333333333333,1.0820702935612498,1.0301353698232893,0.878569945047782,0.6352065143243417,0.2567311293153402,1.0820702935612498
9.15,1.2879999999999998,1.0794939543514421,1.027705245473839,0.8765570655661608,0.6338227623413253,0.2560589143676161,1.0794939543514421
9.166666666666666,1.2876666666666667,1.0769252755216232,1.0252823383768934,0.8745501366311429,0.6324430820227275,0.25538887188056264,1.0769252755216232
9.183333333333334,1.2873333333333334,1.0743642355200986,1.0228666279348335,0.8725491406127805,0.6310674646799694,0.254720981588926,1.0743642355200986
9.2,1.287,1.071810812828054,1.0204580935845313,0.8705540599489653,0.6296959016371659,0.2540552258981128,1.071810812828054
9.216666666666667,1.2866666666666666,1.0692649859597247,1.0180567147977642,0.8685648771487668,0.6283283841549422,0.2533915892725475,1.0692649859597247
9.233333333333333,1.2863333333333333,1.0667267334625632,1.0156624710816615,0.8665815747958723,0.6269649033813293,0.25273005779774677,1.0667267334625632
9.25,1.286,1.064196033917405,1.01327534197919,0.8646041355517802,0.6256054503233315,0.2520706188581113,1.064196033917405
9.266666666666667,1.2856666666666667,1.0616728659386374,1.0108953070696653,0.8626325421584573,0.6242500158333668,0.25141326089438093,1.0616728659386374
9.283333333333333,1.2853333333333332,1.0591572081743734,1.0085223459693045,0.8606667774402617,0.6228985906059317,0.25075797321748106,1.0591572081743734
9.3,1.2850000000000001,1.0566490393066403,1.0061564383318091,0.8587068243050426,0.6215511651809975,0.25010474586323755,1.0566490393066403
9.316666666666666,1.2846666666666666,1.0541483380515715,1.0037975638489884,0.8567526657444143,0.620207729951618,0.24945356947733305,1.0541483380515715
9.333333333333334,1.2843333333333333,1.0516550831596208,1.00144570225142,0.8548042848332658,0.6188682751739756,0.2488044352230349,1.0516550831596208
9.35,1.284,1.0491692534157835,0.9991008333091428,0.8528616647286092,0.6175327909786585,0.24815733470635065,1.0491692534157835
9.366666666666667,1.2836666666666667,1.046690827639842,0.9967629368323829,0.8509247886678886,0.6162012673823567,0.24751225991470324,1.046690827639842
9.383333333333333,1.2833333333333334,1.0442197846866228,0.9944319926723,0.8489936399668709,0.6148736942994498,0.2468692031662294,1.0442197846866228
9.4,1.283,1.0417561034462772,0.9921079807217493,0.8470682020172392,0.613550061553163,0.2462281570675172,1.0417561034462772
9.416666666666666,1.2826666666666666,1.0392997628445801,0.989790880916047,0.845148458283991,0.6122303588860932,0.24558911447811727,1.0392997628445801
9.433333333333334,1.2823333333333333,1.0368507418432502,0.9874806732337318,0.8432343923027312,0.6109145759700092,0.24495206848054174,1.0368507418432502
9.45,1.282,1.0344090194402942,0.9851773376973096,0.8413259876769362,0.6096027024148833,0.24431701235474365,1.0344090194402942
9.466666666666667,1.2816666666666667,1.0319745746703686,0.9828808543739747,0.8394232280752423,0.6082947277771562,0.243683939556287,1.0319745746703686
9.483333333333333,1.2813333333333332,1.0295473866051688,0.9805912033762967,0.8375260972288076,0.6069906415672575,0.24305284369757438,1.0295473866051688
9.5,1.281,1.0271274343538364,0.9783083648628699,0.8356345789287776,0.6056904332564241,0.2424237185316261,1.0271274343538364
9.516666666666667,1.2807333333333333,1.0247148234776802,0.976032438291681,0.8337487558370555,0.6043941602043035,0.2417951140999474,1.0247148234776802
9.533333333333333,1.2804666666666666,1.0223096559592546,0.9737635197585959,0.8318687078525169,0.6031018778013796,0.241167493737499,1.0223096559592546
9.55,1.2802,1.0199119087510924,0.9715015874251194,0.8299944171701118,0.6018135742169242,0.24054130821608716,1.0199119087510924
9.566666666666666,1.2799333333333334,1.0175215588586175,0.9692466195137932,0.828125866046534,0.6005292375879455,0.2399167101269191,1.0175215588586175
9.583333333333334,1.2796666666666667,1.0151385833405906,0.966998594308534,0.8262630367983557,0.5992488559183999,0.23929378281765046,1.0151385833405906
9.6,1.2793999999999999,1.0127629593095557,0.964757490154919,0.8244059118003144,0.5979724169047286,0.23867257916929593,1.0127629593095557
9.616666666666667,1.2791333333333332,1.0103946639322992,0.9625232854604185,0.8225544734837379,0.5966999078223426,0.23805313547528403,1.0103946639322992
9.633333333333333,1.2788666666666666,1.0080336744303073,0.9602959586945794,0.8207087043350575,0.5954313155372137,0.23743547785123928,1.0080336744303073
9.65,1.2786,1.0056799680802198,0.9580754883891616,0.8188685868942769,0.5941666266036443,0.23681962566104875,1.0056799680802198
9.666666666666666,1.2783333333333333,1.0033335222142867,0.9558618531382297,0.8170341037531851,0.5929058273900969,0.23620559353463405,1.0033335222142867
9.683333333333334,1.2780666666666667,1.0009943142208102,0.9536550315982045,0.8152052375531124,0.5916489041962265,0.23559339264211465,1.0009943142208102
9.7,1.2778,0.9986623215445801,0.9514550024878763,0.8133819709821661,0.5903958433460816,0.23498303154199754,0.9986623215445801
9.716666666666667,1.2775333333333334,0.9963375216872974,0.9492617445883815,0.8115642867720512,0.5891466312552109,0.23437451676969506,0.9963375216872974
9.733333333333333,1.2772666666666666,0.9940198922079801,0.9470752367431479,0.8097521676947107,0.5879012544749755,0.23376785325976157,0.9940198922079801
9.75,1.277,0.9917094107233548,0.9448954578578048,0.8079455965590694,0.5866596997189806,0.23316304465731408,0.9917094107233548
9.766666666666667,1.2767333333333333,0.9894060549082278,0.9427223869000598,0.8061445562081282,0.585421953876355,0.2325600935531115,0.9894060549082278
9.783333333333333,1.2764666666666666,0.9871098024958351,0.9405560028995394,0.8043490295165929,0.5841880040158125,0.23195900166455216,0.9871098024958351
9.8,1.2762,0.984820631278175,0.9383962849475901,0.802558999389136,0.5829578373835198,0.23135976997743085,0.984820631278175
9.816666666666666,1.2759333333333334,0.9825385191063124,0.9362432121970389,0.8007744487593127,0.581731441397005,0.23076239885862837,0.9825385191063124
9.833333333333334,1.2756666666666665,0.9802634438906639,0.934096763861912,0.7989953605891023,0.5805088036366972,0.23016688814687772,0.9802634438906639
9.85,1.2753999999999999,0.9779953836012568,0.9319569192171101,0.7972217178690024,0.5792899118362063,0.2295732372267271,0.9779953836012568
9.866666666666667,1.2751333333333332,0.9757343162679641,0.9298236575980481,0.7954535036185879,0.5780747538720948,0.22898144508944096,0.9757343162679641
9.883333333333333,1.2748666666666666,0.9734802199807123,0.9276969584002575,0.7936907008874369,0.5768633177536441,0.22839151038361802,0.9734802199807123
9.9,1.2746,0.9712330728896632,0.9255768010789627,0.7919332927563316,0.5756555916129276,0.22780343145761964,0.9712330728896632
9.916666666666666,1.2743333333333333,0.9689928532053694,0.9234631651486367,0.7901812623386479,0.5744515636953895,0.2272172063954093,0.9689928532053694
9.933333333333334,1.2740666666666667,0.9667595391989008,0.9213560301825423,0.7884345927818577,0.5732512223510331,0.22663283304703985,0.9667595391989008
9.95,1.2738,0.9645331092019407,0.9192553758122699,0.7866932672690847,0.5720545560262685,0.2260503090547553,0.9645331092019407
9.966666666666667,1.2735333333333332,0.9623135416068577,0.9171611817272769,0.7849572690206619,0.5708615532564298,0.22546963187547242,0.9623135416068577
9.983333333333333,1.2732666666666665,0.9601008148667439,0.9150734276744372,0.7832265812956509,0.5696722026589487,0.22489079880025004,0.9601008148667439
10.0,1.273,0.9578949074954272,0.9129920934576063,0.7815011873932964,0.5684864929271538,0.22431380697123576,0.9578949074954272
10.016666666666667,1.2727666666666666,0.9556958560387739,0.9109172136353094,0.7797811159993916,0.5673044439861161,0.22373796378793864,0.9556958560387739
10.033333333333333,1.2725333333333333,0.9535036954275402,0.9088488212425867,0.7780663945359598,0.5661260749278597,0.2231634928499167,0.9535036954275402
10.05,1.2723,0.9513184032907959,0.9067868952475567,0.7763570056024389,0.5649513740718964,0.22259060926272045,0.9513184032907959
10.066666666666666,1.2720666666666667,0.9491399573249426,0.9047314146802327,0.7746529318485926,0.563780329790902,0.22201938522479545,0.9491399573249426
10.083333333333334,1.2718333333333334,0.9469683352935646,0.9026823586321876,0.7729541559754156,0.5626129304694953,0.22144985969097808,0.9469683352935646
10.1,1.2716,0.9448035150272576,0.9006397062562509,0.771260660735926,0.5614491644308187,0.22088205694445082,0.9448035150272576
10.116666666666667,1.2713666666666668,0.9426454744234383,0.8986034367662324,0.7695724289358501,0.5602890198805563,0.2203159932456256,0.9426454744234383
10.133333333333333,1.2711333333333332,0.940494191446142,0.8965735294366781,0.7678894434341863,0.5591324848995254,0.21975167990504774,0.940494191446142
10.15,1.2709,0.9383496441258041,0.8945499636026506,0.7662116871436189,0.5579795474743141,0.21918912492800077,0.9383496441258041
10.166666666666666,1.2706666666666666,0.9362118105590331,0.8925327186595364,0.7645391430307085,0.5568301955434602,0.21862833398492773,0.9362118105590331
10.183333333333334,1.2704333333333333,0.9340806689083737,0.890521774062877,0.7628717941157899,0.5556844170430908,0.2180693110257676,0.9340806689083737
10.2,1.2702,0.9319561974020655,0.88851710932822,0.7612096234725501,0.5545421999445344,0.2175120586901983,0.9319561974020655
10.216666666666667,1.2699666666666667,0.9298383743337981,0.8865187040309901,0.7595526142273201,0.5534035322819782,0.21695657859335735,0.9298383743337981
10.233333333333333,1.2697333333333334,0.9277271780624637,0.8845265378063767,0.7579007495581744,0.5522684021709533,0.21640287153172966,0.9277271780624637
10.25,1.2695,0.925622587011911,0.8825405903492332,0.7562540126939516,0.5511367978193731,0.21585093763575083,0.925622587011911
10.266666666666667,1.2692666666666668,0.9235245796706999,0.8805608414139875,0.7546123869133079,0.5500087075329694,0.21530077648563076,0.9235245796706999
10.283333333333333,1.2690333333333335,0.9214331345918604,0.8785872708145575,0.7529758555438916,0.5488841197167231,0.2147523872010652,0.9214331345918604
10.3,1.2688000000000001,0.9193482303926551,0.8766198584242687,0.7513444019616942,0.5477630228735687,0.2142057685119489,0.9193482303926551
10.316666666666666,1.2685666666666668,0.9172698457543484,0.8746585841757695,0.7497180095906026,0.5466454056013277,0.21366091881497484,0.9172698457543484
10.333333333333334,1.2683333333333335,0.9151979594219808,0.8727034280609427,0.7480966619021561,0.5455312565885727,0.21311783621955113,0.9151979594219808
10.35,1.2681000000000002,0.9131325502041493,0.8707543701308095,0.7464803424154897,0.5444205646099165,0.21257651858550136,0.9131325502041493
10.366666666666667,1.2678666666666667,0.9110735969727976,0.868811390495424,0.7448690346974363,0.5433133185210646,0.2120369635543511,0.9110735969727976
10.383333333333333,1.2676333333333334,0.9090210786630086,0.8668744693237611,0.7432627223627597,0.5422095072538637,0.2114991685755431,0.9090210786630086
10.4,1.2674,0.9069749742728099,0.8649435868435937,0.7416613890744814,0.5411091198114911,0.21096313092859478,0.9069749742728099
10.416666666666666,1.2671666666666668,0.904935262862979,0.8630187233413651,0.7400650185442711,0.5400121452638791,0.21042884774197507,0.904935262862979
10.433333333333334,1.2669333333333335,0.9029019235568592,0.8610998591620544,0.7384735945328765,0.5389185727434259,0.2098963160093018,0.9029019235568592
10.45,1.2667000000000002,0.9008749355401797,0.8591869747090393,0.7368871008505652,0.5378283914410174,0.20936553260333232,0.9008749355401797
10.466666666666667,1.2664666666666669,0.8988542780608798,0.857280050443957,0.7353055213575612,0.5367415906023683,0.20883649428812087,0.8988542780608798
10.483333333333333,1.2662333333333335,0.8968399304289367,0.8553790668865668,0.7337288399644621,0.5356581595246755,0.2083091977296426,0.8968399304289367
10.5,1.266,0.8948318720161987,0.8534840046146127,0.7321570406326239,0.534578087553574,0.20778363950512493,0.8948318720161987
10.516666666666667,1.2658,0.8928301353166517,0.8515948943389023,0.7305901489089632,0.5335013926208495,0.20725915648036197,0.8928301353166517
10.533333333333333,1.2656,0.8908347513435928,0.849711765373985,0.7290281891888855,0.5324280918743144,0.20673596465132354,0.8908347513435928
10.55,1.2654,0.8888456986648059,0.8478345975399226,0.7274711448203938,0.5313581742609093,0.20621426941235943,0.8888456986648059
10.566666666666666,1.2652,0.8868629559158752,0.8459633707204631,0.7259189992084663,0.530291628765555,0.2056941391329528,0.8868629559158752
10.583333333333334,1.2650000000000001,0.8848865017999911,0.8440980648629004,0.7243717358151847,0.5292284443834525,0.2051756103763333,0.8848865017999911
10.6,1.2648000000000001,0.8829163150877634,0.8422386599779434,0.7228293381598163,0.5281686100649525,0.20465870570253814,0.8829163150877634
10.616666666666667,1.2646000000000002,0.8809523746170301,0.8403851361395911,0.7212917898188512,0.527112114667701,0.20414344003515492,0.8809523746170301
10.633333333333333,1.2644,0.8789946592926734,0.8385374734850136,0.7197590744259863,0.5260589469444208,0.20362982360012552,0.8789946592926734
10.65,1.2642,0.8770431480864331,0.8366956522144415,0.7182311756720368,0.5250090955627458,0.20311786349632427,0.8770431480864331
10.666666666666666,1.264,0.8750978200367261,0.8348596525910577,0.7167080773047195,0.5239625491406158,0.20260756462081533,0.8750978200367261
10.683333333333334,1.2638,0.8731586542484655,0.8330294549408959,0.7151897631282564,0.5229192962837246,0.20209893025356973,0.8731586542484655
10.7,1.2636,0.8712256298928833,0.8312050396527433,0.713676217002759,0.5218793256178984,0.20159196244719016,0.8712256298928833
10.716666666666667,1.2634,0.869298726207357,0.8293863871780448,0.7121674228434103,0.5208426258139792,0.2010866622977934,0.869298726207357
10.733333333333333,1.2632,0.8673779224952366,0.8275734780308108,0.7106633646194995,0.5198091856052963,0.20058303013979206,0.8673779224952366
10.75,1.2630000000000001,0.8654631981256772,0.8257662927875249,0.7091640263533929,0.5187789937988551,0.20008106568994657,0.8654631981256772
10.766666666666667,1.2628,0.8635545325334733,0.823964812087051,0.7076693921195224,0.517752039281627,0.19958076815645096,0.8635545325334733
10.783333333333333,1.2626,0.8616519052188988,0.8221690166305369,0.7061794460434687,0.5167283110232265,0.19908213632322638,0.8616519052188988
10.8,1.2624,0.8597552957475468,0.820378887181314,0.7046941723011846,0.5157077980760367,0.19858516861620812,0.8597552957475468
10.816666666666666,1.2622000000000002,0.8578646837501759,0.8185944045647886,0.7032135551183862,0.5146904895736195,0.1980898631562745,0.8578646837501759
10.833333333333334,1.262,0.8559800489225583,0.8168155496683244,0.701737578770119,0.5136763747280197,0.19759621780208428,0.8559800489225583
10.85,1.2618,0.8541013710253311,0.8150423034411156,0.7002662275804887,0.5126654428264208,0.19710423018516382,0.8541013710253311
10.866666666666667,1.2616,0.8522286298838522,0.8132746468940488,0.698799485922541,0.5116576832274635,0.19661389773895682,0.8522286298838522
10.883333333333333,1.2614,0.8503618053880551,0.811512561099553,0.697337338218263,0.5106530853574511,0.19612521772310818,0.8503618053880551
10.9,1.2612,0.8485008774923097,0.8097560271914419,0.6958797689386821,0.5096516387065864,0.19563818724394244,0.8485008774923097
10.916666666666666,1.261,0.8466458262152828,0.8080050263647436,0.6944267626040377,0.508653332825338,0.19515280327187043,0.8466458262152828
10.933333333333334,1.2608,0.8447966316397992,0.8062595398755268,0.6929783037839998,0.507658157320994,0.194669062656293,0.8447966316397992
10.95,1.2606000000000002,0.8429532739127056,0.8045195490407188,0.6915343770979172,0.5066661018544358,0.1941869621384468,0.8429532739127056
10.966666666666667,1.2604,0.8411157332447314,0.8027850352379203,0.6900949672150758,0.5056771561371483,0.1937064983625439,0.8411157332447314
10.983333333333333,1.2602,0.8392839899103512,0.8010559799052193,0.6886600588549541,0.5046913099284687,0.19322766788548684,0.8392839899103512
11.0,1.26,0.8374580242476463,0.7993323645410038,0.6872296367874644,0.5037085530330709,0.19275046718538588,0.8374580242476463
11.016666666666667,1.2597666666666667,0.8356377681792838,0.7976141249417175,0.6858036478542777,0.502728849205957,0.1922755245018278,0.8356377681792838
11.033333333333333,1.2595333333333334,0.8338231550962424,0.7959011982885249,0.6843820400443907,0.5017521629972381,0.19180262295405037,0.8338231550962424
11.05,1.2593,0.8320141664238037,0.7941935671043977,0.6829647989768881,0.5007784848146886,0.19133155843293753,0.8320141664238037
11.066666666666666,1.2590666666666666,0.8302107836442754,0.7924912139662381,0.6815519103173402,0.49980780510292455,0.19086225834342152,0.8302107836442754
11.083333333333334,1.2588333333333332,0.8284129882968742,0.790794121504741,0.6801433597779223,0.49884011435909276,0.19039468048537983,0.8284129882968742
11.1,1.2586,0.8266207619776058,0.7891022724042603,0.6787391331174971,0.497875403171101,0.1899287959684125,0.8266207619776058
11.116666666666667,1.2583666666666666,0.8248340863391423,0.7874156494026807,0.6773392161416671,0.4969136622556325,0.18946458311299305,0.8248340863391423
11.133333333333333,1.2581333333333333,0.8230529430906977,0.7857342352912954,0.6759435947027981,0.4959548824715536,0.1890020246419086,0.8230529430906977
11.15,1.2579,0.8212773139979022,0.7840580129146886,0.6745522547000342,0.49499905480738915,0.18854110618364267,0.8212773139979022
11.166666666666666,1.2576666666666667,0.8195071808826745,0.7823869651706237,0.6731651820793432,0.4940461703541268,0.18808181539377855,0.8195071808826745
11.183333333333334,1.2574333333333334,0.8177425256230937,0.7807210750099345,0.6717823628336393,0.4930962202742585,0.18762414140206018,0.8177425256230937
11.2,1.2572,0.8159833301532694,0.7790603254364215,0.6704037830030205,0.4921491957735613,0.18716807444560557,0.8159833301532694
11.216666666666667,1.2569666666666666,0.8142295764632127,0.7774046995067521,0.6690294286751253,0.4912050880783177,0.18671360561534756,0.8142295764632127
11.233333333333333,1.2567333333333333,0.8124812465987056,0.7757541803303627,0.6676592859855816,0.49026388841841795,0.18626072667481358,0.8124812465987056
11.25,1.2565,0.8107383226611716,0.7741087510693649,0.6662933411184936,0.4893255880157229,0.18580942992700072,0.8107383226611716
11.266666666666667,1.2562666666666666,0.8090007868075471,0.7724683949384539,0.6649315803069082,0.48839017807670093,0.1853597081143034,0.8090007868075471
11.283333333333333,1.2560333333333333,0.8072686212501522,0.7708330952048226,0.6635739898332043,0.48745764978833855,0.18491155434179848,0.8072686212501522
11.3,1.2558,0.8055418082565636,0.7692028351880764,0.6622205560293652,0.48652799431644955,0.18446496201743287,0.8055418082565636
11.316666666666666,1.2555666666666667,0.8038203301494886,0.7675775982601567,0.6608712652771116,0.485601202805679,0.1840199248046994,0.8038203301494886
11.333333333333334,1.2553333333333332,0.8021041693066394,0.765957367845267,0.6595261040078843,0.48467726638065606,0.18357643658470588,0.8021041693066394
11.35,1.2550999999999999,0.8003933081606093,0.764342127419807,0.6581850587026826,0.48375617614789157,0.18313449142542307,0.8003933081606093
11.366666666666667,1.2548666666666666,0.7986877291987512,0.7627318605123117,0.6568481158917712,0.48283792319812213,0.18269408355649663,0.7986877291987512
11.383333333333333,1.2546333333333333,0.7969874149630571,0.761126550703396,0.6555152621542716,0.4819224986088912,0.18225520734842748,0.7969874149630571
11.4,1.2544,0.7952923480500388,0.7595261816257056,0.654186484117665,0.4810098934472177,0.1818178572952183,0.7952923480500388
11.416666666666666,1.2541666666666667,0.7936025111106124,0.7579307369638706,0.6528617684572195,0.4801000987722537,0.1813820279998019,0.7936025111106124
11.433333333333334,1.2539333333333333,0.7919178868499835,0.756340200454461,0.6515411018953703,0.4791931056378632,0.18094771416172087,0.7919178868499835
11.45,1.2537,0.7902384580275348,0.7547545558859455,0.6502244712010641,0.4782889050950805,0.18051491056664515,0.7902384580275348
11.466666666666667,1.2534666666666667,0.7885642074567181,0.7531737870986462,0.6489118631890886,0.4773874881944242,0.18008361207740226,0.7885642074567181
11.483333333333333,1.2532333333333332,0.7868951180049462,0.7515978779846937,0.6476032647193977,0.47648884598805485,0.17965381362626168,0.7868951180049462
11.5,1.253,0.7852311725934893,0.7500268124879765,0.6462986626964429,0.4755929695317708,0.1792255102082642,0.7852311725934893
11.516666666666667,1.2528333333333332,0.7835724430481109,0.7484606584963207,0.6449981137341051,0.47469989772481014,0.17879748234859202,0.7835724430481109
11.533333333333333,1.2526666666666666,0.7819189986707621,0.7468994815183789,0.643701672476269,0.47380966808654756,0.1783701413187361,0.7819189986707621
11.55,1.2525,0.7802708208958012,0.7453432641011983,0.642409324676371,0.4729222708077797,0.17794386784660418,0.7802708208958012
11.566666666666666,1.2523333333333333,0.7786278912223114,0.7437919888539009,0.6411210561385152,0.47203769609236834,0.17751878897916668,0.7786278912223114
11.583333333333334,1.2521666666666667,0.7769901912139474,0.7422456384475367,0.6398368527168814,0.4711559341359802,0.17709497321391288,0.7769901912139474
11.6,1.252,0.7753577024987842,0.7407041956149298,0.6385567003151676,0.47027697506975646,0.17667246343619322,0.7753577024987842
11.616666666666667,1.2518333333333334,0.7737304067691686,0.7391676431505168,0.6372805848860642,0.46940080889714575,0.1762512886655673,0.7737304067691686
11.633333333333333,1.2516666666666665,0.77210828578157,0.7376359639101735,0.6360084924307554,0.46852742546359294,0.1758314694604108,0.77210828578157
11.65,1.2515,0.7704913213564337,0.7361091408110367,0.6347404089984272,0.4676568144672817,0.17541302079581192,0.7704913213564337
11.666666666666666,1.2513333333333332,0.7688794953780353,0.7345871568313169,0.6334763206857319,0.4667889654965498,0.17499595375211885,0.7688794953780353
11.683333333333334,1.2511666666666665,0.7672727897943337,0.7330699950101016,0.6322162136361427,0.46592386807694414,0.17458027657723804,0.7672727897943337
11.7,1.2510000000000001,0.7656711866168233,0.7315576384471554,0.6309600740391343,0.4650615117165138,0.17416599539120725,0.7656711866168233
11.716666666666667,1.2508333333333332,0.7640746679203878,0.73005007030271,0.6297078881291753,0.4642018859438521,0.17375311467331728,0.7640746679203878
11.733333333333333,1.2506666666666666,0.7624832158431502,0.7285472737972498,0.6284596421845536,0.46334498033730287,0.17334163761038654,0.7624832158431502
11.75,1.2505,0.7608968125863219,0.7270492322112924,0.6272153225261143,0.4624907845457906,0.1729315663527621,0.7608968125863219
11.766666666666667,1.2503333333333333,0.7593154404140505,0.7255559288851603,0.6259749155159899,0.4616392883025707,0.17252290220693114,0.7593154404140505
11.783333333333333,1.2501666666666666,0.7577390816532646,0.7240673472187482,0.6247384075564179,0.4607904814333933,0.17211564578334784,0.7577390816532646
11.8,1.25,0.7561677186935154,0.7225834706712808,0.6235057850887086,0.45994435386045984,0.17170979711185386,0.7561677186935154
11.816666666666666,1.2498333333333334,0.7546013339868161,0.7211042827610636,0.6222770345924162,0.4591008956033322,0.17130535573315792,0.7546013339868161
11.833333333333334,1.2496666666666667,0.7530399100474786,0.7196297670652203,0.6210521425847326,0.45826009677771357,0.17090232077230352,0.7530399100474786
11.85,1.2494999999999998,0.7514834294519458,0.7181599072194227,0.6198310956201075,0.45742194759280635,0.17050069099836715,0.7514834294519458
11.866666666666667,1.2493333333333334,0.7499318748386212,0.7166946869176065,0.6186138802900816,0.4565864383477705,0.17010046487347996,0.7499318748386212
11.883333333333333,1.2491666666666668,0.7483852289076947,0.7152340899116778,0.6174004832233106,0.4557535594276657,0.169701640593463,0.7483852289076947
11.9,1.2489999999999999,0.7468434744209635,0.7137781000112073,0.616190891085751,0.4549233012991488,0.16930421612180052,0.7468434744209635
11.916666666666666,1.2488333333333335,0.7453065942016502,0.7123267010831174,0.6149850905809732,0.4540956545061184,0.16890818921826525,0.7453065942016502
11.933333333333334,1.2486666666666666,0.7437745711342157,0.7108798770513602,0.6137830684505767,0.45327060966543437,0.16851355746320845,0.7437745711342157
11.95,1.2485,0.7422473881641672,0.709437611896593,0.6125848114746737,0.45244815746279904,0.1681203182783074,0.7422473881641672
11.966666666666667,1.2483333333333333,0.7407250282978609,0.7079998896558484,0.6113903064724184,0.4516282886488503,0.1677284689443928,0.7407250282978609
11.983333333333333,1.2481666666666666,0.7392074746023001,0.706566694422208,0.6101995403025592,0.4508109940354983,0.1673380066168526,0.7392074746023001
12.0,1.248,0.7376947102049277,0.7051380103444747,0.6090124998639951,0.44999626449251695,0.16694892833901098,0.7376947102049277
12.016666666666667,1.2478666666666665,0.7361867588408397,0.7037138599211118,0.6078292039145023,0.4491841127826045,0.16656064736038587,0.7361867588408397
12.033333333333333,1.2477333333333334,0.7346836431213638,0.7022942645889412,0.6066496703276056,0.4483745510842576,0.1661733641344647,0.7346836431213638
12.05,1.2475999999999998,0.7331853455909056,0.7008792079432598,0.6054738855321937,0.4475675700142643,0.16578726091292884,0.7331853455909056
12.066666666666666,1.2474666666666667,0.7316918488588579,0.6994686736389581,0.6043018360035602,0.4467631602382435,0.16540239748671792,0.7316918488588579
12.083333333333334,1.2473333333333332,0.7302031355993308,0.6980626453902055,0.603133508263799,0.4459613124614128,0.16501880539340436,0.7302031355993308
12.1,1.2472,0.7287191885508794,0.6966611069701458,0.6019688888821557,0.44516201740657074,0.16463650380149167,0.7287191885508794
12.116666666666667,1.2470666666666665,0.7272399905162248,0.695264042210607,0.6008079644753355,0.4443652657869952,0.1642555051706374,0.7272399905162248
12.133333333333333,1.2469333333333332,0.7257655243619743,0.693871435001821,0.5996507217077646,0.4435710482894418,0.16387581785486421,0.7257655243619743
12.15,1.2468,0.7242957730183359,0.6924832692921575,0.5984971472918035,0.4427793555727744,0.16349744748877443,0.7242957730183359
12.166666666666666,1.2466666666666666,0.7228307194788329,0.691099529087869,0.597347227987895,0.44199017827832243,0.16312039780130852,0.7228307194788329
12.183333333333334,1.2465333333333333,0.7213703468000144,0.6897201984528469,0.5962009506046291,0.4412035070456847,0.16274467112823693,0.7213703468000144
12.2,1.2464,0.7199146381011667,0.6883452615083905,0.5950583019987024,0.44041933252918125,0.16237026875261557,0.7199146381011667
12.216666666666667,1.2462666666666666,0.7184635765640232,0.686974702432984,0.5939192690747618,0.439637645412309,0.16199719114067274,0.7184635765640232
12.233333333333333,1.2461333333333333,0.7170171454324759,0.6856085054620837,0.5927838387851423,0.4388584364191706,0.1616254381109123,0.7170171454324759
12.25,1.246,0.715575328012287,0.6842466548879157,0.5916519981295201,0.43808169632278404,0.16125500895881298,0.715575328012287
12.266666666666667,1.2458666666666667,0.7141381076708022,0.6828891350592776,0.590523734154516,0.43730741595062506,0.16088590255099802,0.7141381076708022
12.283333333333333,1.2457333333333331,0.7127054678366675,0.6815359303813502,0.5893990339532856,0.43653558618791244,0.16051811739781185,0.7127054678366675
12.3,1.2456,0.7112773919995471,0.6801870253155118,0.5882778846651249,0.4357661979791483,0.1601516517102492,0.7112773919995471
12.316666666666666,1.2454666666666665,0.709853863709845,0.6788424043791574,0.5871602734751176,0.43499924232836873,0.15978650344530354,0.709853863709845
12.333333333333334,1.2453333333333334,0.7084348665784315,0.6775020521455208,0.586046187613839,0.43423471029847865,0.15942267034258434,0.7084348665784315
12.35,1.2451999999999999,0.707020384276371,0.6761659532434957,0.5849356143571222,0.433472593009962,0.1590601499542449,0.707020384276371
12.366666666666667,1.2450666666666668,0.7056104005346575,0.6748340923574594,0.583828541025889,0.4327128816391932,0.15869893966970688,0.7056104005346575
12.383333333333333,1.2449333333333332,0.7042048991439506,0.673506454227094,0.5827249549860396,0.431955567416514,0.15833903673628738,0.7042048991439506
12.4,1.2448,0.7028038639543179,0.6721830236472077,0.5816248436483953,0.4312006416241969,0.15798043827655942,0.7028038639543179
12.416666666666666,1.2446666666666666,0.7014072788749832,0.6708637854675541,0.5805281944686824,0.4304480955943814,0.15762314130308022,0.7014072788749832
12.433333333333334,1.2445333333333333,0.7000151278740748,0.6695487245926486,0.5794349949475508,0.42969792070703977,0.15726714273097886,0.7000151278740748
12.45,1.2444,0.6986273949783829,0.6682378259815869,0.5783452326306151,0.4289501083880152,0.15691243938878596,0.6986273949783829
12.466666666666667,1.2442666666666666,0.697244064273117,0.6669310746478587,0.5772588951085111,0.428204650107155,0.15655902802780913,0.697244064273117
12.483333333333333,1.2441333333333333,0.6958651199016707,0.665628455659165,0.5761759700169589,0.4274615373765537,0.1562069053302953,0.6958651199016707
12.5,1.244,0.6944905460653865,0.6643299541372318,0.5750964450368266,0.42672076174891427,0.15585606791657486,0.6944905460653865
12.516666666666667,1.2438666666666665,0.6931203270233273,0.663035555257628,0.5740203078941895,0.4259823148160289,0.1555065123513451,0.6931203270233273
12.533333333333333,1.2437333333333334,0.6917544470920481,0.6617452442495816,0.5729475463603801,0.4252461882073767,0.15515823514922147,0.6917544470920481
12.55,1.2435999999999998,0.690392890645374,0.6604590063957996,0.5718781482520255,0.4245123735888369,0.1548112327796631,0.690392890645374
12.566666666666666,1.2434666666666667,0.6890356421141763,0.6591768270322893,0.5708121014310706,0.4237808626615086,0.15446550167136078,0.6890356421141763
12.583333333333334,1.2433333333333332,0.6876826859861567,0.6578986915481826,0.5697493938047853,0.4230516471606337,0.15412103821615977,0.6876826859861567
12.6,1.2432,0.686334006805628,0.6566245853855615,0.5686900133257551,0.42232471885461476,0.15377783877257986,0.686334006805628
12.616666666666667,1.2430666666666665,0.6849895891733017,0.6553544940392884,0.5676339479918532,0.42160006954412055,0.1534358996689834,0.6849895891733017
12.633333333333333,1.2429333333333332,0.6836494177460758,0.6540884030568381,0.5665811858461981,0.4208776910612735,0.15309521720643665,0.6836494177460758
12.65,1.2428,0.6823134772368241,0.6528262980381323,0.565531714977092,0.4201575752689114,0.15275578766130007,0.6823134772368241
12.666666666666666,1.2426666666666666,0.6809817524141887,0.6515681646353786,0.5644855235179442,0.41943971405991765,0.1524176072875809,0.6809817524141887
12.683333333333334,1.2425333333333333,0.6796542281023734,0.6503139885529101,0.5634425996471802,0.41872409935661414,0.15208067231907452,0.6796542281023734
12.7,1.2424,0.6783308891809409,0.6490637555470289,0.5624029315881356,0.41801072311021037,0.1517449789713194,0.6783308891809409
12.716666666666667,1.2422666666666666,0.6770117205846091,0.6478174514258513,0.5613665076089368,0.41729957730030465,0.1514105234433847,0.6770117205846091
12.733333333333333,1.2421333333333333,0.6756967073030531,0.6465750620491553,0.560333316022371,0.4165906539344328,0.15107730191950952,0.6756967073030531
12.75,1.242,0.6743858343807054,0.6453365733282301,0.559303345185744,0.4158839450476579,0.15074531057060866,0.6743858343807054
12.766666666666667,1.2418666666666667,0.6730790869165617,0.6441019712257271,0.5582765835007286,0.41517944270220064,0.15041454555565895,0.6730790869165617
12.783333333333333,1.2417333333333331,0.6717764500639858,0.6428712417555111,0.5572530194132044,0.4144771389871027,0.1500850030229778,0.6717764500639858
12.8,1.2416,0.6704779090305187,0.641644370982515,0.5562326414130901,0.4137770260179234,0.14975667911140442,0.6704779090305187
12.816666666666666,1.2414666666666665,0.6691834490776887,0.6404213450225934,0.5552154380341681,0.41307909593646336,0.14942956995139312,0.6691834490776887
12.833333333333334,1.2413333333333334,0.6678930555208242,0.6392021500423772,0.5542013978539038,0.41238334091051565,0.14910367166602748,0.6678930555208242
12.85,1.2411999999999999,0.6666067137288681,0.6379867722591297,0.5531905094932598,0.41168975313363865,0.14877898037196088,0.6666067137288681
12.866666666666667,1.2410666666666668,0.6653244091241942,0.6367751979406014,0.552182761616506,0.41099832482495136,0.14845549218029253,0.6653244091241942
12.883333333333333,1.2409333333333332,0.6640461271824267,0.6355674134048861,0.5511781429310261,0.410309048228947,0.14813320319738238,0.6640461271824267
12.9,1.2408,0.6627718534322594,0.6343634050202761,0.5501766421871201,0.4096219156153236,0.1478121095256116,0.6627718534322594
12.916666666666666,1.2406666666666666,0.6615015734552797,0.6331631592051179,0.5491782481778069,0.40893691927883086,0.14749220726409257,0.6615015734552797
12.933333333333334,1.2405333333333333,0.660235272885792,0.631966662427667,0.5481829497386222,0.40825405153913014,0.14717349250933282,0.660235272885792
12.95,1.2404,0.6589729374106444,0.6307739012059422,0.5471907357474183,0.40757330474066744,0.14685596135585646,0.6589729374106444
12.966666666666667,1.2402666666666666,0.6577145527690564,0.62958486210758,0.5462015951241599,0.4068946712525576,0.14653960989678716,0.6577145527690564
12.983333333333333,1.2401333333333333,0.6564601047524478,0.6283995317496875,0.5452155168307223,0.40621814346847873,0.14622443422439454,0.6564601047524478
13.0,1.24,0.6552095792042703,0.627217896798695,0.5442324898706882,0.40554371380657545,0.14591043043060786,0.6552095792042703
13.016666666666667,1.2398666666666665,0.6539629620198396,0.6260399439702083,0.5432525032891442,0.40487137470937085,0.14559759460749894,0.6539629620198396
13.033333333333333,1.2397333333333334,0.6527202391461695,0.6248656600288593,0.5422755461724797,0.4042011186436856,0.14528592284773686,0.6527202391461695
13.05,1.2395999999999998,0.6514813965818059,0.6236950317881567,0.5413016076481848,0.4035329381005634,0.14497541124501628,0.6514813965818059
13.066666666666666,1.2394666666666667,0.6502464203766641,0.6225280461103351,0.5403306768846502,0.4028668255952028,0.1446660558944616,0.6502464203766641
13.083333333333334,1.2393333333333332,0.6490152966318645,0.621364689906204,0.5393627430909682,0.40220277366689405,0.14435785289300823,0.6490152966318645
13.1,1.2392,0.6477880114995723,0.6202049501349951,0.5383977955167352,0.40154077487896056,0.14405079833976284,0.6477880114995723
13.116666666666667,1.2390666666666665,0.6465645511828344,0.6190488138042098,0.5374358234518548,0.400880821818705,0.1437448883363445,0.6465645511828344
13.133333333333333,1.2389333333333332,0.6453449019354205,0.6178962679694656,0.536476816226344,0.40022290709735847,0.14344011898720677,0.6453449019354205
13.15,1.2388,0.6441290500616633,0.6167472997343406,0.5355207632101401,0.3995670233500339,0.14313648639994356,0.6441290500616633
13.166666666666666,1.2386666666666666,0.6429169819162984,0.615601896250219,0.5345676538129098,0.3989131632356815,0.1428339866855783,0.6429169819162984
13.183333333333334,1.2385333333333333,0.6417086839043071,0.6144600447161346,0.5336174774838599,0.398261319437047,0.1425326159588388,0.6417086839043071
13.2,1.2384,0.6405041424807568,0.6133217323786142,0.5326702237115505,0.3976114846606331,0.14223237033841787,0.6405041424807568
13.216666666666667,1.2382666666666666,0.6393033441506439,0.612186946531521,0.5317258820237096,0.39696365163666136,0.14193324594722104,0.6393033441506439
13.233333333333333,1.2381333333333333,0.6381062754687368,0.6110556745158948,0.5307844419870502,0.3963178131190369,0.1416352389126018,0.6381062754687368
13.25,1.2379999999999998,0.636912923039417,0.6099279037197951,0.529845893207089,0.39567396188531445,0.14133834536658574,0.636912923039417
13.266666666666667,1.2378666666666667,0.6357232735165241,0.6088036215781416,0.5289102253279672,0.39503209073666534,0.1410425614460833,0.6357232735165241
13.283333333333333,1.2377333333333331,0.6345373136031971,0.6076828155725541,0.527977428032274,0.3943921924978461,0.14074788329309293,0.6345373136031971
13.3,1.2376,0.6333550300517187,0.6065654732311927,0.5270474910408711,0.3937542600171673,0.14045430705489442,0.6333550300517187
13.316666666666666,1.2374666666666665,0.6321764096633568,0.605451582128598,0.5261204041127205,0.39311828616646416,0.14016182888423317,0.6321764096633568
13.333333333333334,1.2373333333333334,0.63100143928821,0.6043411298855293,0.5251961570447131,0.3924842638410666,0.13987044493949613,0.63100143928821
13.35,1.2371999999999999,0.6298301058250485,0.6032341041688045,0.5242747396714993,0.3918521859597708,0.1395801513848794,0.6298301058250485
13.366666666666667,1.2370666666666668,0.6286623962211588,0.6021304926911382,0.5233561418653236,0.39122204546481043,0.13929094439054895,0.6286623962211588
13.383333333333333,1.2369333333333332,0.6274982974721856,0.60103028321098,0.5224403535358585,0.39059383532182884,0.13900282013279314,0.6274982974721856
13.4,1.2368,0.6263377966219751,0.5999334635323532,0.5215273646300418,0.3899675485198509,0.13871577479416974,0.6263377966219751
13.416666666666666,1.2366666666666666,0.6251808807624177,0.5988400215046926,0.5206171651319156,0.38934317807125496,0.13842980456364526,0.6251808807624177
13.433333333333334,1.2365333333333333,0.6240275370332908,0.5977499450226825,0.5197097450624673,0.3887207170117454,0.13814490563672918,0.6240275370332908
13.45,1.2364,0.6228777526221012,0.5966632220260948,0.5188050944794719,0.3881001584003244,0.13786107421560223,0.6228777526221012
13.466666666666667,1.2362666666666666,0.6217315147639269,0.5955798404996264,0.5179032034773365,0.3874814953192641,0.1375783065092387,0.6217315147639269
13.483333333333333,1.2361333333333333,0.6205888107412603,0.5944997884727381,0.5170040621869469,0.38686472087407875,0.13729659873352432,0.6205888107412603
13.5,1.236,0.6194496278838497,0.5934230540194914,0.5161076607755151,0.38624982819349574,0.13701594711136866,0.6194496278838497
13.516666666666667,1.2359,0.6183139844026018,0.5923496544025977,0.5152140137104222,0.38563682707339175,0.13673582484432673,0.6183139844026018
13.533333333333333,1.2358,0.6171818976644194,0.591279606088067,0.5143231347972962,0.3850257268539353,0.13645642255410992,0.6171818976644194
13.55,1.2357,0.6160533545734215,0.5902128967490738,0.513435013870609,0.38441652043064334,0.13617790288010198,0.6160533545734215
13.566666666666666,1.2355999999999998,0.6149283420844655,0.5891495141066216,0.5125496408037633,0.3838092007242545,0.13590031745007272,0.6149283420844655
13.583333333333334,1.2355,0.6138068472029644,0.5880894459293583,0.511667005508929,0.3832037606792954,0.13562369263165322,0.6138068472029644
13.6,1.2354,0.6126888569847022,0.5870326800333887,0.5107870979368798,0.3826001932584038,0.13534804388375316,0.6126888569847022
13.616666666666667,1.2352999999999998,0.611574358535648,0.585979204282091,0.5099099080768338,0.3819984914321508,0.1350733808320291,0.611574358535648
13.633333333333333,1.2352,0.6104633390117723,0.5849290065859309,0.5090354259562927,0.3813986481691658,0.13479970958467843,0.6104633390117723
13.65,1.2350999999999999,0.6093557856188618,0.5838820749022784,0.5081636416408843,0.3808006564311206,0.13452703395537982,0.6093557856188618
13.666666666666666,1.2349999999999999,0.6082516856123359,0.5828383972352222,0.507294545234201,0.3802045091735057,0.13425535617500184,0.6082516856123359
13.683333333333334,1.2349,0.6071510262970612,0.5817979616353883,0.5064281268776308,0.37961019935062845,0.1339846773358068,0.6071510262970612
13.7,1.2348,0.6060537950271676,0.5807607561997555,0.5055643767501723,0.3790177199227003,0.13371499768380504,0.6060537950271676
13.716666666666667,1.2347000000000001,0.6049599792058645,0.579726769071474,0.5047032850682239,0.37842706386331865,0.1334463168193792,0.6049599792058645
13.733333333333333,1.2346,0.6038695662852563,0.5786959884396832,0.5038448420853456,0.3778382241663145,0.13317863383969553,0.6038695662852563
13.75,1.2345,0.6027825437661593,0.5776684025393299,0.5029890380919895,0.3772511938514761,0.13291194744266294,0.6027825437661593
13.766666666666667,1.2344000000000002,0.6016988991979166,0.5766439996509883,0.5021358634152108,0.37666596596901847,0.13264625600463367,0.6016988991979166
13.783333333333333,1.2343,0.6006186201782163,0.5756227681006795,0.5012853084183642,0.37608253360286065,0.13238155763965898,0.6006186201782163
13.8,1.2342,0.5995416943529073,0.5746046962596905,0.5004373635008026,0.37550088987286956,0.1321178502454746,0.5995416943529073
13.816666666666666,1.2341,0.598468109415816,0.5735897725443952,0.49959201909758444,0.3749210279362526,0.131855131539736,0.598468109415816
13.833333333333334,1.234,0.5973978531085647,0.5725779854160742,0.4987492656792029,0.37434294098828036,0.13159339908895756,0.5973978531085647
13.85,1.2339,0.5963309132203884,0.5715693233807344,0.497909093751341,0.373766622262498,0.13133265033190358,0.5963309132203884
13.866666666666667,1.2338,0.5952672775879521,0.5705637749889284,0.4970714938546589,0.37319206503055746,0.13107288259869868,0.5952672775879521
13.883333333333333,1.2337,0.5942069340951699,0.5695613288355734,0.49623645656461224,0.3726192626017806,0.1308140931265921,0.5942069340951699
13.9,1.2336,0.5931498706730223,0.5685619735597691,0.49540397249130375,0.3720482083225356,0.1305562790730778,0.5931498706730223
13.916666666666666,1.2335,0.5920960752993761,0.5675656978446144,0.4945740322793626,0.3714788955754945,0.13029943752689935,0.5920960752993761
13.933333333333334,1.2334,0.5910455359988019,0.5665724904170242,0.4937466266078513,0.3709113177788188,0.13004356551735036,0.5910455359988019
13.95,1.2333,0.5899982408423947,0.5655823400475446,0.49292174619019424,0.37034546838531207,0.12978866002218586,0.5899982408423947
13.966666666666667,1.2332,0.5889541779475923,0.5645952355501684,0.492099381774125,0.369781340881565,0.129534717974395,0.5889541779475923
13.983333333333333,1.2331,0.5879133354779953,0.5636111657821501,0.4912795241416472,0.36921892878711265,0.12928173626803158,0.5879133354779953
14.0,1.233,0.5868757016431876,0.5626301196438197,0.490462164109007,0.36865822565361656,0.12902971176326056,0.5868757016431876
14.016666666666667,1.2328666666666666,0.5858412365432817,0.5616520594581738,0.48964727034711186,0.3680992098488751,0.128779146595826,0.5858412365432817
14.033333333333333,1.2327333333333335,0.5848099011316247,0.560676948353415,0.488834812194043,0.36754186020498797,0.12852984506503562,0.5848099011316247
14.05,1.2326,0.5837816842631146,0.5597047758371176,0.4880247809643874,0.36698617063612293,0.12828164328167274,0.5837816842631146
14.066666666666666,1.2324666666666668,0.5827565748342414,0.5587355314557406,0.4872171680040426,0.3664321350837352,0.12803448505541784,0.5827565748342414
14.083333333333334,1.2323333333333333,0.5817345617829296,0.5577692047944669,0.48641196469021664,0.36587974751673213,0.12778833855562033,0.5817345617829296
14.1,1.2322000000000002,0.5807156340883818,0.5568057854770474,0.4856091624314232,0.3653290019344089,0.12754318241649976,0.5807156340883818
14.116666666666667,1.2320666666666666,0.5796997807709222,0.5558452631656441,0.4848087526674725,0.3647798923729776,0.12729900084108112,0.5796997807709222
14.133333333333333,1.2319333333333333,0.5786869908918402,0.5548876275606769,0.48401072686945656,0.36423241291284036,0.12705578137561435,0.5786869908918402
14.15,1.2318,0.5776772535532332,0.5539328684006704,0.483215076539729,0.3636865576830234,0.1268135137388104,0.5776772535532332
14.166666666666666,1.2316666666666667,0.5766705578978497,0.5529809754621055,0.48242179321188033,0.3631423208614293,0.12657218914321616,0.5766705578978497
14.183333333333334,1.2315333333333334,0.5756668931089329,0.5520319385592702,0.4816308684507118,0.36259969667161285,0.12633179987340803,0.5756668931089329
14.2,1.2314,0.574666248410064,0.5510857475441149,0.48084229385221366,0.36205867937753844,0.1260923390095646,0.574666248410064
14.216666666666667,1.2312666666666667,0.573668613065005,0.550142392306108,0.4800560610435543,0.36151926327764394,0.12585380023861223,0.573668613065005
14.233333333333333,1.2311333333333334,0.5726739763775435,0.5492018627720947,0.47927216168308356,0.3609814426991166,0.12561617772078296,0.5726739763775435
14.25,1.231,0.5716823276913359,0.5482641489061577,0.4784905874603537,0.36044521199287416,0.1253794659926648,0.5716823276913359
14.266666666666667,1.2308666666666668,0.570693656389752,0.5473292407094793,0.4777113300961534,0.35991056552944856,0.12514365989509674,0.570693656389752
14.283333333333333,1.2307333333333332,0.5697079518957202,0.5463971282202058,0.4769343813425506,0.3593774976957862,0.12490875451845873,0.5697079518957202
14.3,1.2306000000000001,0.5687252036715731,0.5454678015133141,0.4761597329829362,0.3588460028928843,0.12467474516043692,0.5687252036715731
14.316666666666666,1.2304666666666666,0.5677454012188923,0.5445412507004798,0.4753873768320595,0.3583160755341406,0.12444162729292421,0.5677454012188923
14.333333333333334,1.2303333333333335,0.5667685340783571,0.5436174659299468,0.47461730473605085,0.35778771004428533,0.12420939653573235,0.5667685340783571
14.35,1.2302,0.5657945918295908,0.5426964373864003,0.473849508572423,0.3572609008587725,0.1239780486354663,0.5657945918295908
14.366666666666667,1.2300666666666669,0.5648235640910095,0.5417781552908405,0.4730839802500495,0.3567356424235241,0.12374757944836648,0.5648235640910095
14.383333333333333,1.2299333333333333,0.563855440519671,0.5408626099004589,0.47232071170911816,0.3562119291949364,0.12351798492624019,0.563855440519671
14.4,1.2298,0.5628902108111254,0.5399497915085161,0.4715596949210574,0.3556897556400752,0.12328926110482694,0.5628902108111254
14.416666666666666,1.2296666666666667,0.5619278646992671,0.5390396904442233,0.4708009218884398,0.35516911623700526,0.1230614040941003,0.5619278646992671
14.433333333333334,1.2295333333333334,0.5609683919561859,0.5381322970726239,0.4700443846448623,0.3546500054752054,0.12283441007012563,0.5609683919561859
14.45,1.2294,0.5600117823920203,0.5372276017944781,0.46929007525480626,0.3541324178560387,0.12260827526817986,0.5600117823920203
14.466666666666667,1.2292666666666667,0.5590580258548133,0.5363255950461492,0.46853798581348194,0.35361634789324936,0.12238299597690142,0.5590580258548133
14.483333333333333,1.2291333333333334,0.5581071122303674,0.5354262672994903,0.4677881084466579,0.3531017901134696,0.12215856853328871,0.5581071122303674
14.5,1.229,0.5571590314421015,0.5345296090617344,0.467040435310481,0.3525887390567206,0.12193498931840169,0.5571590314421015
14.516666666666667,1.2289,0.5562137992625932,0.5336356352874745,0.46629497894805444,0.3520772032458959,0.121711765511054,0.5562137992625932
14.533333333333333,1.2288000000000001,0.5552714307664743,0.5327443602721018,0.46555175135581917,0.3515671908231835,0.12148908486159707,0.5552714307664743
14.55,1.2287000000000001,0.5543319155306179,0.5318557741962004,0.4648107444230652,0.3510586961277491,0.12126709925726101,0.5543319155306179
14.566666666666666,1.2286,0.5533952431722491,0.5309698672784008,0.4640719500712474,0.3505517135157222,0.12104585588336525,0.5533952431722491
14.583333333333334,1.2285000000000001,0.5524614033487873,0.5300866297752511,0.4633353602537717,0.3500462373601503,0.12082537841109076,0.5524614033487873
14.6,1.2284,0.551530385757691,0.5292060519810886,0.4626009669557837,0.3495422620491935,0.12060568047486028,0.551530385757691
14.616666666666667,1.2283,0.5506021801363027,0.5283281242279116,0.46186876219396067,0.34903978198161345,0.12038677040281767,0.5506021801363027
14.633333333333333,1.2282000000000002,0.5496767762616969,0.5274528368852494,0.4611387380163072,0.3485387915611263,0.12016865335909108,0.5496767762616969
14.65,1.2281,0.5487541639505275,0.526580180360033,0.46041088650195605,0.34803928519228305,0.11995133246667669,0.5487541639505275
14.666666666666666,1.2280000000000002,0.5478343330588787,0.5257101450964645,0.4596851997609722,0.3475412572792856,0.11973480945607107,0.5478343330588787
14.683333333333334,1.2279,0.5469172734821162,0.5248427215758853,0.4589616699341605,0.34704470222757566,0.11951908506711434,0.5469172734821162
14.7,1.2278,0.5460029751547387,0.5239779003166448,0.4582402891928714,0.34654961444726035,0.11930415931151508,0.5460029751547387
14.716666666666667,1.2277,0.5450914280502325,0.5231156718739663,0.45752104973880325,0.3460559883573715,0.11909003165167939,0.5450914280502325
14.733333333333333,1.2276,0.5441826221809253,0.5222560268398141,0.45680394380379413,0.3455638183902038,0.11887670112671814,0.5441826221809253
14.75,1.2275,0.5432765475978434,0.5213989558427576,0.45608896364960394,0.345073098995265,0.11866416644375716,0.5432765475978434
14.766666666666667,1.2274,0.5423731943905674,0.5205444495478367,0.4553761015676865,0.34458382464261844,0.11845242604568162,0.5423731943905674
14.783333333333333,1.2273,0.5414725526870897,0.519692498656425,0.454665349878954,0.3440959898255482,0.11824147816242067,0.5414725526870897
14.8,1.2272,0.5405746126536741,0.5188430939060924,0.4539567009335407,0.3436095890625772,0.11803132085045384,0.5405746126536741
14.816666666666666,1.2271,0.5396793644947134,0.5179962260704676,0.45325014711056844,0.3431246168989113,0.11782195202371185,0.5396793644947134
14.833333333333334,1.2269999999999999,0.5387867984525905,0.5171518859590993,0.4525456808179226,0.3426410679073989,0.11761336947807369,0.5387867984525905
14.85,1.2269,0.5378969048075376,0.5163100644173163,0.45184329449204097,0.34215893668910013,0.11740557091102066,0.5378969048075376
14.866666666666667,1.2268,0.5370096738774981,0.5154707523260871,0.4511429805977193,0.3416782178735468,0.1171985539375748,0.5370096738774981
14.883333333333333,1.2267000000000001,0.5361250960179871,0.5146339406018791,0.4504447316279365,0.34119890611876696,0.11699231610334915,0.5361250960179871
14.9,1.2266000000000001,0.5352431616219534,0.5137996201965163,0.44974854010369925,0.34072099611113293,0.11678685489532772,0.5352431616219534
14.916666666666666,1.2265,0.5343638611196407,0.512967782097036,0.44905439857390617,0.3402444825650827,0.11658216775084074,0.5343638611196407
14.933333333333334,1.2264000000000002,0.5334871849784508,0.5121384173255452,0.4483622996152313,0.3397693602227525,0.11637825206509217,0.5334871849784508
14.95,1.2263,0.5326131237028051,0.5113115169390758,0.44767223583202365,0.3392956238535505,0.11617510519751564,0.5326131237028051
14.966666666666667,1.2262,0.5317416678340071,0.5104870720294392,0.44698419985622273,0.33882326825369613,0.11597272447717386,0.5317416678340071
14.983333333333333,1.2261,0.5308728079501053,0.5096650737230808,0.4462981843472865,0.3383522882457405,0.11577110720737213,0.5308728079501053
15.0,1.226,0.5300065346657554,0.5088455131809326,0.44561418199212965,0.33788267867808275,0.11557025066962118,0.5300065346657554
15.016666666666667,1.2259,0.5291428386320833,0.5080283815982685,0.4449321855050711,0.33741443442449043,0.11537015212705759,0.5291428386320833
15.033333333333333,1.2258,0.5282817105365467,0.5072136702045558,0.4442521876277873,0.33694755038363156,0.11517080882740982,0.5282817105365467
15.05,1.2257,0.5274231411027989,0.5064013702633101,0.4435741811292707,0.3364820214786224,0.11497221800558155,0.5274231411027989
15.066666666666666,1.2256,0.5265671210905493,0.5055914730719493,0.44289815880579114,0.33601784265659396,0.1147743768859101,0.5265671210905493
15.083333333333334,1.2255,0.5257136412954274,0.5047839699616473,0.44222411348085827,0.3355550088882793,0.1145772826841491,0.5257136412954274
15.1,1.2254,0.5248626925488435,0.5039788522971902,0.4415520380051856,0.3350935151676225,0.11438093260921392,0.5248626925488435
15.116666666666667,1.2253,0.5240142657178514,0.503176111476832,0.44088192525665276,0.3346333565114086,0.11418532386472521,0.5240142657178514
15.133333333333333,1.2252,0.5231683517050093,0.5023757389321527,0.44021376814026747,0.33417452795891606,0.11399045365037658,0.5231683517050093
15.15,1.2251,0.5223249414482423,0.5015777261279153,0.43954755958812475,0.33371702457158925,0.11379631916315064,0.5223249414482423
15.166666666666666,1.225,0.5214840259207025,0.5007820645619269,0.43888329255936426,0.33326084143273094,0.11360291759840349,0.5214840259207025
15.183333333333334,1.2249,0.5206455961306318,0.4999887457648989,0.43822096004012445,0.3328059736472145,0.11341024615083412,0.5206455961306318
15.2,1.2248,0.5198096431212216,0.4991977613003098,0.4375605550434941,0.33235241634121304,0.11321830201535288,0.5198096431212216
15.216666666666667,1.2247000000000001,0.518976157970475,0.4984091027642693,0.4369020706094604,0.33190016466194644,0.11302708238786219,0.518976157970475
15.233333333333333,1.2246,0.5181451317910676,0.4976227617853832,0.43624549980485394,0.3314492137774431,0.11283658446595884,0.5181451317910676
15.25,1.2245000000000001,0.517316555730209,0.49683873002462053,0.43559083572329027,0.3309995588763171,0.11264680544956798,0.517316555730209
15.266666666666667,1.2244000000000002,0.5164904209695027,0.49605699917518176,0.43493807148510877,0.3305511951675586,0.11245774254151597,0.5164904209695027
15.283333333333333,1.2243,0.5156667187248098,0.4952775609623686,0.43428720023730794,0.3301041178803368,0.1122693929480496,0.5156667187248098
15.3,1.2242000000000002,0.5148454402461085,0.49450040714345506,0.43363821515347767,0.3296583222638144,0.11208175387930652,0.5148454402461085
15.316666666666666,1.2241,0.5140265768173572,0.4937255295075601,0.4329911094337294,0.32921380358697294,0.1118948225497435,0.5140265768173572
15.333333333333334,1.2240000000000002,0.5132101197563568,0.49295291987552137,0.4323458763046226,0.328770557138448,0.11170859617852577,0.5132101197563568
15.35,1.2239000000000002,0.5123960604146123,0.49218257009977034,0.43170250901908946,0.32832857822637296,0.1115230719898821,0.5123960604146123
15.366666666666667,1.2238,0.5115843901771964,0.49141447206420863,0.43106100085635696,0.3278878621782318,0.11133824721342901,0.5115843901771964
15.383333333333333,1.2237000000000002,0.5107751004626133,0.49064861768408563,0.43042134512186664,0.3274484043407185,0.11115411908446698,0.5107751004626133
15.4,1.2236,0.509968182722662,0.4898849989058769,0.4297835351471926,0.3270102000796045,0.1109706848442516,0.509968182722662
15.416666666666666,1.2235,0.5091636284423016,0.4891236077071639,0.4291475642899578,0.3265732447796118,0.11078794174024204,0.5091636284423016
15.433333333333334,1.2234000000000003,0.5083614291395152,0.4883644360965149,0.4285134259337481,0.3261375338442919,0.1106058870263288,0.5083614291395152
15.45,1.2233,0.5075615763651775,0.4876074761133662,0.42788111348802527,0.32570306269591087,0.11042451796304306,0.5075615763651775
15.466666666666667,1.2232,0.5067640617029199,0.4868527198279045,0.4272506203880386,0.32526982677533817,0.11024383181774866,0.5067640617029199
15.483333333333333,1.2231,0.5059688767689979,0.48610015934095074,0.4266219400947353,0.32483782154194063,0.11006382586481919,0.5059688767689979
15.5,1.223,0.5051760132121594,0.48534978678384366,0.42599506609466953,0.3244070424734808,0.10988449738580013,0.5051760132121594
15.516666666666667,1.2229333333333334,0.5043854844072461,0.4846016148498231,0.4253700090531609,0.3239774968541188,0.10970538508236845,0.5043854844072461
15.533333333333333,1.2228666666666668,0.5035973031485641,0.48385565568346456,0.4247467791796119,0.32354919165710094,0.1095266758988657,0.5035973031485641
15.55,1.2228,0.50281146080392,0.4831119011510329,0.42412536974296855,0.32312212221534925,0.10934851211178992,0.50281146080392
15.566666666666666,1.2227333333333334,0.5020279487758333,0.4823703431514371,0.42350577403955,0.32269628388128463,0.10917093708712759,0.5020279487758333
15.583333333333334,1.2226666666666668,0.5012467585013892,0.48163097361610036,0.4228879853929398,0.32227167202661383,0.10899397233474702,0.5012467585013892
15.6,1.2226000000000001,0.5004678814520944,0.48089378450883147,0.4222719971538771,0.3218482820414821,0.10881763015282146,0.5004678814520944
15.616666666666667,1.2225333333333335,0.4996913091337316,0.480158767825696,0.4216578027001472,0.321426109332285,0.10864191802272688,0.4996913091337316
15.633333333333333,1.2224666666666668,0.49891703308621665,0.47942591559488823,0.4210453954364721,0.32100514931839774,0.10846684058134168,0.49891703308621665
15.65,1.2224000000000002,0.49814504488345535,0.4786952198766045,0.4204347687944015,0.3205853974290571,0.10829240064612668,0.49814504488345535
15.666666666666666,1.2223333333333335,0.4973753361332013,0.47796667276291577,0.4198259162322018,0.3201668491014865,0.10811859980261887,0.4973753361332013
15.683333333333334,1.2222666666666668,0.49660789847691605,0.47724026637764155,0.41921883123474657,0.3197494997805992,0.10794543876575308,0.49660789847691605
15.7,1.2222,0.4958427235896278,0.4765159928762239,0.4186135073134034,0.3193333449200263,0.10777291761433144,0.4958427235896278
15.716666666666667,1.2221333333333333,0.4950798031797928,0.4757938444456026,0.41800993800591757,0.3189183799839783,0.1076010359497569,0.4950798031797928
15.733333333333333,1.2220666666666669,0.49431912898915664,0.47507381330408915,0.41740811687629,0.3185046004494755,0.10742979300725011,0.49431912898915664
15.75,1.2220000000000002,0.4935606927926169,0.4743558917012435,0.41680803751464723,0.31809200180859454,0.10725918773602675,0.4935606927926169
15.766666666666667,1.2219333333333333,0.4928044863980862,0.47364007191774926,0.41620969353710385,0.31768057957051765,0.10708921885850545,0.4928044863980862
15.783333333333333,1.2218666666666667,0.4920505016463563,0.4729263462652904,0.4156130785856167,0.31727032926327225,0.10691988491494062,0.4920505016463563
15.8,1.2218000000000002,0.4912987304109625,0.47221470708642743,0.4150181863278333,0.31686124643512636,0.1067511842976751,0.4912987304109625
15.816666666666666,1.2217333333333333,0.4905491645980497,0.4715051467544753,0.41442501045693714,0.31645332665564607,0.10658311527784056,0.4905491645980497
15.833333333333334,1.2216666666666667,0.4898017961462382,0.4707976576733801,0.41383354469149136,0.31604656551645016,0.10641567602646143,0.4898017961462382
15.85,1.2216,0.4890566170264913,0.4700922322775973,0.4132437827752856,0.3156409586317035,0.10624886463134178,0.4890566170264913
15.866666666666667,1.2215333333333334,0.4883136192419823,0.4693888630319691,0.4126557184771871,0.3152365016383949,0.10608267911072783,0.4883136192419823
15.883333333333333,1.2214666666666667,0.4875727948279634,0.46868754243160304,0.41206934559099817,0.3148331901964422,0.10591711742447282,0.4875727948279634
15.9,1.2214,0.48683413585163454,0.46798826300174995,0.41148465793532235,0.31443101998866146,0.10575217748324306,0.48683413585163454
15.916666666666666,1.2213333333333334,0.4860976344120132,0.4672910172976821,0.4109016493534388,0.3140299867206353,0.10558785715617242,0.4860976344120132
15.933333333333334,1.2212666666666667,0.4853632826398051,0.4665957979045716,0.41032031371318606,0.31363008612050347,0.10542415427727372,0.4853632826398051
15.95,1.2212,0.48463107269727485,0.4659025974373686,0.4097406449068547,0.3132313139387007,0.10526106665084745,0.48463107269727485
15.966666666666667,1.2211333333333334,0.48390099677811743,0.4652114085406796,0.40916263685108817,0.31283366594765744,0.10509859205607255,0.48390099677811743
15.983333333333333,1.2210666666666667,0.4831730471073309,0.4645222238886452,0.4085862834867915,0.3124371379414782,0.10493672825092709,0.4831730471073309
16.0,1.221,0.4824472159410892,0.4638350361848188,0.4080115787790465,0.31204172573560685,0.10477547297555373,0.4824472159410892
16.016666666666666,1.2209333333333334,0.48172349556661453,0.4631498381620446,0.4074385167170323,0.31164742516648836,0.10461482395516464,0.48172349556661453
16.033333333333335,1.2208666666666665,0.48100187830205277,0.4624666225823356,0.4068670913139515,0.31125423209123126,0.10445477890255955,0.48100187830205277
16.05,1.2208,0.48028235649634654,0.46178538223675275,0.406297296606959,0.31086214238727716,0.10429533552031858,0.48028235649634654
16.066666666666666,1.2207333333333334,0.47956492252911054,0.46110610994528256,0.4057291266570944,0.31047115195207853,0.10413649150271997,0.47956492252911054
16.083333333333332,1.2206666666666668,0.4788495688105069,0.46042879855671703,0.4051625755492154,0.31008125670278835,0.10397824453742288,0.4788495688105069
16.1,1.2206,0.47813628778112094,0.45975344094853243,0.4045976373919342,0.3096924525759618,0.10382059230695029,0.47813628778112094
16.116666666666667,1.2205333333333335,0.4774250719118368,0.45908003002676934,0.4040343063175522,0.3093047355272715,0.1036635324899993,0.4774250719118368
16.133333333333333,1.2204666666666668,0.476715913703715,0.45840855872591235,0.40347257648199664,0.30891810153123683,0.10350706276260313,0.476715913703715
16.15,1.2204000000000002,0.47600880568786835,0.457739020008772,0.4029124420647559,0.3085325465809662,0.10335118079916457,0.47600880568786835
16.166666666666668,1.2203333333333333,0.4753037404253396,0.45707140686636505,0.40235389726881426,0.30814806668791317,0.10319588427337725,0.4753037404253396
16.183333333333334,1.2202666666666668,0.4746007105069797,0.4564057123177975,0.4017969363205855,0.30776465788164586,0.10304117085904965,0.4746007105069797
16.2,1.2202000000000002,0.4738997085533246,0.4557419294101471,0.4012415534698455,0.30738231620962797,0.10288703823084357,0.4738997085533246
16.216666666666665,1.2201333333333335,0.47320072721447487,0.4550800512183473,0.40068774298966336,0.3070010377370126,0.1027334840649373,0.47320072721447487
16.233333333333334,1.2200666666666666,0.4725037591699737,0.45442007084507163,0.4001354991763304,0.30662081854644724,0.10258050603962302,0.4725037591699737
16.25,1.22,0.47180879712868606,0.45376198142061874,0.3995848163492888,0.3062416547378885,0.10242810183584532,0.47180879712868606
16.266666666666666,1.2199333333333335,0.47111583382867844,0.4531057761027986,0.3990356888510571,0.30586354242842784,0.10227626913768817,0.47111583382867844
16.283333333333335,1.2198666666666667,0.4704248620370983,0.45245144807681964,0.39848811104715565,0.30548647775212623,0.10212500563281554,0.4704248620370983
16.3,1.2198,0.46973587455005483,0.45179899055517614,0.3979420773260294,0.3051104568598568,0.10197430901116065,0.46973587455005483
16.316666666666666,1.2197333333333333,0.46904886419249875,0.45114839677753693,0.39739758209896914,0.30473547591915706,0.10182417697249485,0.46904886419249875
16.333333333333332,1.219666666666667,0.4683638238181041,0.45049966001063435,0.3968546198000326,0.3043615311140865,0.1016746072152368,0.4683638238181041
16.35,1.2196,0.4676807463091493,0.4498527735481549,0.3963131848859624,0.3039886186450931,0.10152559744512105,0.4676807463091493
16.366666666666667,1.2195333333333334,0.4669996245763991,0.44920773071062947,0.3957732718361041,0.3036167347288849,0.10137714537305906,0.4669996245763991
16.383333333333333,1.2194666666666667,0.466320451558987,0.4485645248453253,0.39523487515232214,0.30324587559830796,0.10122924871544314,0.466320451558987
16.4,1.2194000000000003,0.4656432202242976,0.44792314932613764,0.3946979893589157,0.3028760375022297,0.10108190519438583,0.4656432202242976
16.416666666666668,1.2193333333333334,0.464967923567851,0.44728359755348346,0.3941626090025321,0.30250721670542746,0.10093511253793194,0.464967923567851
16.433333333333334,1.2192666666666667,0.464294554613185,0.4466458629541943,0.3936287286520809,0.302139409488481,0.10078886848025129,0.464294554613185
16.45,1.2192,0.4636231064117409,0.44600993898141084,0.3930963428986462,0.30177261214767026,0.10064317076181464,0.4636231064117409
16.466666666666665,1.2191333333333336,0.4629535720427472,0.44537581911447743,0.39256544635539836,0.30140682099487626,0.100498017129554,0.4629535720427472
16.483333333333334,1.2190666666666667,0.46228594461310574,0.44474349685883774,0.3920360336575053,0.30104203235748567,0.10035340533701011,0.46228594461310574
16.5,1.219,0.4616202172572771,0.44411296574593023,0.3915080994620431,0.3006782425782995,0.10020933314446709,0.4616202172572771
16.516666666666666,1.2189666666666668,0.4609564014140961,0.4434842366440835,0.3909816529430199,0.3003154580045866,0.10006536890839782,0.4609564014140961
16.533333333333335,1.2189333333333334,0.4602945080388416,0.44285731996445177,0.3904567028940876,0.2999536847239568,0.09992169874428058,0.4602945080388416
16.55,1.2189,0.4596345300377945,0.44223220902342875,0.3899332437961043,0.29959291896184015,0.0997784549625039,0.4596345300377945
16.566666666666666,1.2188666666666668,0.45897646034660305,0.44160889716512,0.38941127015323246,0.2992331569599428,0.099635676776432,0.45897646034660305
16.583333333333332,1.2188333333333334,0.45832029193015594,0.44098737776122754,0.3888907764928369,0.29887439497613,0.09949338327388496,0.45832029193015594
16.6,1.2188,0.45766601778245763,0.440367644210934,0.38837175736538077,0.29851662928409994,0.09935158520133622,0.45766601778245763
16.616666666666667,1.2187666666666668,0.4570136309265011,0.4397496899407867,0.387854207344323,0.2981598561724698,0.0992102890072381,0.4570136309265011
16.633333333333333,1.2187333333333334,0.4563631244141447,0.43913350840458387,0.3873381210260149,0.29780407194315606,0.09906949863527836,0.4563631244141447
16.65,1.2187,0.45571449132598735,0.43851909308325965,0.38682349302959756,0.29744927290948764,0.09892921644626444,0.45571449132598735
16.666666666666668,1.2186666666666668,0.45506772477124524,0.4379064374847703,0.38631031799689897,0.2970954553946855,0.09878944374110565,0.45506772477124524
16.683333333333334,1.2186333333333335,0.454422817887629,0.4372955351439811,0.38579859059233124,0.29674261573109456,0.09865018107939652,0.454422817887629
16.7,1.2186000000000001,0.4537797638412217,0.43668637962255263,0.3852883055027873,0.29639075026021355,0.09851142848430311,0.4537797638412217
16.716666666666665,1.2185666666666668,0.4531385558263575,0.43607896450882905,0.3847794574375369,0.2960398553333545,0.0983731855801009,0.4531385558263575
16.733333333333334,1.2185333333333335,0.4524991870655002,0.43547328341772507,0.38427204112812063,0.2956899273126894,0.09823545168777484,0.4524991870655002
16.75,1.2185000000000001,0.45186165080912344,0.4348693299906145,0.3837660513282409,0.2953409625724658,0.09809822589342057,0.45186165080912344
16.766666666666666,1.2184666666666666,0.4512259403355908,0.43426709789521867,0.38326148281364925,0.29499295750022564,0.0979615070983969,0.4512259403355908
16.783333333333335,1.2184333333333333,0.450592048951037,0.43366658082549553,0.38275833038203005,0.2946459084979227,0.09782529405687682,0.450592048951037
16.8,1.2184,0.44995996998924903,0.43306777250152856,0.38225658885287994,0.29429981198288313,0.09768958540448003,0.44995996998924903
16.816666666666666,1.2183666666666668,0.4493296968115482,0.4324706666694169,0.3817562530673851,0.2939546643885863,0.09755437968045645,0.4493296968115482
16.833333333333332,1.2183333333333335,0.4487012228066734,0.43187525710116503,0.3812573178882957,0.29361046216526726,0.09741967534511725,0.4487012228066734
16.85,1.2183000000000002,0.44807454139066344,0.4312815375945731,0.38075977819980106,0.29326720178035615,0.09728547079370474,0.44807454139066344
16.866666666666667,1.2182666666666666,0.4474496460067412,0.4306895019731276,0.38026362890740506,0.2929248797187719,0.09715176436755438,0.4474496460067412
16.883333333333333,1.2182333333333333,0.4468265301251986,0.43009914408589256,0.37976886493780426,0.2925834924830943,0.09701855436316902,0.4468265301251986
16.9,1.2182,0.44620518724327984,0.42951045780740016,0.37927548123876864,0.29224303659363615,0.09688583903966422,0.44620518724327984
16.916666666666668,1.2181666666666666,0.4455856108850686,0.42892343703754277,0.3787834727790278,0.29190350858843434,0.09675361662492901,0.4455856108850686
16.933333333333334,1.2181333333333333,0.44496779460137237,0.4283380757014641,0.3782928345481603,0.2915649050231785,0.09662188532076287,0.44496779460137237
16.95,1.2181000000000002,0.44435173196960975,0.427754367749451,0.37780356155648875,0.2912272224710911,0.09649064330718908,0.44435173196960975
16.966666666666665,1.2180666666666666,0.4437374165936969,0.427172307156826,0.3773156488349802,0.29089045752277287,0.09635988874610057,0.4437374165936969
16.983333333333334,1.2180333333333333,0.4431248421039352,0.4265918879238387,0.37682909143515,0.29055460678602174,0.09622961978435975,0.4431248421039352
17.0,1.218,0.4425140021568987,0.4260131040755583,0.37634388442897154,0.2902196668856355,0.096099834556449,0.4425140021568987
17.016666666666666,1.2179333333333333,0.44190487365021286,0.42543593375718197,0.37586000957478244,0.28988562525781253,0.09597094623000463,0.44190487365021286
17.033333333333335,1.2178666666666667,0.44129743397211774,0.42486035557781726,0.37537744901726106,0.28955246960569236,0.09584276541277495,0.44129743397211774
17.05,1.2178,0.44069167713534985,0.42428636389845803,0.37489619810565267,0.289220196749704,0.09571516102405589,0.44069167713534985
17.066666666666666,1.2177333333333333,0.44008759717647794,0.42371395310260784,0.3744162522077825,0.2888888035253654,0.09558809207472813,0.44008759717647794
17.083333333333332,1.2176666666666667,0.4394851881558062,0.42314311759618606,0.3739376067099909,0.2885582867830947,0.09546153680526202,0.4394851881558062
17.1,1.2176,0.43888444415727806,0.4225738518074341,0.3734602570170702,0.2882286433881452,0.09533548135447197,0.43888444415727806
17.116666666666667,1.2175333333333334,0.43828535928838086,0.42200615018682197,0.37298419855220377,0.28789987022091845,0.09520991590143199,0.43828535928838086
17.133333333333333,1.2174666666666667,0.4376879276800499,0.42144000720695435,0.3725094267569047,0.28757196417781405,0.09508483296628334,0.4376879276800499
17.15,1.2174,0.4370921434865732,0.42087541736247847,0.3720359370909554,0.28724492217238967,0.0949602265423795,0.4370921434865732
17.166666666666668,1.2173333333333334,0.4364980008854973,0.4203123751699911,0.37156372503234836,0.2869187411363904,0.09483609160698159,0.4364980008854973
17.183333333333334,1.2172666666666667,0.4359054940775312,0.41975087516794596,0.3710927860772259,0.28659341802030686,0.09471242382494602,0.4359054940775312
17.2,1.2172,0.43531461728645376,0.41919091191656266,0.3706231157398206,0.28626894979335527,0.09458921935924457,0.43531461728645376
17.216666666666665,1.2171333333333334,0.4347253647590182,0.41863247999773473,0.3701547095523964,0.28594533344295464,0.09446647474447277,0.4347253647590182
17.233333333333334,1.2170666666666667,0.43413773076485873,0.4180755740149387,0.36968756306518946,0.28562256597385616,0.09434418679940385,0.43413773076485873
17.25,1.217,0.43355170959639744,0.41752018859314427,0.369221671846352,0.2853006444070907,0.09422235256475528,0.43355170959639744
17.266666666666666,1.2169333333333334,0.43296729556875024,0.41696631837872355,0.3687570314818971,0.2849795657788663,0.09410096925779854,0.43296729556875024
17.283333333333335,1.2168666666666665,0.4323844830196343,0.4164139580393625,0.36829363757564604,0.28465932713951125,0.09398003423855048,0.4323844830196343
17.3,1.2168,0.43180326630927524,0.41586310226397116,0.3678314857491786,0.2843399255525167,0.09385954498412724,0.43180326630927524
17.316666666666666,1.2167333333333334,0.43122363982031464,0.4153137457625961,0.36737057164178477,0.2840213580937091,0.09373949906897627,0.43122363982031464
17.333333333333332,1.2166666666666668,0.4306455979577177,0.4147658832663321,0.3669108909104183,0.28370362185055736,0.093619894149422,0.4306455979577177
17.35,1.2166,0.4300691351486813,0.41421950952723496,0.36645243922965076,0.28338671392161274,0.09350072795143008,0.4300691351486813
17.366666666666667,1.2165333333333335,0.4294942458425427,0.41367461931823474,0.365995212291625,0.2830706314160672,0.09338199826080992,0.4294942458425427
17.383333333333333,1.2164666666666668,0.4289209245106879,0.41313120743304965,0.36553920580600796,0.28275537145341667,0.09326370291528782,0.4289209245106879
17.4,1.2164000000000001,0.42834916564646075,0.4125892686861006,0.3650844154999405,0.28244093116321334,0.09314583979803473,0.42834916564646075
17.416666666666668,1.2163333333333333,0.42777896376507213,0.41204879791242555,0.3646308371179848,0.2821273076848908,0.0930284068323351,0.42777896376507213
17.433333333333334,1.2162666666666666,0.4272103134035097,0.41150978996759574,0.3641784664220692,0.2818144981676489,0.0929114019771623,0.4272103134035097
17.45,1.2162000000000002,0.42664320912044784,0.4109722397276312,0.36372729919142843,0.2815024997703857,0.09279482322347918,0.42664320912044784
17.466666666666665,1.2161333333333335,0.4260776454961575,0.410436142088918,0.36327733122254113,0.28119130966166606,0.0926786685911242,0.4260776454961575
17.483333333333334,1.2160666666666666,0.42551361713241787,0.40990149196812503,0.36282855832906313,0.2808809250197182,0.09256293612617447,0.42551361713241787
17.5,1.216,0.42495111865242613,0.40936828430212235,0.36238097634175787,0.2805713430324509,0.09244762389869907,0.42495111865242613
17.516666666666666,1.2159333333333335,0.4243901447007098,0.40883651404789934,0.3619345811084233,0.280262560897486,0.09233273000083489,0.4243901447007098
17.533333333333335,1.2158666666666667,0.42383068994303763,0.40830617618248344,0.36148936849381613,0.2799545758221997,0.09221825254512997,0.42383068994303763
17.55,1.2158,0.4232727490663324,0.4077772657028604,0.36104533437957365,0.2796473850237714,0.09210418966311047,0.4232727490663324
17.566666666666666,1.2157333333333333,0.42271631677858307,0.40724977762589365,0.36060247466413325,0.27934098572923527,0.09199053950403496,0.42271631677858307
17.583333333333332,1.2156666666666667,0.42216138780875767,0.40672370698824506,0.3601607852626508,0.2790353751755331,0.09187730023380736,0.42216138780875767
17.6,1.2156,0.4216079569067168,0.40619904884629615,0.35972026210691666,0.2787305506095665,0.09176447003402421,0.4216079569067168
17.616666666666667,1.2155333333333334,0.42105601884312693,0.4056757982760689,0.3592809011452721,0.27842650928824664,0.09165204710113592,0.42105601884312693
17.633333333333333,1.2154666666666667,0.42050556840937475,0.40515395037314805,0.3588426983425239,0.2781232484785423,0.0915400296457063,0.42050556840937475
17.65,1.2154,0.419956600417482,0.40463350025260286,0.35840564967985955,0.2778207654575229,0.091428415891756,0.419956600417482
17.666666666666668,1.2153333333333334,0.41940910970001966,0.4041144430489094,0.35796975115476126,0.2775190575123988,0.09131720407617841,0.41940910970001966
17.683333333333334,1.2152666666666667,0.4188630911100242,0.4035967739158737,0.3575349987809212,0.27721812194055684,0.09120639244821807,0.4188630911100242
17.7,1.2152,0.4183185395209125,0.40308048802655416,0.3571013885881569,0.276917956049591,0.09109597926900412,0.4183185395209125
17.716666666666665,1.2151333333333334,0.417775449826399,0.40256558057318487,0.3566689166223261,0.27661855715732975,0.09098596281113054,0.417775449826399
17.733333333333334,1.2150666666666667,0.4172338169404118,0.40205204676709894,0.3562375789452439,0.27631992259185817,0.09087634135827816,0.4172338169404118
17.75,1.215,0.4166936357970096,0.4015398818386518,0.35580737163459925,0.27602204969153615,0.09076711320487307,0.4166936357970096
17.766666666666666,1.2149333333333334,0.41615490135029987,0.40102908103714513,0.3553782907838733,0.27572493580501234,0.09065827665577669,0.41615490135029987
17.783333333333335,1.2148666666666668,0.41561760857435603,0.4005196396307503,0.3549503325022578,0.27542857829123435,0.09054983002600445,0.41561760857435603
17.8,1.2148,0.4150817524631365,0.40001155290643253,0.35452349291457574,0.2751329745194549,0.09044177164046871,0.4150817524631365
17.816666666666666,1.2147333333333332,0.41454732803040306,0.39950481616987454,0.35409776816120103,0.2748381218692347,0.09033409983374428,0.41454732803040306
17.833333333333332,1.2146666666666666,0.41401433030963997,0.39899942474540095,0.3536731543979813,0.27454401773044157,0.09022681294985323,0.41401433030963997
17.85,1.2146000000000001,0.4134827543539738,0.3984953739759024,0.3532496477961604,0.27425065950324706,0.09011990934206718,0.4134827543539738
17.866666666666667,1.2145333333333332,0.4129525952360932,0.3979926592227597,0.3528272445423023,0.27395804459811934,0.0900133873727251,0.4129525952360932
17.883333333333333,1.2144666666666666,0.412423848048169,0.39749127586576855,0.3524059408382164,0.27366617043581376,0.08990724541306502,0.412423848048169
17.9,1.2144,0.4118965079017757,0.3969912193030635,0.3519857329008831,0.2733750344473612,0.08980148184306808,0.4118965079017757
17.916666666666668,1.2143333333333333,0.4113705699278114,0.39649248495104317,0.35156661696238084,0.27308463407405315,0.08969609505131398,0.4113705699278114
17.933333333333334,1.2142666666666666,0.4108460292764199,0.39599506824429465,0.3511485892698143,0.27279496676742515,0.08959108343484612,0.4108460292764199
17.95,1.2142,0.4103228811169123,0.3954989646355183,0.350731646085243,0.2725060299892381,0.08948644539904611,0.4103228811169123
17.966666666666665,1.2141333333333333,0.409801120637689,0.395004169595453,0.3503157836856112,0.2722178212114581,0.08938217935751622,0.409801120637689
17.983333333333334,1.2140666666666666,0.4092807430461621,0.39451067861280087,0.3499009983626786,0.27193033791623367,0.08927828373196918,0.4092807430461621
18.0,1.214,0.40876174356867756,0.3940184871941529,0.3494872864229518,0.2716435775958719,0.08917475695212501,0.40876174356867756
18.016666666666666,1.2139666666666666,0.40824413176204055,0.3935276044365783,0.34907465559691736,0.2713575456619297,0.08907120918762038,0.40824413176204055
18.033333333333335,1.2139333333333333,0.407727916813051,0.39303803908698076,0.3486631133224865,0.27107224732543644,0.08896782464497638,0.407727916813051
18.05,1.2139,0.4072130937781939,0.3925497864918425,0.34825265577375997,0.2707876799902851,0.08886472066589016,0.4072130937781939
18.066666666666666,1.2138666666666666,0.4066996577341619,0.39206284201672426,0.3478432791405416,0.27050384107124714,0.0887619303818599,0.4066996577341619
18.083333333333332,1.2138333333333335,0.4061876037777687,0.3915772010461809,0.3474349796282653,0.27022072799393393,0.08865946945998188,0.4061876037777687
18.1,1.2138,0.40567692702586255,0.39109285898367824,0.34702775345792314,0.26993833819471946,0.08855734653963195,0.40567692702586255
18.116666666666667,1.2137666666666667,0.40516762261524103,0.39060981125150973,0.3466215968659935,0.2696566691205173,0.08845556672824578,0.40516762261524103
18.133333333333333,1.2137333333333333,0.40465968570256466,0.390128053290713,0.3462165061043704,0.26937571822828554,0.0883541331193986,0.40465968570256466
18.15,1.2137,0.40415311146427263,0.38964758056098747,0.34581247744029286,0.2690954829842863,0.08825304755856972,0.40415311146427263
18.166666666666668,1.2136666666666667,0.40364789509649684,0.38916838854061186,0.34540950715627594,0.26881596086329046,0.08815231107012253,0.40364789509649684
18.183333333333334,1.2136333333333333,0.4031440318149779,0.3886904727263617,0.3450075915500408,0.26853714934794226,0.08805192411331603,0.4031440318149779
18.2,1.2136,0.4026415168549807,0.38821382863342796,0.3446067269344468,0.26825904592841293,0.087951886744557,0.4026415168549807
18.216666666666665,1.2135666666666667,0.40214034547121,0.38773845179533506,0.3442069096374226,0.26798164810236114,0.08785219872484679,0.40214034547121
18.233333333333334,1.2135333333333336,0.40164051293772723,0.38726433776385993,0.34380813600189836,0.2677049533751499,0.08775285959352408,0.40164051293772723
18.25,1.2135,0.40114201454786635,0.3867914821089512,0.34341040238573717,0.2674289592602383,0.08765386872040344,0.40114201454786635
18.266666666666666,1.2134666666666667,0.40064484561415137,0.3863198804186482,0.3430137051616657,0.26715366327966616,0.08755522534357811,0.40064484561415137
18.283333333333335,1.2134333333333334,0.4001490014682127,0.3858495282990011,0.34261804071720453,0.2668790629645667,0.0874569285974263,0.4001490014682127
18.3,1.2134,0.39965447746070515,0.38538042137399114,0.3422234054545966,0.26660515585565925,0.08735897753375278,0.39965447746070515
18.316666666666666,1.2133666666666667,0.3991612689612253,0.38491255528545054,0.3418297957907349,0.2663319395036926,0.08726137113801208,0.3991612689612253
18.333333333333332,1.2133333333333334,0.3986693713582296,0.38444592569298386,0.3414372081570888,0.2660594114698233,0.08716410834194044,0.3986693713582296
18.35,1.2133,0.3981787800589526,0.38398052827388884,0.34104563899962986,0.2657875693259245,0.08706718803351876,0.3981787800589526
18.366666666666667,1.213266666666667,0.39768949048932495,0.38351635872307777,0.34065508477875683,0.2655164106548239,0.086970609064923,0.39768949048932495
18.383333333333333,1.2132333333333336,0.3972014980938933,0.38305341275299953,0.34026554196922154,0.2652459330504784,0.08687437025893419,0.3972014980938933
18.4,1.2132000000000003,0.39671479833573864,0.3825916860935618,0.33987700706005425,0.2649761341180911,0.08677847041415683,0.39671479833573864
18.416666666666668,1.213166666666667,0.39622938669639546,0.38213117449205314,0.33948947655449074,0.26470701147417813,0.08668290830930275,0.39622938669639546
18.433333333333334,1.2131333333333334,0.3957452586757724,0.381671873713066,0.33910294696990073,0.264438562746595,0.08658768270673649,0.3957452586757724
18.45,1.2131,0.3952624097920715,0.38121377953841995,0.3387174148377178,0.26417078557452744,0.08649279235542989,0.3952624097920715
18.466666666666665,1.2130666666666667,0.3947808355817085,0.3807568877670847,0.3383328767033708,0.2639036776084559,0.08639823599344133,0.3947808355817085
18.483333333333334,1.2130333333333334,0.3943005315992337,0.38030119421510417,0.3379493291262182,0.26363723651009663,0.08630401235000817,0.3943005315992337
18.5,1.213,0.39382149341725253,0.37984669471552013,0.3375667686794833,0.2633714599523273,0.08621012014732297,0.39382149341725253
18.516666666666666,1.212966666666667,0.3933437166263474,0.37939338511829646,0.33718519195019264,0.2631063456190993,0.08611655810204921,0.3933437166263474
18.533333333333335,1.2129333333333336,0.39286719683499804,0.3789412612902441,0.33680459553911535,0.26284189120534096,0.08602332492662038,0.39286719683499804
18.55,1.2129,0.3923919296695042,0.37849031911494513,0.33642497606070476,0.2625780944168543,0.08593041933035901,0.3923919296695042
18.566666666666666,1.2128666666666668,0.3919179107739074,0.3780405544926783,0.33604633014304197,0.2623149529702078,0.08583784002044412,0.3919179107739074
18.583333333333332,1.2128333333333334,0.391445135809913,0.3775919633403443,0.3356686544277798,0.2620524645926273,0.08574558570275077,0.391445135809913
18.6,1.2128,0.3909736004568137,0.3771445415913911,0.33529194557008973,0.26179062702188555,0.08565365508258146,0.3909736004568137
18.616666666666667,1.2127666666666668,0.3905033004114112,0.3766982851957405,0.3349162002386084,0.2615294380061923,0.08556204686530511,0.3905033004114112
18.633333333333333,1.2127333333333334,0.39003423138794063,0.3762531901197136,0.33454141511538593,0.26126889530408604,0.08547075975691715,0.39003423138794063
18.65,1.2127000000000003,0.3895663891179935,0.37580925234595763,0.33416758689583487,0.26100899668432714,0.0853797924645317,0.3895663891179935
18.666666666666668,1.2126666666666668,0.38909976935044177,0.3753664678733729,0.3337947122886797,0.2607497399257932,0.08528914369681515,0.38909976935044177
18.683333333333334,1.2126333333333335,0.3886343678513616,0.3749248327170401,0.333422788015907,0.26049112281737774,0.08519881216436921,0.3886343678513616
18.7,1.2126000000000001,0.38817018040395823,0.3744843429081473,0.33305181081271584,0.26023314315789114,0.08510879658006985,0.38817018040395823
18.716666666666665,1.2125666666666668,0.3877072028084907,0.3740449944939183,0.3326817774274682,0.25997579875596477,0.08501909565936755,0.3877072028084907
18.733333333333334,1.2125333333333335,0.38724543088219626,0.3736067835375409,0.33231268462164043,0.2597190874299585,0.08492970812055436,0.38724543088219626
18.75,1.2125000000000001,0.38678486045921634,0.3731697061180952,0.3319445291697737,0.25946300700787045,0.08484063268500117,0.38678486045921634
18.766666666666666,1.2124666666666668,0.3863254873905217,0.3727337583304828,0.33157730785942496,0.25920755532725115,0.08475186807736924,0.3863254873905217
18.783333333333335,1.2124333333333335,0.38586730754383874,0.3722989362853564,0.33121101749111825,0.258952730235119,0.08466341302579863,0.38586730754383874
18.8,1.2124000000000001,0.3854103168035749,0.37186523610904915,0.33084565487829554,0.2586985295878802,0.08457526626207654,0.3854103168035749
18.816666666666666,1.2123666666666668,0.3849545110707463,0.37143265394350544,0.3304812168472668,0.2584449512512504,0.08448742652178752,0.3849545110707463
18.833333333333332,1.2123333333333335,0.3844998862629031,0.3710011859462108,0.33011770023716125,0.2581919931001794,0.08439989254444777,0.3844998862629031
18.85,1.2123000000000002,0.3840464383140575,0.37057082829012367,0.32975510189987767,0.2579396530187783,0.0843126630736252,0.3840464383140575
18.866666666666667,1.2122666666666666,0.38359416317461087,0.3701415771636062,0.3293934187000343,0.2576879289002494,0.08422573685704672,0.38359416317461087
18.883333333333333,1.2122333333333335,0.3831430568112814,0.36971342877035646,0.32903264751491934,0.2574368186468179,0.0841391126466942,0.3831430568112814
18.9,1.2122000000000002,0.38269311520703153,0.36928637932934055,0.32867278523444043,0.2571863201696658,0.08405278919889014,0.38269311520703153
18.916666666666668,1.2121666666666668,0.38224433436099725,0.3688604250747253,0.3283138287610744,0.2569364313888686,0.0839667652743741,0.38224433436099725
18.933333333333334,1.2121333333333335,0.3817967102884154,0.368435562255811,0.3279557750098173,0.256687150233333,0.08388103963837101,0.3817967102884154
18.95,1.2121,0.38135023902055337,0.3680117871369653,0.32759862090813296,0.25643847464073677,0.0837956110606519,0.38135023902055337
18.966666666666665,1.2120666666666666,0.3809049166046383,0.3675890959975569,0.32724236339590274,0.2561904025574707,0.08371047831558794,0.3809049166046383
18.983333333333334,1.2120333333333333,0.3804607391037856,0.36716748513188946,0.32688699942537447,0.25594293193858153,0.08362564018219827,0.3804607391037856
19.0,1.212,0.38001770259693,0.3667469508491365,0.3265325259611113,0.2556960607477168,0.08354109544419247,0.38001770259693
19.016666666666666,1.2119666666666666,0.3795758031787546,0.3663274894732762,0.32617893997994085,0.2554497869570711,0.08345684289000782,0.3795758031787546
19.033333333333335,1.2119333333333335,0.37913503695962225,0.36590909734302685,0.32582623847090353,0.2552041085473336,0.08337288131284212,0.37913503695962225
19.05,1.2119000000000002,0.3786954000655051,0.3654917708117825,0.3254744184352014,0.2549590235076365,0.08328920951068226,0.3786954000655051
19.066666666666666,1.2118666666666666,0.37825688863791707,0.365075506247549,0.32512347688614696,0.25471452983550535,0.0832058262863292,0.37825688863791707
19.083333333333332,1.2118333333333333,0.37781949883384386,0.3646603000328802,0.3247734108491117,0.2544706255368099,0.08312273044741895,0.37781949883384386
19.1,1.2118,0.37738322682567577,0.3642461485648151,0.3244242173614742,0.25422730862571596,0.08303992080644115,0.37738322682567577
19.116666666666667,1.2117666666666667,0.3769480688011393,0.36383304825481444,0.3240758934725695,0.2539845771246389,0.0829573961807542,0.3769480688011393
19.133333333333333,1.2117333333333333,0.3765140209632293,0.3634209955286988,0.323728436243637,0.2537424290641973,0.08287515539259777,0.3765140209632293
19.15,1.2117,0.37608107953014197,0.3630099868265853,0.3233818427477694,0.25350086248316783,0.0827931972691032,0.37608107953014197
19.166666666666668,1.211666666666667,0.37564924073520806,0.36260001860282665,0.3230361100698611,0.25325987542844075,0.08271152064230128,0.37564924073520806
19.183333333333334,1.2116333333333336,0.37521850082682606,0.3621910873259488,0.3226912353065573,0.2530194659549764,0.0826301243491283,0.37521850082682606
19.2,1.2116,0.37478885606839535,0.36178318947859,0.32234721556620205,0.25277963212576227,0.08254900723142988,0.37478885606839535
19.216666666666665,1.2115666666666667,0.37436030273825155,0.3613763215574396,0.322004047968788,0.25254037201177104,0.08246816813596348,0.37436030273825155
19.233333333333334,1.2115333333333334,0.37393283712959957,0.36097048007317734,0.32166172964590445,0.2523016836919182,0.08238760591439884,0.37393283712959957
19.25,1.2115,0.37350645555044903,0.3605656615504128,0.321320257740687,0.2520635652530221,0.08230731942331727,0.37350645555044903
19.266666666666666,1.2114666666666667,0.37308115432354916,0.3601618625276253,0.32097962940776636,0.25182601478976246,0.08222730752420956,0.37308115432354916
19.283333333333335,1.2114333333333334,0.3726569297863237,0.3597590795571042,0.3206398418132179,0.2515890304046414,0.08214756908347229,0.3726569297863237
19.3,1.2114000000000003,0.37223377829080756,0.35935730920488873,0.32030089213451063,0.2513526102079436,0.08206810297240352,0.37223377829080756
19.316666666666666,1.2113666666666667,0.37181169620358195,0.35895654805070937,0.31996277756045716,0.25111675231769715,0.08198890806719694,0.37181169620358195
19.333333333333332,1.2113333333333334,0.3713906799057109,0.3585567926879284,0.31962549529116313,0.25088145485963564,0.08190998324893524,0.3713906799057109
19.35,1.2113,0.3709707257926782,0.3581580397234808,0.3192890425379772,0.2506467159671599,0.0818313274035825,0.3709707257926782
19.366666666666667,1.2112666666666667,0.3705518302743239,0.3577602857778165,0.3189534165234409,0.25041253378130035,0.08175293942197574,0.3705518302743239
19.383333333333333,1.2112333333333334,0.3701339897747823,0.357363527484841,0.3186186144812389,0.25017890645067986,0.08167481819981581,0.3701339897747823
19.4,1.2112,0.36971720073241876,0.3569677614918586,0.31828463365614956,0.24994583213147675,0.08159696263765717,0.36971720073241876
19.416666666666668,1.2111666666666667,0.3693014595997681,0.3565729844595136,0.31795147130399487,0.2497133089873888,0.08151937164089748,0.3693014595997681
19.433333333333334,1.2111333333333336,0.3688867628434729,0.35617919306173307,0.31761912469159187,0.2494813351895965,0.08144204411976624,0.3688867628434729
19.45,1.2111,0.36847310694422153,0.3557863839856701,0.31728759109670307,0.24924990891672763,0.0813649789893128,0.36847310694422153
19.466666666666665,1.2110666666666667,0.3680604883966876,0.35539455393164576,0.31695686780798765,0.24901902835482173,0.08128817516939421,0.3680604883966876
19.483333333333334,1.2110333333333334,0.3676489037094684,0.3550036996130933,0.3166269521249529,0.24878869169729478,0.0812116315846621,0.3676489037094684
19.5,1.211,0.36723834940502526,0.35461381775650086,0.3162978413579055,0.24855889714490453,0.08113534716454944,0.36723834940502526
19.516666666666666,1.2109666666666667,0.3668288220196224,0.35422490510135585,0.3159695328279035,0.24832964290571552,0.08105932084325668,0.3668288220196224
19.533333333333335,1.2109333333333334,0.3664203181032675,0.3538369584000881,0.3156420238667076,0.24810092719506513,0.08098355155973752,0.3664203181032675
19.55,1.2109,0.366012834219652,0.35344997441801473,0.31531531181673406,0.24787274823552918,0.0809080382576844,0.366012834219652
19.566666666666666,1.2108666666666668,0.36560636694609133,0.35306394993328416,0.3149893940310064,0.2476451042568884,0.08083277988551363,0.36560636694609133
19.583333333333332,1.2108333333333334,0.36520091287346623,0.3526788817368208,0.3146642678731083,0.2474179934960944,0.08075777539635004,0.36520091287346623
19.6,1.2108,0.3647964686061639,0.3522947666322702,0.3143399307171359,0.24719141419723678,0.08068302374801153,0.3647964686061639
19.616666666666667,1.2107666666666668,0.3643930307620191,0.35191160143594374,0.3140163799476513,0.2469653646115097,0.08060852390299322,0.3643930307620191
19.633333333333333,1.2107333333333334,0.36399059597225636,0.351529382976764,0.3136936129596351,0.246739842997179,0.0805342748284515,0.36399059597225636
19.65,1.2106999999999999,0.3635891608814318,0.3511481080962108,0.3133716271584404,0.2465148476195495,0.08046027549618753,0.3635891608814318
19.666666666666668,1.2106666666666666,0.36318872214737535,0.35076777364826645,0.3130504199597459,0.2462903767509328,0.080386524882631,0.36318872214737535
19.683333333333334,1.2106333333333335,0.36278927644113357,0.3503883764993621,0.31272998878950975,0.2460664286706144,0.08031302196882327,0.36278927644113357
19.7,1.2106000000000001,0.36239082044691234,0.35000991352832367,0.3124103310839239,0.2458430016648221,0.0802397657404005,0.36239082044691234
19.716666666666665,1.2105666666666668,0.36199335086201984,0.3496323816263189,0.31209144428936797,0.245620094026694,0.08016675518757663,0.36199335086201984
19.733333333333334,1.2105333333333335,0.36159686439681016,0.34925577769680316,0.31177332586236406,0.2453977040562466,0.08009398930512625,0.36159686439681016
19.75,1.2105000000000001,0.3612013577746268,0.3488800986554672,0.31145597326953106,0.24517583006034366,0.08002146709236704,0.3612013577746268
19.766666666666666,1.2104666666666666,0.3608068277317468,0.34850534143018397,0.31113938398753954,0.24495447035266432,0.07994918755314251,0.3608068277317468
19.783333333333335,1.2104333333333333,0.3604132710173246,0.3481315029609557,0.31082355550306723,0.24473362325367243,0.07987714969580427,0.3604132710173246
19.8,1.2104,0.36002068439333657,0.34775858019986206,0.310508485312754,0.24451328709058529,0.07980535253319448,0.36002068439333657
19.816666666666666,1.2103666666666668,0.3596290646345256,0.3473865701110074,0.3101941709231574,0.24429346019734294,0.07973379508262785,0.3596290646345256
19.833333333333332,1.2103333333333335,0.3592384085283464,0.34701546967046915,0.3098806098507085,0.2440741409145774,0.07966247636587381,0.3592384085283464
19.85,1.2103000000000002,0.35884871287491005,0.34664527586624605,0.3095677996216679,0.2438553275895824,0.07959139540913873,0.35884871287491005
19.866666666666667,1.2102666666666666,0.3584599744869299,0.3462759856982064,0.3092557377720819,0.24363701857628267,0.07952055124304766,0.3584599744869299
19.883333333333333,1.2102333333333333,0.3580721901896672,0.3459075961780369,0.30894442184773857,0.2434192122352043,0.07944994290262627,0.3580721901896672
19.9,1.2102,0.35768535682087677,0.34554010432919147,0.30863384940412486,0.24320190693344423,0.0793795694272828,0.35768535682087677
19.916666666666668,1.2101666666666666,0.3572994712307534,0.34517350718684037,0.3083240180063828,0.24298510104464066,0.07930942986078973,0.3572994712307534
19.933333333333334,1.2101333333333333,0.35691453028187786,0.3448078017978197,0.3080149252292672,0.24276879294894343,0.0792395232512656,0.35691453028187786
19.95,1.2101000000000002,0.35653053084916414,0.3444429852205808,0.30770656865710244,0.2425529810329842,0.0791698486511567,0.35653053084916414
19.966666666666665,1.2100666666666666,0.35614746981980583,0.34407905452513987,0.3073989458837397,0.24233766368984727,0.0791004051172188,0.35614746981980583
19.983333333333334,1.2100333333333333,0.3557653440932236,0.3437160067930284,0.30709205451251526,0.24212283931904033,0.07903119171049874,0.3557653440932236
20.0,1.21,0.35538415058101197,0.3433538391172429,0.3067858921562077,0.24190850632646516,0.07896220749631613,0.35538415058101197
20.016666666666666,1.2099666666666666,0.3550038862068876,0.3429925486021954,0.3064804564369966,0.24169466312438892,0.07889345154424496,0.3550038862068876
20.033333333333335,1.2099333333333333,0.35462454790663656,0.3426321323636645,0.30617574498642003,0.24148130813141516,0.07882492292809519,0.35462454790663656
20.05,1.2099,0.3542461326280627,0.34227258752874556,0.3058717554453336,0.24126843977245524,0.07875662072589436,0.3542461326280627
20.066666666666666,1.2098666666666666,0.35386863733093576,0.34191391123580217,0.30556848546386917,0.24105605647869977,0.07868854401986924,0.35386863733093576
20.083333333333332,1.2098333333333333,0.3534920589869398,0.3415561006344173,0.30526593270139313,0.2408441566875901,0.07862069189642744,0.3534920589869398
20.1,1.2098,0.35311639457962213,0.34119915288534486,0.30496409482646597,0.2406327388427903,0.07855306344613902,0.35311639457962213
20.116666666666667,1.2097666666666667,0.35274164110434225,0.34084306516046103,0.30466296951680155,0.24042180139415892,0.07848565776371802,0.35274164110434225
20.133333333333333,1.2097333333333333,0.35236779556822073,0.3404878346427167,0.30436255445922633,0.24021134279772088,0.07841847394800423,0.35236779556822073
20.15,1.2097,0.3519948549900891,0.340133458526089,0.3040628473496392,0.2400013615156398,0.07835151110194483,0.3519948549900891
20.166666666666668,1.2096666666666667,0.35162281640043885,0.3397799340155341,0.3037638458929711,0.23979185601619019,0.0782847683325759,0.35162281640043885
20.183333333333334,1.2096333333333333,0.35125167684137193,0.3394272583269393,0.3034655478031457,0.23958282477373,0.07821824475100445,0.35125167684137193
20.2,1.2096,0.35088143336655025,0.3390754286870761,0.3031679508030387,0.23937426626867292,0.07815193947238971,0.35088143336655025
20.216666666666665,1.2095666666666667,0.35051208304114617,0.33872444233355287,0.30287105262443914,0.2391661789874613,0.0780858516159253,0.35051208304114617
20.233333333333334,1.2095333333333336,0.35014362294179324,0.33837429651476814,0.3025748510080097,0.23895856142253874,0.07801998030482063,0.35014362294179324
20.25,1.2095000000000002,0.34977605015653657,0.33802498848986384,0.30227934370324716,0.23875141207232337,0.07795432466628296,0.34977605015653657
20.266666666666666,1.2094666666666667,0.34940936178478393,0.33767651552867894,0.30198452846844426,0.2385447294411804,0.07788888383149922,0.34940936178478393
20.283333333333335,1.2094333333333334,0.34904355493725686,0.33732887491170316,0.3016904030706502,0.23833851203939585,0.07782365693561771,0.34904355493725686
20.3,1.2094,0.3486786267359421,0.33698206393003066,0.3013969652856322,0.23813275838314946,0.07775864311773013,0.3486786267359421
20.316666666666666,1.2093666666666667,0.34831457431404267,0.33663607988531474,0.30110421289783723,0.2379274669944883,0.07769384152085367,0.34831457431404267
20.333333333333332,1.2093333333333334,0.34795139481593074,0.3362909200897218,0.30081214370035375,0.23772263640130048,0.07762925129191264,0.34795139481593074
20.35,1.2093,0.3475890853970982,0.3359465818658858,0.30052075549487356,0.2375182651372885,0.07756487158172098,0.3475890853970982
20.366666666666667,1.2092666666666667,0.3472276432241102,0.3356030625468634,0.30023004609165393,0.23731435174194337,0.07750070154496383,0.3472276432241102
20.383333333333333,1.2092333333333336,0.34686706547455665,0.33526035947608857,0.2999400133094802,0.23711089476051841,0.07743674034018011,0.34686706547455665
20.4,1.2092000000000003,0.3465073493370051,0.33491847000732805,0.2996506549756278,0.2369078927440034,0.0773729871297444,0.3465073493370051
20.416666666666668,1.2091666666666667,0.34614849201095393,0.3345773915046363,0.29936196892582534,0.23670534424909861,0.07730944107984927,0.34614849201095393
20.433333333333334,1.2091333333333334,0.3457904907067848,0.3342371213423115,0.29907395300421735,0.23650324783818932,0.0772461013604875,0.3457904907067848
20.45,1.2091,0.3454333426457162,0.33389765690485096,0.29878660506332727,0.23630160207932,0.07718296714543445,0.3454333426457162
20.466666666666665,1.2090666666666667,0.34507704505975684,0.33355899558690716,0.2984999229640206,0.23610040554616907,0.07712003761223044,0.34507704505975684
20.483333333333334,1.2090333333333334,0.34472159519165935,0.33322113479324406,0.2982139045754687,0.2358996568180235,0.07705731194216314,0.34472159519165935
20.5,1.209,0.3443669902948741,0.3328840719386932,0.29792854777511163,0.23569935447975351,0.07699478932025,0.3443669902948741
20.516666666666666,1.208966666666667,0.34401322763350317,0.3325478044481103,0.29764385044862257,0.23549949712178758,0.07693246893522088,0.34401322763350317
20.533333333333335,1.2089333333333336,0.3436603044822546,0.3322123297563321,0.2973598104898716,0.23530008334008734,0.07687034997950062,0.3436603044822546
20.55,1.2089000000000003,0.3433082181263971,0.33187764530813313,0.29707642580088944,0.235101111736123,0.07680843164919159,0.3433082181263971
20.566666666666666,1.2088666666666668,0.3429569658617143,0.33154374855818275,0.296793694291832,0.23490258091684812,0.07674671314405647,0.3429569658617143
20.583333333333332,1.2088333333333334,0.34260654499445986,0.33121063697100284,0.29651161388094494,0.23470448949467546,0.0766851936675011,0.34260654499445986
20.6,1.2088,0.3422569528413124,0.33087830802092466,0.29623018249452804,0.23450683608745224,0.07662387242655705,0.3422569528413124
20.616666666666667,1.2087666666666668,0.341908186729331,0.33054675919204735,0.2959493980668998,0.2343096193184357,0.07656274863186475,0.341908186729331
20.633333333333333,1.2087333333333334,0.34156024399591034,0.33021598797819496,0.29566925854036297,0.23411283781626885,0.07650182149765627,0.34156024399591034
20.65,1.2087,0.34121312198873643,0.32988599188287504,0.2953897618651691,0.23391649021495647,0.07644109024173844,0.34121312198873643
20.666666666666668,1.2086666666666668,0.34086681806574237,0.32955676841923676,0.295110905999484,0.23372057515384076,0.07638055408547575,0.34086681806574237
20.683333333333334,1.2086333333333334,0.34052132959506465,0.32922831511002926,0.2948326889093533,0.23352509127757762,0.07632021225377357,0.34052132959506465
20.7,1.2086000000000001,0.3401766539549992,0.3289006294875604,0.294555108568668,0.23333003723611273,0.07626006397506135,0.3401766539549992
20.716666666666665,1.2085666666666668,0.3398327885339575,0.32857370909365546,0.29427816295912995,0.23313541168465785,0.07620010848127588,0.3398327885339575
20.733333333333334,1.2085333333333335,0.3394897307304239,0.32824755147961615,0.29400185007021823,0.23294121328366718,0.07614034500784443,0.3394897307304239
20.75,1.2085000000000001,0.3391474779529116,0.32792215420618,0.29372616789915496,0.23274744069881392,0.07608077279366834,0.3391474779529116
20.766666666666666,1.2084666666666668,0.33880602761992035,0.3275975148434791,0.2934511144508716,0.23255409260096682,0.07602139108110634,0.33880602761992035
20.783333333333335,1.2084333333333335,0.33846537715989317,0.3272736309710006,0.2931766877379753,0.23236116766616696,0.07596219911595799,0.33846537715989317
20.8,1.2084000000000001,0.3381255240111739,0.32695050017754546,0.29290288578071566,0.23216866457560453,0.07590319614744738,0.3381255240111739
20.816666666666666,1.2083666666666668,0.3377864656219647,0.326628120061189,0.2926297066069513,0.23197658201559584,0.07584438142820674,0.3377864656219647
20.833333333333332,1.2083333333333335,0.3374481994502837,0.32630648822924097,0.2923571482521169,0.23178491867756024,0.07578575421425995,0.3374481994502837
20.85,1.2083000000000002,0.33711072296392336,0.32598560229820517,0.29208520875918986,0.23159367325799748,0.07572731376500653,0.33711072296392336
20.866666666666667,1.2082666666666666,0.336774033640408,0.32566545989374074,0.2918138861786579,0.23140284445846485,0.07566905934320532,0.336774033640408
20.883333333333333,1.2082333333333333,0.33643812896695235,0.3253460586506223,0.29154317856848644,0.23121243098555452,0.07561099021495846,0.33643812896695235
20.9,1.2082000000000002,0.33610300644042024,0.3250273962127009,0.2912730839940857,0.2310224315508711,0.07555310564969521,0.33610300644042024
20.916666666666668,1.2081666666666668,0.33576866356728297,0.32470947023286467,0.2910036005282787,0.2308328448710092,0.0754954049201561,0.33576866356728297
20.933333333333334,1.2081333333333335,0.3354350978635782,0.32439227837300066,0.29073472625126895,0.23064366966753114,0.07543788730237698,0.3354350978635782
20.95,1.2081000000000002,0.3351023068548695,0.32407581830395543,0.2904664592506083,0.2304549046669447,0.07538055207567308,0.3351023068548695
20.966666666666665,1.2080666666666666,0.3347702880762045,0.32376008770549713,0.2901987976211655,0.2302665486006811,0.07532339852262337,0.3347702880762045
20.983333333333334,1.2080333333333333,0.3344390390720754,0.32344508426627677,0.289931739465094,0.23007860020507293,0.07526642592905475,0.3344390390720754
21.0,1.208,0.334108557396378,0.3231308056837903,0.28966528289180016,0.22989105822133238,0.07520963358402645,0.334108557396378
21.016666666666666,1.2079666666666666,0.33377884061237134,0.32281724966434067,0.2893994260179127,0.22970392139552925,0.07515302077981437,0.33377884061237134
21.033333333333335,1.2079333333333335,0.33344988629263805,0.3225044139229998,0.2891341669672506,0.22951718847856953,0.07509658681189564,0.33344988629263805
21.05,1.2079000000000002,0.3331216920190443,0.3221922961835709,0.2888695038707921,0.22933085822617366,0.07504033097893317,0.3331216920190443
21.066666666666666,1.2078666666666666,0.33279425538269963,0.3218808941785517,0.2886054348666439,0.229144929398855,0.07498425258276022,0.33279425538269963
21.083333333333332,1.2078333333333333,0.3324675739839186,0.3215702056490962,0.2883419581000105,0.2289594007618987,0.07492835092836504,0.3324675739839186
21.1,1.2078,0.33214164543217983,0.3212602283449781,0.2880790717231629,0.2287742710853401,0.07487262532387576,0.33214164543217983
21.116666666666667,1.2077666666666667,0.3318164673460884,0.3209509600245538,0.2878167738954082,0.22858953914394392,0.07481707508054515,0.3318164673460884
21.133333333333333,1.2077333333333333,0.3314920373533357,0.3206423984547254,0.28755506278305976,0.22840520371718293,0.0747616995127354,0.3314920373533357
21.15,1.2077,0.33116835309066117,0.3203345414109045,0.2872939365594061,0.22822126358921702,0.07470649793790313,0.33116835309066117
21.166666666666668,1.2076666666666669,0.33084541220381364,0.32002738667697517,0.2870333934046814,0.22803771754887237,0.07465146967658455,0.33084541220381364
21.183333333333334,1.2076333333333336,0.33052321234751236,0.319720932045258,0.28677343150603507,0.22785456438962082,0.0745966140523803,0.33052321234751236
21.2,1.2076,0.3302017511854094,0.31941517531647395,0.2865140490575021,0.2276718029095589,0.07454193039194085,0.3302017511854094
21.216666666666665,1.2075666666666667,0.3298810263900511,0.3191101142997086,0.28625524425997334,0.22748943191138754,0.0744874180249514,0.3298810263900511
21.233333333333334,1.2075333333333333,0.32956103564284,0.31880574681237583,0.2859970153211659,0.2273074502023914,0.07443307628411752,0.32956103564284
21.25,1.2075,0.3292417766339974,0.31850207068018244,0.28573936045559356,0.22712585659441858,0.0743789045051502,0.3292417766339974
21.266666666666666,1.2074666666666667,0.3289232470625254,0.31819908373709305,0.2854822778845376,0.22694464990386043,0.07432490202675149,0.3289232470625254
21.283333333333335,1.2074333333333334,0.3286054446361697,0.31789678382529407,0.2852257658360179,0.2267638289516311,0.07427106819059977,0.3286054446361697
21.3,1.2074000000000003,0.328288367071382,0.31759516879515903,0.2849698225447633,0.2265833925631478,0.07421740234133552,0.328288367071382
21.316666666666666,1.2073666666666667,0.32797201209328314,0.3172942365052136,0.2847144462521831,0.2264033395683105,0.07416390382654678,0.32797201209328314
21.333333333333332,1.2073333333333334,0.32765637743562653,0.3169939848221005,0.28445963520633843,0.2262236688014823,0.07411057199675487,0.32765637743562653
21.35,1.2073,0.3273414608407603,0.316694411620545,0.28420538766191317,0.22604437910146938,0.07405740620540012,0.3273414608407603
21.366666666666667,1.2072666666666667,0.3270272600595914,0.3163955147833203,0.2839517018801859,0.22586546931150148,0.0740044058088277,0.3270272600595914
21.383333333333333,1.2072333333333334,0.326713772851549,0.3160972922012132,0.2836985761290012,0.22568693827921227,0.07395157016627359,0.326713772851549
21.4,1.2072,0.32640099698454866,0.31579974177299,0.2834460086827415,0.2255087848566197,0.0738988986398502,0.32640099698454866
21.416666666666668,1.2071666666666667,0.326088930234955,0.31550286140536227,0.28319399782229926,0.22533100790010674,0.07384639059453292,0.326088930234955
21.433333333333334,1.2071333333333334,0.3257775703875471,0.31520664901295314,0.28294254183504863,0.22515360627040198,0.0737940453981456,0.3257775703875471
21.45,1.2071,0.32546691523548144,0.31491110251826343,0.28269163901481786,0.22497657883256028,0.0737418624213471,0.32546691523548144
21.466666666666665,1.2070666666666667,0.32515696258025756,0.3146162198516379,0.2824412876618614,0.22479992445594393,0.07368984103761736,0.32515696258025756
21.483333333333334,1.2070333333333334,0.32484771023168124,0.3143219989512323,0.28219148608283223,0.22462364201420332,0.07363798062324363,0.32484771023168124
21.5,1.207,0.32453915600783023,0.31402843776297956,0.281942232590755,0.22444773038525795,0.07358628055730677,0.32453915600783023
21.516666666666666,1.2069666666666667,0.3242312977350184,0.313735534240557,0.28169352550499804,0.22427218845127783,0.0735347402216679,0.3242312977350184
21.533333333333335,1.2069333333333334,0.32392413324776126,0.3134432863453531,0.28144536315124646,0.22409701509866448,0.07348335900095446,0.32392413324776126
21.55,1.2069,0.3236176603887402,0.313151692046435,0.28119774386147495,0.2239222092180323,0.0734321362825471,0.3236176603887402
21.566666666666666,1.2068666666666668,0.3233118770087692,0.3128607493205154,0.2809506659739208,0.22374776970418997,0.07338107145656605,0.3233118770087692
21.583333333333332,1.2068333333333334,0.32300678096675883,0.3125704561519203,0.2807041278330577,0.223573695456122,0.07333016391585788,0.32300678096675883
21.6,1.2068,0.32270237012968306,0.3122808105325565,0.2804581277895678,0.2233999853769701,0.07327941305598208,0.32270237012968306
21.616666666666667,1.2067666666666668,0.3223986423725441,0.3119918104618796,0.28021266420031643,0.2232266383740151,0.07322881827519809,0.3223986423725441
21.633333333333333,1.2067333333333334,0.3220955955783388,0.3117034539468615,0.2799677354283248,0.22305365335865865,0.07317837897445183,0.3220955955783388
21.65,1.2067,0.3217932276380248,0.3114157390019586,0.279723339842744,0.2228810292464049,0.07312809455736284,0.3217932276380248
21.666666666666668,1.2066666666666666,0.3214915364504865,0.31112866364908043,0.2794794758188288,0.22270876495684255,0.0730779644302112,0.3214915364504865
21.683333333333334,1.2066333333333334,0.32119051992250136,0.3108422259175572,0.27923614173791156,0.22253685941362694,0.07302798800192443,0.32119051992250136
21.7,1.2066000000000001,0.3208901759687069,0.31055642384410886,0.27899333598737586,0.22236531154446193,0.07297816468406483,0.3208901759687069
21.716666666666665,1.2065666666666668,0.3205905025115669,0.31027125547281365,0.2787510569606314,0.22219412028108232,0.07292849389081635,0.3205905025115669
21.733333333333334,1.2065333333333335,0.32029149748133845,0.30998671885507645,0.2785093030570877,0.22202328455923603,0.07287897503897206,0.32029149748133845
21.75,1.2065,0.31999315881603907,0.3097028120495986,0.2782680726821287,0.22185280331866641,0.07282960754792124,0.31999315881603907
21.766666666666666,1.2064666666666666,0.3196954844614134,0.3094195331223459,0.2780273642470874,0.22168267550309473,0.07278039083963683,0.3196954844614134
21.783333333333335,1.2064333333333332,0.3193984723709009,0.30913688014651847,0.27778717616922,0.22151290006020274,0.07273132433866282,0.3193984723709009
21.8,1.2064,0.31910212050560316,0.3088548512025199,0.27754750687168117,0.2213434759416152,0.07268240747210165,0.31910212050560316
21.816666666666666,1.2063666666666668,0.3188064268342513,0.30857344437792666,0.27730835478349875,0.22117440210288264,0.07263363966960186,0.3188064268342513
21.833333333333332,1.2063333333333335,0.31851138933317413,0.30829265776745796,0.27706971833954863,0.2210056775034642,0.0725850203633455,0.31851138933317413
21.85,1.2063000000000001,0.31821700598626534,0.30801248947294513,0.27683159598053,0.22083730110671035,0.072536548988036,0.31821700598626534
21.866666666666667,1.2062666666666666,0.317923274784952,0.3077329376033018,0.2765939861529403,0.22066927187984586,0.07248822498088561,0.317923274784952
21.883333333333333,1.2062333333333333,0.31763019372816287,0.30745400027449354,0.27635688730905095,0.22050158879395287,0.07244004778160341,0.31763019372816287
21.9,1.2062,0.31733776082229614,0.3071756756095088,0.27612029790688253,0.22033425082395416,0.07239201683238299,0.31733776082229614
21.916666666666668,1.2061666666666666,0.3170459740811883,0.3068979617383284,0.27588421641017996,0.22016725694859599,0.07234413157789041,0.3170459740811883
21.933333333333334,1.2061333333333333,0.3167548315260825,0.3066208567978962,0.2756486412883891,0.2200006061504316,0.07229639146525212,0.3167548315260825
21.95,1.2061,0.3164643311855973,0.30634435893208983,0.2754135710166319,0.21983429741580454,0.07224879594404289,0.3164643311855973
21.966666666666665,1.2060666666666666,0.3161744710956959,0.30606846629169143,0.275179004075682,0.21966832973483208,0.07220134446627413,0.3161744710956959
21.983333333333334,1.2060333333333333,0.31588524929965456,0.30579317703435815,0.2749449389519415,0.2195027021013887,0.07215403648638156,0.31588524929965456
22.0,1.206,0.31559666384803203,0.30551848932459336,0.2747113741374164,0.21933741351308972,0.07210687146121389,0.31559666384803203
22.016666666666666,1.206,0.31530872081468897,0.3052444089639024,0.274478314618046,0.21917246756356268,0.07205955907103183,0.31530872081468897
22.033333333333335,1.206,0.31502142607722655,0.3049709415673506,0.27424576522224403,0.21900786773637215,0.07201226646115247,0.31502142607722655
22.05,1.206,0.314734777602327,0.30469808522002406,0.27401372437566174,0.21884361298394933,0.07196507294658899,0.314734777602327
22.066666666666666,1.206,0.31444877336448485,0.30442583801435463,0.2737821905099648,0.21867970226273709,0.07191799791412175,0.31444877336448485
22.083333333333332,1.206,0.31416341134597364,0.30415419805008725,0.2735511620628067,0.2185161345331719,0.07187104987840905,0.31416341134597364
22.1,1.206,0.3138786895368108,0.30388316343424837,0.273320637477803,0.21835290875966545,0.071824233319257,0.3138786895368108
22.116666666666667,1.206,0.31359460593472444,0.3036127322811135,0.2730906152045044,0.21819002391058467,0.0717775508111107,0.31359460593472444
22.133333333333333,1.206,0.3133111585451191,0.3033429027121759,0.272861093698371,0.21802747895822294,0.07173100389561214,0.3133111585451191
22.15,1.206,0.3130283453810425,0.3030736728561144,0.27263207142074625,0.21786527287875176,0.07168459350081235,0.3130283453810425
22.166666666666668,1.206,0.312746164463152,0.30280504084876264,0.2724035468388308,0.217703404652144,0.07163832016533671,0.312746164463152
22.183333333333334,1.206,0.312464613819681,0.3025370048330769,0.27217551842565724,0.21754187326207186,0.07159218416797203,0.312464613819681
22.2,1.206,0.312183691486406,0.30226956295910556,0.27194798466006415,0.21738067769579336,0.07154618560719173,0.312183691486406
22.216666666666665,1.206,0.31190339550661383,0.302002713383958,0.2717209440266705,0.2172198169440446,0.07150032445233129,0.31190339550661383
22.233333333333334,1.206,0.31162372393106824,0.3017364542717733,0.27149439501585065,0.21705929000095248,0.07145460057781985,0.31162372393106824
22.25,1.206,0.3113446748179781,0.30147078379368986,0.27126833612370893,0.21689909586397632,0.07140901378682951,0.3113446748179781
22.266666666666666,1.206,0.31106624623296375,0.3012057001278149,0.27104276585205406,0.21673923353388014,0.07136356382806558,0.31106624623296375
22.283333333333335,1.206,0.31078843624902597,0.30094120145919356,0.2708176827083748,0.21657970201473273,0.07131825040797032,0.31078843624902597
22.3,1.206,0.3105112429465122,0.30067728597977894,0.2705930852058145,0.21642050031393006,0.07127307319977605,0.3105112429465122
22.316666666666666,1.206,0.3102346644130859,0.30041395188840203,0.2703689718631461,0.2162616274422339,0.07122803185034136,0.3102346644130859
22.333333333333332,1.206,0.30995869874369397,0.3001511973907415,0.2701453412047473,0.21610308241381992,0.07118312598539614,0.30995869874369397
22.35,1.206,0.30968334404053505,0.2998890206992935,0.26992219176057586,0.21594486424633064,0.07113835521362241,0.30968334404053505
22.366666666666667,1.206,0.3094085984130278,0.299627420033343,0.26969952206614395,0.21578697196092825,0.07109371912986985,0.3094085984130278
22.383333333333333,1.206,0.3091344599777798,0.29936639361893275,0.26947733066249363,0.21562940458234486,0.07104921731771832,0.3091344599777798
22.4,1.206,0.308860926858556,0.29910593968883514,0.26925561609617155,0.21547216113892814,0.07100484935154097,0.308860926858556
22.416666666666668,1.206,0.3085879971862473,0.29884605648252216,0.26903437691920407,0.21531524066267999,0.07096061479818105,0.3085879971862473
22.433333333333334,1.206,0.3083156690988402,0.29858674224613624,0.26881361168907164,0.21515864218928954,0.0709165132183264,0.3083156690988402
22.45,1.206,0.30804394074138536,0.2983279952324617,0.2685933189686842,0.21500236475815818,0.07087254416764445,0.30804394074138536
22.466666666666665,1.206,0.3077728102659672,0.2980698137008952,0.26837349732635596,0.21484640741241862,0.07082870719772688,0.3077728102659672
22.483333333333334,1.206,0.3075022758316731,0.2978121959174176,0.26815414533578014,0.21469076919894736,0.07078500185688068,0.3075022758316731
22.5,1.206,0.3072323356045631,0.2975551401545649,0.26793526157600467,0.2145354491683711,0.07074142769079442,0.3072323356045631
22.516666666666666,1.2059666666666666,0.3069629802590379,0.2972986375505533,0.26771683855052386,0.2143804420594837,0.07069826285411261,0.3069629802590379
22.533333333333335,1.2059333333333333,0.3066942006649969,0.2970426794292656,0.26749886891957353,0.21422574272075004,0.07065534267668443,0.3066942006649969
22.55,1.2059,0.306425995105359,0.2967872641736454,0.26728135135384834,0.21407135026548235,0.07061259113578794,0.306425995105359
22.566666666666666,1.2058666666666666,0.3061583618693139,0.2965323901725309,0.2670642845288497,0.2139172638104236,0.07056998925714097,0.3061583618693139
22.583333333333332,1.2058333333333333,0.30589129925229636,0.29627805582063016,0.2668476671248647,0.21376348247573598,0.07052752824826883,0.30589129925229636
22.6,1.2058,0.30562480555595967,0.29602425951849665,0.26663149782694506,0.21361000538498714,0.0704852030635035,0.30562480555595967
22.616666666666667,1.2057666666666667,0.30535887908815046,0.29577099967250503,0.26641577532488697,0.21345683166513574,0.07044301041656417,0.30535887908815046
22.633333333333333,1.2057333333333333,0.305093518162882,0.2955182746948267,0.2662004983132108,0.21330396044652056,0.07040094797135003,0.305093518162882
22.65,1.2057,0.3048287211003098,0.29526608300340584,0.2659856654911409,0.21315139086286128,0.07035901395514885,0.3048287211003098
22.666666666666668,1.2056666666666667,0.30456448622670484,0.2950144230219349,0.26577127556258606,0.21299912205128002,0.07031720695269962,0.30456448622670484
22.683333333333334,1.2056333333333333,0.304300811874429,0.29476329317983124,0.26555732723611974,0.2128471531523422,0.0702755257875885,0.304300811874429
22.7,1.2056,0.30403769638190914,0.29451269191221263,0.2653438192249613,0.21269548331011057,0.07023396944970726,0.30403769638190914
22.716666666666665,1.2055666666666667,0.30377513809361245,0.2942626176598738,0.26513075024695665,0.2125441116721985,0.07019253704871387,0.30377513809361245
22.733333333333334,1.2055333333333333,0.3035131353600209,0.29401306886926315,0.2649181190245592,0.21239303738981136,0.07015122778298921,0.3035131353600209
22.75,1.2055,0.30325168653760676,0.29376404399245815,0.26470592428481166,0.21224225961776738,0.07011004091824732,0.30325168653760676
22.766666666666666,1.2054666666666667,0.3029907899888071,0.2935155414871429,0.26449416475932747,0.21209177751449532,0.0700689757723871,0.3029907899888071
22.783333333333335,1.2054333333333334,0.3027304440819998,0.2932675598165842,0.2642828391842723,0.21194159024200965,0.07002803170450769,0.3027304440819998
22.8,1.2054,0.30247064719147815,0.2930200974496085,0.2640719463003466,0.21179169696586642,0.06998720810677869,0.30247064719147815
22.816666666666666,1.2053666666666667,0.3022113976974271,0.2927731528605786,0.26386148485276684,0.21164209685510477,0.06994650439831361,0.3022113976974271
22.833333333333332,1.2053333333333334,0.3019526939858982,0.29252672452937056,0.26365145359124864,0.21149278908217842,0.06990592002047913,0.3019526939858982
22.85,1.2053,0.30169453444878536,0.29228081094135094,0.26344185126998887,0.21134377282288203,0.06986545443325214,0.30169453444878536
22.866666666666667,1.2052666666666667,0.30143691748380114,0.2920354105873536,0.2632326766476487,0.21119504725627564,0.06982510711235435,0.30143691748380114
22.883333333333333,1.2052333333333336,0.301179841494452,0.2917905219636573,0.26302392848733613,0.2110466115646103,0.06978487754697206,0.301179841494452
22.9,1.2052000000000003,0.3009233048900149,0.2915461435719627,0.26281560555658984,0.21089846493325692,0.06974476523792288,0.3009233048900149
22.916666666666668,1.205166666666667,0.300667306085513,0.2913022739193702,0.262607706627362,0.21075060655063954,0.06970476969616704,0.300667306085513
22.933333333333334,1.2051333333333334,0.30041184350169203,0.2910589115183571,0.2624002304760021,0.2106030356081737,0.06966489044158844,0.30041184350169203
22.95,1.2051,0.3001569155649966,0.29081605488675555,0.26219317588324054,0.21045575130021077,0.06962512700198803,0.3001569155649966
22.966666666666665,1.2050666666666667,0.2999025207075466,0.2905737025477299,0.26198654163417284,0.21030875282398784,0.06958547891224634,0.2999025207075466
22.983333333333334,1.2050333333333334,0.2996486573671138,0.2903318530297553,0.26178032651824307,0.21016203937958317,0.069545945713622,0.2996486573671138
23.0,1.205,0.2993953239870985,0.29009050486659493,0.26157452932922837,0.2100156101698767,0.06950652695316,0.2993953239870985
23.016666666666666,1.205,0.29914252606039127,0.2898496633080645,0.26136915458789867,0.20986946847287263,0.06946695400468408,0.29914252606039127
23.033333333333335,1.205,0.2988902689098125,0.2896093334422673,0.2611642066780063,0.20972361747019347,0.06942738718449785,0.2988902689098125
23.05,1.205,0.298638550907435,0.2893695137353691,0.26095968433673494,0.20957805632562373,0.06938789765191869,0.298638550907435
23.066666666666666,1.205,0.29838737043138974,0.28913020265922873,0.26075558630594187,0.20943278420590347,0.06934850221945682,0.29838737043138974
23.083333333333332,1.205,0.2981367258658399,0.2888913986913736,0.26055191133214006,0.20928780028070654,0.06930920815456859,0.2981367258658399
23.1,1.205,0.29788661560095486,0.2886531003149758,0.26034865816647923,0.20914310372262176,0.06927001924303179,0.29788661560095486
23.116666666666667,1.205,0.2976370380328844,0.2884153060188274,0.2601458255647273,0.2089986937071352,0.06923093764700587,0.2976370380328844
23.133333333333333,1.205,0.2973879915637328,0.28817801429731693,0.2599434122872518,0.20885456941261168,0.06919196465725105,0.2973879915637328
23.15,1.205,0.2971394746015341,0.28794122365040464,0.2597414170990011,0.2087107300202683,0.06915310105106816,0.2971394746015341
23.166666666666668,1.205,0.2968914855602256,0.2877049325835994,0.2595398387694851,0.2085671747141345,0.06911434728217863,0.2968914855602256
23.183333333333334,1.205,0.29664402285962305,0.28746913960793447,0.25933867607275707,0.20842390268099592,0.06907570358974682,0.29664402285962305
23.2,1.205,0.2963970849253955,0.2872338432399443,0.259137927787394,0.2082809131103271,0.06903717006488698,0.2963970849253955
23.216666666666665,1.205,0.29615067018904023,0.2869990420016407,0.25893759269647776,0.20813820519422127,0.06899874669323469,0.29615067018904023
23.233333333333334,1.205,0.29590477708785723,0.2867647344204898,0.25873766958757627,0.20799577812732695,0.06896043338328572,0.29590477708785723
23.25,1.205,0.29565940406492536,0.28653091902938876,0.2585381572527238,0.20785363110679933,0.06892222998588686,0.29565940406492536
23.266666666666666,1.205,0.2954145495690765,0.28629759436664254,0.25833905448840233,0.20771176333226887,0.06888413630801625,0.2954145495690765
23.283333333333335,1.205,0.29517021205487176,0.2860647589759411,0.258140360095522,0.2075701740058286,0.06884615212275957,0.29517021205487176
23.3,1.205,0.2949263899825767,0.2858324114063363,0.2579420728794022,0.20742886233203783,0.06880827717668224,0.2949263899825767
23.316666666666666,1.205,0.2946830818181367,0.28560055021221953,0.2577441916497517,0.20728782751793917,0.06877051119537635,0.2946830818181367
23.333333333333332,1.205,0.29444028603315303,0.28536917395329897,0.2575467152206503,0.20714706877308514,0.0687328538877004,0.29444028603315303
23.35,1.205,0.29419800110485883,0.2851382811945766,0.2573496424105285,0.2070065853095714,0.06869530494906717,0.29419800110485883
23.366666666666667,1.205,0.2939562255160944,0.2849078705063267,0.2571529720421488,0.2068663763420723,0.06865786406402444,0.2939562255160944
23.383333333333333,1.205,0.293714957755284,0.28467794046407285,0.25695670294258616,0.20672644108787785,0.06862053090830496,0.293714957755284
23.4,1.205,0.29347419631641175,0.28444848964856584,0.25676083394320826,0.20658677876692894,0.06858330515047123,0.29347419631641175
23.416666666666668,1.205,0.2932339396989978,0.28421951664576195,0.25656536387965634,0.2064473886018497,0.06854618645324745,0.2932339396989978
23.433333333333334,1.205,0.292994186408075,0.28399102004680066,0.2563702915918254,0.20630826981797695,0.06850917447460735,0.292994186408075
23.45,1.205,0.2927549349541653,0.28376299844798303,0.2561756159238451,0.20616942164338498,0.06847226886867007,0.2927549349541653
23.466666666666665,1.205,0.29251618385325656,0.28353545045074957,0.25598133572405957,0.20603084330890664,0.06843546928644242,0.29251618385325656
23.483333333333334,1.205,0.2922779316267791,0.28330837466165915,0.25578744984500856,0.2058925340481496,0.06839877537643868,0.2922779316267791
23.5,1.205,0.29204017680158256,0.28308176969236687,0.2555939571434078,0.20575449309750912,0.06836218678520066,0.29204017680158256
23.516666666666666,1.204966666666667,0.29180291129881897,0.28285562785840973,0.2554008510993184,0.2056167158569066,0.06832596093855263,0.29180291129881897
23.533333333333335,1.2049333333333336,0.2915661272084244,0.2826299416357704,0.2552081253286596,0.20547919782170487,0.06828994045973787,0.2915661272084244
23.55,1.2049,0.2913298231538837,0.2824047097274738,0.25501577876419157,0.20534193828010705,0.06825405726532172,0.2913298231538837
23.566666666666666,1.2048666666666668,0.2910939977635434,0.2821799308411158,0.2548238103424114,0.20520493652287702,0.06821829495061411,0.2910939977635434
23.583333333333332,1.2048333333333334,0.2908586496705903,0.2819556036888452,0.2546322190035365,0.20506819184333758,0.06818264605118138,0.2908586496705903
23.6,1.2048,0.29062377751303353,0.2817317269873445,0.25444100369148814,0.20493170353736634,0.06814710634033623,0.29062377751303353
23.616666666666667,1.2047666666666668,0.29038937993368374,0.2815082994578124,0.25425016335387496,0.20479547090339048,0.06811167309474674,0.29038937993368374
23.633333333333333,1.2047333333333334,0.29015545558013417,0.2812853198259453,0.2540596969419774,0.20465949324238153,0.0680763443960805,0.29015545558013417
23.65,1.2047000000000003,0.2899220031047412,0.2810627868219188,0.2538696034107309,0.20452376985785475,0.06804111880008779,0.2899220031047412
23.666666666666668,1.2046666666666668,0.2896890211646047,0.28084069918037013,0.25367988171871114,0.2043883000558782,0.068005995161647,0.2896890211646047
23.683333333333334,1.2046333333333334,0.28945650842154963,0.2806190556403797,0.2534905308281179,0.20425308314509483,0.06797097253458882,0.28945650842154963
23.7,1.2046000000000001,0.28922446354210574,0.28039785494545366,0.2533015497047598,0.204118118436754,0.06793605011072479,0.28922446354210574
23.716666666666665,1.2045666666666668,0.2889928851974895,0.2801770958435053,0.2531129373180392,0.20398340524474878,0.06790122718089396,0.2889928851974895
23.733333333333334,1.2045333333333335,0.28876177206358483,0.27995677708683797,0.2529246926409372,0.2038489428856491,0.06786650310907279,0.28876177206358483
23.75,1.2045,0.28853112282092414,0.27973689743212665,0.25273681464999886,0.2037147306787268,0.0678318773145915,0.28853112282092414
23.766666666666666,1.2044666666666668,0.28830093615466956,0.279517455640401,0.2525493023253187,0.20358076794596708,0.06779734925957412,0.28830093615466956
23.783333333333335,1.2044333333333335,0.2880712107545947,0.279298450477027,0.25236215465052575,0.2034470540120657,0.06776291843985235,0.2880712107545947
23.8,1.2044000000000001,0.28784194531506496,0.2790798807116899,0.25217537061276973,0.20331358820441287,0.06772858437825516,0.28784194531506496
23.816666666666666,1.2043666666666668,0.2876131385350204,0.2788617451183767,0.25198894920270665,0.2031803698530652,0.06769434661956142,0.2876131385350204
23.833333333333332,1.2043333333333335,0.28738478911795623,0.27864404247535846,0.2518028894144848,0.20304739829070856,0.0676602047266416,0.28738478911795623
23.85,1.2043000000000001,0.28715689577190506,0.27842677156517326,0.25161719024573104,0.202914672852615,0.06762615827746586,0.28715689577190506
23.866666666666667,1.2042666666666666,0.2869294572094183,0.2782099311746087,0.25143185069753715,0.20278219287659566,0.06759220686275408,0.2869294572094183
23.883333333333333,1.2042333333333333,0.28670247214754796,0.2779935200946848,0.2512468697744461,0.2026499577029524,0.06755835008410742,0.28670247214754796
23.9,1.2042000000000002,0.28647593930782883,0.27777753712063713,0.2510622464844392,0.20251796667442923,0.06752458755250837,0.28647593930782883
23.916666666666668,1.2041666666666668,0.28624985741626024,0.2775619810518992,0.25087797983892235,0.20238621913616545,0.06749091888710342,0.28624985741626024
23.933333333333334,1.2041333333333335,0.2860242252032879,0.27734685069208587,0.25069406885271356,0.20225471443565135,0.06745734371420732,0.2860242252032879
23.95,1.2041,0.28579904140378676,0.2771321448489763,0.25051051254402995,0.20212345192268633,0.06742386166648134,0.28579904140378676
23.966666666666665,1.2040666666666666,0.28557430475704215,0.2769178623344971,0.25032730993447505,0.20199243094934083,0.06739047238225024,0.28557430475704215
23.983333333333334,1.2040333333333333,0.28535001400673293,0.2767040019647057,0.25014446004902613,0.2018616508699213,0.06735717550493016,0.28535001400673293
24.0,1.204,0.28512616790091344,0.2764905625597732,0.249961961916022,0.20173111104093858,0.06732397068254678,0.28512616790091344
24.016666666666666,1.204,0.28490277142214865,0.27627754888460443,0.24977981964694285,0.20160081445509936,0.06729060946301031,0.28490277142214865
24.033333333333335,1.204,0.2846798294045844,0.2760649655628551,0.24959803723323853,0.20147076402025796,0.0672572448619553,0.2846798294045844
24.05,1.204,0.2844573405352523,0.2758528113568274,0.2494166136546449,0.20134095905930716,0.06722394070903116,0.2844573405352523
24.066666666666666,1.204,0.28423530350591036,0.275641085033268,0.24923554789453697,0.2012113988974651,0.06719071163866734,0.28423530350591036
24.083333333333332,1.204,0.28401371701302414,0.27542978536334994,0.24905483893991487,0.20108208286225643,0.0671575639001443,0.28401371701302414
24.1,1.204,0.2837925797577461,0.27521891112265373,0.2488744857813895,0.20095301028349544,0.06712450072950009,0.2837925797577461
24.116666666666667,1.204,0.28357189044589703,0.2750084610911492,0.24869448741316863,0.2008241804932709,0.06709152397201353,0.28357189044589703
24.133333333333333,1.204,0.28335164778794586,0.27479843405317644,0.24851484283304265,0.20069559282593086,0.06705863473226492,0.28335164778794586
24.15,1.204,0.28313185049899053,0.2745888287974285,0.2483355510423702,0.20056724661806577,0.06702583368099241,0.28313185049899053
24.166666666666668,1.204,0.2829124972987386,0.2743796441169323,0.24815661104606446,0.20043914120848405,0.0669931212168291,0.2829124972987386
24.183333333333334,1.204,0.28269358691148816,0.27417087880903096,0.2479780218525784,0.20031127593817888,0.06696049755867534,0.28269358691148816
24.2,1.204,0.2824751180661085,0.2739625316753656,0.24779978247389073,0.20018365015028586,0.06692796280179908,0.2824751180661085
24.216666666666665,1.204,0.282257089496021,0.2737546015218576,0.24762189192549183,0.20005626319003586,0.06689551695360994,0.282257089496021
24.233333333333334,1.204,0.2820394999391809,0.27354708715869036,0.24744434922636915,0.1999291144047083,0.06686315995739622,0.2820394999391809
24.25,1.204,0.2818223481380572,0.273339987400292,0.24726715339899308,0.1998022031435903,0.06683089170860416,0.2818223481380572
24.266666666666666,1.204,0.28160563283961465,0.2731333010653174,0.24709030346930255,0.1996755287579451,0.06679871206631899,0.28160563283961465
24.283333333333335,1.204,0.2813893527952951,0.27292702697663074,0.2469137984666908,0.19954909060099185,0.0667666208615586,0.2813893527952951
24.3,1.204,0.2811735067609983,0.2727211639612881,0.2467376374239908,0.1994228880278965,0.0667346179033902,0.2811735067609983
24.316666666666666,1.204,0.2809580934970641,0.27251571085051957,0.2465618193774612,0.1992969203957729,0.06670270298352417,0.2809580934970641
24.333333333333332,1.204,0.28074311176825334,0.27231066647971275,0.2463863433667716,0.19917118706369213,0.0666708758798206,0.28074311176825334
24.35,1.204,0.2805285603437298,0.2721060296883947,0.2462112084349885,0.19904568739269773,0.0666391363590038,0.2805285603437298
24.366666666666667,1.204,0.2803144379970418,0.2719017993202154,0.2460364136285606,0.1989204207458254,0.06660748417879075,0.2803144379970418
24.383333333333333,1.204,0.28010074350610425,0.2716979742229304,0.2458619579973046,0.19879538648812478,0.06657591908957974,0.28010074350610425
24.4,1.204,0.27988747565318,0.2714945532483837,0.24568784059439053,0.19867058398668216,0.06654444083580366,0.27988747565318
24.416666666666668,1.204,0.27967463322486225,0.2712915352524914,0.2455140604763274,0.19854601261064211,0.06651304915702479,0.27967463322486225
24.433333333333334,1.204,0.2794622150120565,0.27108891909522426,0.2453406167029488,0.19842167173122877,0.06648174378882836,0.2794622150120565
24.45,1.204,0.2792502198099624,0.27088670364059136,0.2451675083373981,0.19829756072176427,0.06645052446355768,0.2792502198099624
24.466666666666665,1.204,0.2790386464180566,0.27068488775662336,0.24499473444611408,0.19817367895768553,0.06641939091092278,0.2790386464180566
24.483333333333334,1.204,0.2788274936400741,0.27048347031535586,0.24482229409881665,0.19805002581655803,0.06638834285850806,0.2788274936400741
24.5,1.204,0.2786167602839915,0.27028245019281294,0.2446501863684919,0.19792660067808732,0.06635738003219863,0.2786167602839915
24.516666666666666,1.2039666666666666,0.2784064392965212,0.2700818206737424,0.24447840554056965,0.197803399488013,0.06632674063795112,0.2784064392965212
24.533333333333335,1.2039333333333335,0.278196523771201,0.2698815751825907,0.24430694601911077,0.19768041827583183,0.06629627492811815,0.278196523771201
24.55,1.2039000000000002,0.27798701259655956,0.26968171267159957,0.244135806940677,0.1975576564646197,0.06626592191199403,0.27798701259655956
24.566666666666666,1.2038666666666666,0.27777790466491875,0.2694822320965775,0.2439649874447451,0.19743511347941747,0.0662356673559094,0.27777790466491875
24.583333333333332,1.2038333333333333,0.2775691988723793,0.2692831324168857,0.2437944866736943,0.19731278874723213,0.0662055048858967,0.2775691988723793
24.6,1.2038,0.27736089411880527,0.2690844125954243,0.24362430377279404,0.19719068169703635,0.06617543093482628,0.27736089411880527
24.616666666666667,1.2037666666666667,0.2771529893078091,0.26888607159861805,0.24345443789019156,0.19706879175976688,0.0661454432263984,0.2771529893078091
24.633333333333333,1.2037333333333333,0.27694548334673696,0.26868810839640267,0.2432848881768997,0.19694711836832168,0.06611554017056899,0.27694548334673696
24.65,1.2037,0.2767383751466545,0.2684905219622108,0.24311565378678485,0.1968256609575591,0.06608572057917146,0.2767383751466545
24.666666666666668,1.2036666666666669,0.2765316636223311,0.2682933112729585,0.24294673387655488,0.19670441896430113,0.06605598351644508,0.2765316636223311
24.683333333333334,1.2036333333333336,0.27632534769222605,0.2680964753090316,0.2427781276057474,0.1965833918273437,0.0660263282138586,0.27632534769222605
24.7,1.2036,0.2761194262784735,0.26790001305427125,0.2426098341367181,0.19646257898747446,0.06599675401847502,0.2761194262784735
24.716666666666665,1.2035666666666667,0.2759138983068683,0.2677039234959615,0.24244185263462892,0.19634197988749566,0.06596726036007385,0.2759138983068683
24.733333333333334,1.2035333333333333,0.27570876270685146,0.26750820562481464,0.24227418226743666,0.19622159397224803,0.0659378467293627,0.27570876270685146
24.75,1.2035,0.2755040184114955,0.26731285843495844,0.24210682220588187,0.19610142068863162,0.0659085126630488,0.2755040184114955
24.766666666666666,1.2034666666666667,0.27529966435749076,0.26711788092392236,0.24193977162347716,0.1959814594856203,0.06587925773331815,0.27529966435749076
24.783333333333335,1.2034333333333334,0.27509569948513024,0.2669232720926241,0.2417730296964965,0.1958617098142676,0.06585008154024025,0.27509569948513024
24.8,1.2034,0.2748921227382965,0.2667290309453566,0.24160659560396403,0.19574217112770376,0.06582098370616761,0.2748921227382965
24.816666666666666,1.2033666666666667,0.2746889330644466,0.26653515648977427,0.24144046852764306,0.19562284288112436,0.06579196387153029,0.2746889330644466
24.833333333333332,1.2033333333333334,0.2744861294145986,0.26634164773688007,0.24127464765202555,0.19550372453177173,0.06576302169162575,0.2744861294145986
24.85,1.2033,0.2742837107433172,0.2661485037010123,0.24110913216432128,0.19538481553891013,0.0657341568341326,0.2742837107433172
24.866666666666667,1.2032666666666667,0.2740816760087003,0.2659557233998313,0.2409439212544473,0.19526611536379754,0.06570536897715992,0.2740816760087003
24.883333333333333,1.2032333333333334,0.2738800241723644,0.2657633058543064,0.24077901411501765,0.19514762346965442,0.0656766578076986,0.2738800241723644
24.9,1.2032,0.27367875419943144,0.26557125008870314,0.24061440994133287,0.19502933932163127,0.06564802302037855,0.27367875419943144
24.916666666666668,1.2031666666666667,0.273477865058515,0.2653795551305697,0.24045010793137,0.19491126238677584,0.06561946431646187,0.273477865058515
24.933333333333334,1.2031333333333334,0.27327735572170586,0.26518822001072484,0.24028610728577243,0.19479339213400132,0.06559098140301954,0.27327735572170586
24.95,1.2031,0.27307722516455957,0.2649972437632442,0.24012240720784003,0.19467572803405558,0.0655625739922526,0.27307722516455957
24.966666666666665,1.2030666666666667,0.2728774723660817,0.26480662542544786,0.23995900690351918,0.194558269559492,0.06553424180092864,0.2728774723660817
24.983333333333334,1.2030333333333334,0.27267809630871487,0.2646163640378876,0.23979590558139324,0.19444101618464232,0.06550598454990993,0.27267809630871487
25.0,1.203,0.27247909597832565,0.264426458644334,0.23963310245267275,0.19432396738559155,0.06547780196375644,0.27247909597832565
25.016666666666666,1.203,0.272280475908249,0.2642369135825486,0.23947060126719094,0.19420712590176747,0.06544946421465798,0.272280475908249
25.033333333333335,1.203,0.27208224050143526,0.26404773306609974,0.2393084056689475,0.19409049439741516,0.0654211167449365,0.27208224050143526
25.05,1.203,0.2718843886912468,0.26385891608892764,0.23914651482718735,0.19397407231955482,0.06539281684347033,0.2718843886912468
25.066666666666666,1.203,0.2716869194147576,0.26367046164846336,0.23898492791401094,0.19385785911705672,0.06536457729513222,0.2716869194147576
25.083333333333332,1.203,0.27148983161273926,0.26348236874561504,0.23882364410436366,0.19374185424062515,0.06533640350403959,0.27148983161273926
25.1,1.203,0.27129312422964524,0.26329463638475337,0.23866266257602486,0.19362605714278336,0.06530829825613318,0.27129312422964524
25.116666666666667,1.203,0.27109679621359656,0.2631072635736976,0.2385019825095972,0.19351046727786,0.06528026313938498,0.27109679621359656
25.133333333333333,1.203,0.2709008465163659,0.2629202493237015,0.23834160308849575,0.19339508410197687,0.06525229910777687,0.2709008465163659
25.15,1.203,0.270705274093364,0.26273359264943896,0.2381815234989374,0.19327990707303536,0.06522440674573797,0.270705274093364
25.166666666666668,1.203,0.2705100779036235,0.26254729256899056,0.2380217429299299,0.1931649356507007,0.06519658640678573,0.2705100779036235
25.183333333333334,1.203,0.2703152569097853,0.2623613481038295,0.23786226057326132,0.19305016929638086,0.06516883829236739,0.2703152569097853
25.2,1.203,0.2701208100780836,0.2621757582788076,0.23770307562348914,0.19293560747319966,0.06514116249957215,0.2701208100780836
25.216666666666665,1.203,0.2699267363783308,0.2619905221221419,0.23754418727792959,0.19282124964596525,0.06511355905146543,0.2699267363783308
25.233333333333334,1.203,0.2697330347839037,0.26180563866540074,0.23738559473664672,0.19270709528113658,0.06508602791716472,0.2697330347839037
25.25,1.203,0.26953970427172874,0.26162110694349017,0.2372272972024419,0.1925931438467916,0.0650585690255779,0.26953970427172874
25.266666666666666,1.203,0.26934674382226725,0.26143692599464047,0.23706929388084275,0.1924793948125998,0.0650311822750737,0.26934674382226725
25.283333333333335,1.203,0.26915415241950186,0.26125309486039267,0.2369115839800925,0.19236584764980075,0.06500386754045596,0.26915415241950186
25.3,1.203,0.26896192905092164,0.2610696125855851,0.23675416671113914,0.19225250183119041,0.06497662467809905,0.26896192905092164
25.316666666666666,1.203,0.2687700727075078,0.2608864782183401,0.2365970412876247,0.19213935683111383,0.06494945352980051,0.2687700727075078
25.333333333333332,1.203,0.26857858238372045,0.26070369081005074,0.23644020692587447,0.1920264121254647,0.06492235392571796,0.26857858238372045
25.35,1.203,0.26838745707748324,0.2605212494153675,0.23628366284488594,0.19191366719169012,0.06489532568664017,0.26838745707748324
25.366666666666667,1.203,0.26819669579017014,0.26033915309218514,0.23612740826631823,0.19180112150879913,0.06486836862576666,0.26819669579017014
25.383333333333333,1.203,0.26800629752659144,0.26015740090162986,0.23597144241448123,0.19168877455737443,0.06484148255011787,0.26800629752659144
25.4,1.203,0.26781626129497976,0.25997599190804593,0.23581576451632474,0.1915766258195855,0.0648146672616648,0.26781626129497976
25.416666666666668,1.203,0.2676265861069761,0.25979492517898284,0.23566037380142751,0.19146467477920254,0.06478792255824223,0.2676265861069761
25.433333333333334,1.203,0.267437270977616,0.25961419978518263,0.2355052695019865,0.19135292092161044,0.06476124823429347,0.267437270977616
25.45,1.203,0.2672483149253164,0.2594338148005666,0.23535045085280595,0.1912413637338221,0.06473464408148293,0.2672483149253164
25.466666666666665,1.203,0.2670597169718612,0.2592537693022231,0.2351959170912865,0.19113000270449068,0.064708109889203,0.2670597169718612
25.483333333333334,1.203,0.26687147614238815,0.2590740623703942,0.2350416674574144,0.1910188373239203,0.0646816454449968,0.26687147614238815
25.5,1.203,0.2666835914653755,0.2588946930884636,0.2348877011937503,0.1909078670840758,0.06465525053491267,0.2666835914653755
25.516666666666666,1.203,0.26649606197262804,0.25871566054294354,0.23473401754541873,0.1907970914785903,0.06462892494380335,0.26649606197262804
25.533333333333335,1.203,0.26630888669926384,0.25853696382346275,0.2345806157600972,0.1906865100027717,0.06460266845557949,0.26630888669926384
25.55,1.203,0.26612206468370114,0.2583586020227535,0.23442749508800512,0.19057612215360709,0.06457648085342568,0.26612206468370114
25.566666666666666,1.203,0.2659355949676451,0.2581805742366396,0.23427465478189316,0.19046592742976595,0.0645503619199856,0.2659355949676451
25.583333333333332,1.203,0.265749476596074,0.25800287956402357,0.2341220940970325,0.19035592533160214,0.06452431143752071,0.265749476596074
25.6,1.203,0.26556370861722695,0.2578255171068746,0.23396981229120423,0.1902461153611541,0.06449832918804771,0.26556370861722695
25.616666666666667,1.203,0.2653782900825901,0.2576484859702166,0.23381780862468843,0.19013649702214436,0.06447241495345696,0.2653782900825901
25.633333333333333,1.203,0.26519322004688384,0.25747178526211534,0.23366608236025388,0.1900270698199776,0.06444656851561603,0.26519322004688384
25.65,1.203,0.26500849756804984,0.2572954140936667,0.23351463276314743,0.18991783326173817,0.06442078965645935,0.26500849756804984
25.666666666666668,1.203,0.26482412170723824,0.25711937157898457,0.23336345910108358,0.18980878685618635,0.06439507815806678,0.26482412170723824
25.683333333333334,1.203,0.26464009152879453,0.25694365683518866,0.23321256064423423,0.18969993011375416,0.06436943380273254,0.26464009152879453
25.7,1.203,0.2644564061002468,0.2567682689823926,0.23306193666521824,0.18959126254654055,0.06434385637302562,0.2644564061002468
25.716666666666665,1.203,0.2642730644922934,0.25659320714369194,0.23291158643909154,0.1894827836683057,0.06431834565184295,0.2642730644922934
25.733333333333334,1.203,0.26409006577878946,0.2564184704451524,0.23276150924333677,0.1893744929944654,0.06429290142245629,0.26409006577878946
25.75,1.203,0.2639074090367352,0.256244058015798,0.2326117043578536,0.1892663900420845,0.06426752346855369,0.2639074090367352
25.766666666666666,1.203,0.26372509334626265,0.25606996898759893,0.23246217106494846,0.1891584743298705,0.06424221157427608,0.26372509334626265
25.783333333333335,1.203,0.26354311779062334,0.2558962024954604,0.23231290864932508,0.18905074537816635,0.06421696552424984,0.26354311779062334
25.8,1.203,0.2633614814561761,0.2557227576772102,0.23216391639807465,0.18894320270894355,0.06419178510361545,0.2633614814561761
25.816666666666666,1.203,0.2631801834323744,0.25554963367358785,0.23201519360066616,0.18883584584579474,0.06416667009805303,0.2631801834323744
25.833333333333332,1.203,0.2629992228117539,0.2553768296282326,0.23186673954893683,0.18872867431392631,0.06414162029380521,0.2629992228117539
25.85,1.203,0.2628185986899204,0.2552043446876717,0.2317185535370826,0.18862168764015075,0.06411663547769712,0.2628185986899204
25.866666666666667,1.203,0.26263831016553774,0.25503217800130945,0.23157063486164897,0.18851488535287908,0.0640917154371544,0.26263831016553774
25.883333333333333,1.203,0.2624583563403151,0.2548603287214152,0.23142298282152135,0.1884082669821132,0.06406685996021902,0.2624583563403151
25.9,1.203,0.2622787363189955,0.25468879600311206,0.23127559671791614,0.1883018320594382,0.06404206883556361,0.2622787363189955
25.916666666666668,1.203,0.2620994492093432,0.2545175790043661,0.23112847585437124,0.18819558011801454,0.0640173418525039,0.2620994492093432
25.933333333333334,1.203,0.2619204941221322,0.2543466768859741,0.23098161953673715,0.18808951069257052,0.06399267880100984,0.2619204941221322
25.95,1.203,0.26174187017113376,0.2541760888115532,0.23083502707316791,0.18798362331939442,0.06396807947171564,0.26174187017113376
25.966666666666665,1.203,0.26156357647310513,0.2540058139475291,0.230688697774112,0.187877917536327,0.06394354365592839,0.26156357647310513
25.983333333333334,1.203,0.26138561214777667,0.25383585146312504,0.23054263095230354,0.18777239288275388,0.06391907114563579,0.26138561214777667
26.0,1.203,0.26120797631784143,0.2536662005303508,0.23039682592275326,0.1876670488995978,0.06389466173351294,0.26120797631784143
26.016666666666666,1.203,0.2610306681089422,0.25349686032399177,0.23025128200273987,0.18756188512931146,0.06387031521292846,0.2610306681089422
26.033333333333335,1.203,0.2608536866496606,0.25332783002159737,0.23010599851180114,0.18745690111586982,0.06384603137794943,0.2608536866496606
26.05,1.203,0.2606770310715051,0.25315910880347053,0.22996097477172525,0.18735209640476275,0.06382181002334615,0.2606770310715051
26.066666666666666,1.203,0.26050070050889934,0.2529906958526569,0.22981621010654205,0.1872474705429879,0.0637976509445959,0.26050070050889934
26.083333333333332,1.203,0.2603246940991708,0.2528225903549335,0.22967170384251456,0.18714302307904335,0.06377355393788649,0.2603246940991708
26.1,1.203,0.2601490109825395,0.2526547914987982,0.2295274553081303,0.18703875356292038,0.06374951880011882,0.2601490109825395
26.116666666666667,1.203,0.25997365030210606,0.25248729847545903,0.22938346383409264,0.18693466154609653,0.06372554532890953,0.25997365030210606
26.133333333333333,1.203,0.2597986112038405,0.2523201104788232,0.2292397287533125,0.1868307465815286,0.06370163332259289,0.2597986112038405
26.15,1.203,0.25962389283657133,0.2521532267054864,0.22909624940089973,0.18672700822364552,0.06367778258022226,0.25962389283657133
26.166666666666668,1.203,0.2594494943519738,0.25198664635472245,0.22895302511415477,0.18662344602834166,0.06365399290157153,0.2594494943519738
26.183333333333334,1.203,0.2592754149045585,0.2518203686284726,0.2288100552325602,0.18652005955297007,0.06363026408713578,0.2592754149045585
26.2,1.203,0.25910165365166093,0.2516543927313347,0.22866733909777245,0.1864168483563356,0.0636065959381322,0.25910165365166093
26.216666666666665,1.203,0.25892820975342945,0.2514887178705531,0.22852487605361338,0.18631381199868835,0.0635829882565002,0.25892820975342945
26.233333333333334,1.203,0.2587550823728151,0.251323343256008,0.22838266544606203,0.18621095004171717,0.06355944084490164,0.2587550823728151
26.25,1.203,0.25858227067555967,0.25115826810020525,0.22824070662324647,0.18610826204854292,0.06353595350672067,0.25858227067555967
26.266666666666666,1.203,0.2584097738301855,0.25099349161826556,0.2280989989354354,0.1860057475837124,0.0635125260460635,0.2584097738301855
26.283333333333335,1.203,0.2582375910079839,0.2508290130279147,0.22795754173503008,0.18590340621319157,0.06348915826775772,0.2582375910079839
26.3,1.203,0.2580657213830047,0.25066483154947306,0.22781633437655605,0.18580123750435962,0.06346584997735176,0.2580657213830047
26.316666666666666,1.203,0.25789416413204536,0.2505009464058452,0.2276753762166552,0.18569924102600235,0.0634426009811141,0.25789416413204536
26.333333333333332,1.203,0.2577229184346398,0.25033735682251007,0.22753466661407756,0.18559741634830637,0.06341941108603211,0.2577229184346398
26.35,1.203,0.2575519834730481,0.2501740620275107,0.2273942049296731,0.18549576304285265,0.06339628009981106,0.2575519834730481
26.366666666666667,1.203,0.25738135843224536,0.250011061251444,0.22725399052638395,0.18539428068261077,0.06337320783087283,0.25738135843224536
26.383333333333333,1.203,0.2572110424999115,0.24984835372745118,0.22711402276923615,0.18529296884193255,0.06335019408835459,0.2572110424999115
26.4,1.203,0.25704103486642016,0.2496859386912072,0.2269743010253319,0.1851918270965465,0.06332723868210731,0.25704103486642016
26.416666666666668,1.203,0.25687133472482887,0.24952381538091126,0.22683482466384136,0.18509085502355166,0.06330434142269423,0.25687133472482887
26.433333333333334,1.203,0.25670194127086754,0.2493619830372767,0.22669559305599496,0.18499005220141176,0.06328150212138921,0.25670194127086754
26.45,1.203,0.25653285370292883,0.24920044090352128,0.22655660557507545,0.18488941820994964,0.06325872059017497,0.25653285370292883
26.466666666666665,1.203,0.2563640712220573,0.2490391882253573,0.2264178615964098,0.18478895263034129,0.0632359966417414,0.2563640712220573
26.483333333333334,1.203,0.2561955930319389,0.24887822425098183,0.22627936049736183,0.18468865504511028,0.06321333008948349,0.2561955930319389
26.5,1.203,0.2560274183388912,0.24871754823106718,0.22614110165732396,0.18458852503812215,0.06319072074749967,0.2560274183388912
26.516666666666666,1.2029666666666667,0.25585954166573455,0.24855715494149622,0.22600308060488133,0.18448855940394893,0.06316837252551137,0.25585954166573455
26.533333333333335,1.2029333333333334,0.25569195764840025,0.24839703926596135,0.2258652929606832,0.1843887550028488,0.06314615128839855,0.25569195764840025
26.55,1.2029,0.2555246655502085,0.24823720050915193,0.22572773814940095,0.18428911144981058,0.06312400792140728,0.2555246655502085
26.566666666666666,1.2028666666666668,0.25535766463681814,0.2480776379779565,0.2255904155975072,0.184189628361011,0.0631019315539206,0.25535766463681814
26.583333333333332,1.2028333333333334,0.25519095417621807,0.2479183509814547,0.22545332473326907,0.18409030535381027,0.0630799174345699,0.25519095417621807
26.6,1.2028,0.25502453343871845,0.2477593388309089,0.2253164649867419,0.18399114204674716,0.06305796294942255,0.25502453343871845
26.616666666666667,1.2027666666666668,0.2548584016969422,0.24760060083975632,0.22517983578976242,0.18389213805953455,0.06303606645354908,0.2548584016969422
26.633333333333333,1.2027333333333334,0.2546925582258161,0.24744213632360057,0.22504343657594222,0.18379329301305475,0.06301422681200024,0.2546925582258161
26.65,1.2026999999999999,0.2545270023025623,0.24728394460020403,0.22490726678066145,0.18369460652935546,0.06299244318626403,0.2545270023025623
26.666666666666668,1.2026666666666666,0.25436173320668976,0.24712602498947928,0.22477132584106202,0.18359607823164703,0.06297071492297053,0.25436173320668976
26.683333333333334,1.2026333333333334,0.25419675021998595,0.24696837681348155,0.2246356131960413,0.18349770774430185,0.06294904149089046,0.25419675021998595
26.7,1.2026000000000001,0.25403205262650763,0.24681099939640055,0.22450012828624577,0.18339949469285716,0.06292742244294311,0.25403205262650763
26.716666666666665,1.2025666666666668,0.2538676397125733,0.24665389206455268,0.2243648705540643,0.18330143870402127,0.06290585739210773,0.2538676397125733
26.733333333333334,1.2025333333333335,0.25370351076675407,0.2464970541463728,0.22422983944362213,0.1832035394056825,0.06288434599551304,0.25370351076675407
26.75,1.2025000000000001,0.25353966507986564,0.2463404849724067,0.224095034400774,0.18310579642691932,0.06286288794356543,0.25353966507986564
26.766666666666666,1.2024666666666666,0.2533761019449595,0.24618418387530325,0.22396045487309832,0.18300820939801044,0.06284148295230263,0.2533761019449595
26.783333333333335,1.2024333333333332,0.25321282065731554,0.24602815018980634,0.22382610030989053,0.18291077795044286,0.06282013075788254,0.25321282065731554
26.8,1.2024,0.2530498205144324,0.24587238325274738,0.2236919701621568,0.18281350171691726,0.0627988311125244,0.2530498205144324
26.816666666666666,1.2023666666666666,0.2528871008160206,0.24571688240303743,0.22355806388260785,0.18271638033134996,0.06277758378146284,0.2528871008160206
26.833333333333332,1.2023333333333335,0.252724660863993,0.24556164698165966,0.22342438092565264,0.18261941342887122,0.06275638854062433,0.252724660863993
26.85,1.2023000000000001,0.25256249996245794,0.24540667633166136,0.22329092074739215,0.1825226006458205,0.06273524517482756,0.25256249996245794
26.866666666666667,1.2022666666666666,0.25240061741770997,0.24525196979814673,0.22315768280561313,0.18242594161973819,0.06271415347637171,0.25240061741770997
26.883333333333333,1.2022333333333333,0.2522390125382224,0.2450975267282689,0.22302466655978206,0.18232943598935564,0.06269311324391486,0.2522390125382224
26.9,1.2022,0.2520776846346389,0.24494334647122268,0.2228918714710389,0.18223308339458255,0.06267212428157386,0.2520776846346389
26.916666666666668,1.2021666666666666,0.2519166330197657,0.2447894283782367,0.22275929700219094,0.1821368834764939,0.06265118639819443,0.2519166330197657
26.933333333333334,1.2021333333333333,0.2517558570085633,0.24463577180256627,0.22262694261770696,0.18204083587731545,0.06263029940675373,0.2517558570085633
26.95,1.2021,0.25159535591813853,0.2444823760994855,0.22249480778371097,0.18194494024040925,0.06260946312386748,0.25159535591813853
26.966666666666665,1.2020666666666666,0.25143512906773713,0.24432924062628028,0.22236289196797643,0.18184919621025905,0.06258867736938009,0.25143512906773713
26.983333333333334,1.2020333333333333,0.2512751757787348,0.24417636474224047,0.22223119463992008,0.18175360343245597,0.06256794196602142,0.2512751757787348
27.0,1.202,0.2511154953746304,0.24402374780865294,0.2220997152705963,0.18165816155368486,0.06254725673911743,0.2511154953746304
27.016666666666666,1.202,0.25095609163455745,0.24387139344539013,0.22196845699996015,0.18156287288411593,0.06252642490413167,0.25095609163455745
27.033333333333335,1.202,0.2507969682354472,0.24371930517481555,0.22183742288444244,0.18146773967397814,0.06250557654658906,0.2507969682354472
27.05,1.202,0.25063812446143735,0.24356748232080566,0.22170661236346223,0.18137276154785387,0.062484757988681215,0.25063812446143735
27.066666666666666,1.202,0.250479559598986,0.24341592420942104,0.2215760248782323,0.18127793813149162,0.062463979110635115,0.250479559598986
27.083333333333332,1.202,0.25032127293686346,0.243264630168898,0.22144565987175258,0.18118326905179527,0.06244324402479788,0.25032127293686346
27.1,1.202,0.2501632637661428,0.24311359952964,0.2213155167888035,0.1810887539368145,0.062422554839163216,0.2501632637661428
27.116666666666667,1.202,0.25000553138019105,0.24296283162420979,0.22118559507593955,0.18099439241573595,0.06240191275670541,0.25000553138019105
27.133333333333333,1.202,0.24984807507466064,0.24281232578732076,0.22105589418148236,0.18090018411887487,0.062381318505930525,0.24984807507466064
27.15,1.202,0.2496908941474802,0.24266208135582898,0.22092641355551465,0.1808061286776672,0.0623607725407092,0.2496908941474802
27.166666666666668,1.202,0.2495339878988464,0.24251209766872484,0.22079715264987343,0.18071222572466175,0.06234027514422791,0.2495339878988464
27.183333333333334,1.202,0.24937735563121471,0.24236237406712494,0.22066811091814348,0.1806184748935108,0.062319826487735146,0.24937735563121471
27.2,1.202,0.249220996649291,0.24221290989426406,0.22053928781565119,0.18052487581895899,0.062299426665912275,0.249220996649291
27.216666666666665,1.202,0.24906491026002314,0.24206370449548698,0.22041068279945772,0.18043142813682983,0.06227907571926628,0.24906491026002314
27.233333333333334,1.202,0.2489090957725918,0.24191475721824063,0.22028229532835275,0.18033813148401018,0.062258773648897,0.2489090957725918
27.25,1.202,0.2487535524984025,0.24176606741206563,0.22015412486284805,0.1802449854984336,0.062238520426571756,0.2487535524984025
27.266666666666666,1.202,0.24859827975107684,0.2416176344285889,0.22002617086517107,0.1801519898190637,0.06221831600179811,0.24859827975107684
27.283333333333335,1.202,0.2484432768464441,0.24146945762151528,0.21989843279925847,0.18005914408587895,0.06219816030691268,0.2484432768464441
27.3,1.202,0.24828854310253265,0.24132153634661985,0.21977091013074956,0.17996644793986005,0.062178053260820994,0.24828854310253265
27.316666666666666,1.202,0.24813407783956182,0.24117386996174,0.21964360232698021,0.17987390102297945,0.06215799477179744,0.24813407783956182
27.333333333333332,1.202,0.2479798803799333,0.24102645782676768,0.21951650885697632,0.1797815029781945,0.06213798473961641,0.2479798803799333
27.35,1.202,0.24782595004822291,0.2408792993036413,0.21938962919144717,0.17968925344944348,0.062118023057198046,0.24782595004822291
27.366666666666667,1.202,0.24767228617117254,0.24073239375633848,0.21926296280277957,0.17959715208164423,0.06209810961189563,0.24767228617117254
27.383333333333333,1.202,0.2475188880776813,0.24058574055086773,0.21913650916503094,0.17950519852069524,0.062078244286514844,0.2475188880776813
27.4,1.202,0.24736575509879805,0.24043933905526127,0.21901026775392327,0.1794133924134786,0.06205842696012906,0.24736575509879805
27.416666666666668,1.202,0.2472128865677126,0.2402931886395671,0.21888423804683663,0.17932173340786411,0.062038657508737875,0.2472128865677126
27.433333333333334,1.202,0.24706028181974807,0.24014728867584148,0.21875841952280278,0.17923022115271492,0.062018935805803616,0.24706028181974807
27.45,1.202,0.2469079401923522,0.24000163853814122,0.21863281166249884,0.1791388552978929,0.06199926172269219,0.2469079401923522
27.466666666666665,1.202,0.24675586102508995,0.23985623760251615,0.21850741394824097,0.1790476354942649,0.06197963512903752,0.24675586102508995
27.483333333333334,1.202,0.246604043659635,0.2397110852470018,0.21838222586397787,0.17895656139370858,0.06196005589304547,0.246604043659635
27.5,1.202,0.24645248743976192,0.23956618085161158,0.21825724689528447,0.1788656326491183,0.06194052388174823,0.24645248743976192
27.516666666666666,1.202,0.24630119171133807,0.23942152379832954,0.21813247652935563,0.17877484891441026,0.06192103896121912,0.24630119171133807
27.533333333333335,1.202,0.24615015582231584,0.23927711347110295,0.2180079142549997,0.17868420984452704,0.061901600996754444,0.24615015582231584
27.55,1.202,0.2459993791227247,0.23913294925583473,0.21788355956263222,0.17859371509544214,0.06188220985302815,0.2459993791227247
27.566666666666666,1.202,0.24584886096466327,0.23898903054037623,0.21775941194426945,0.17850336432416314,0.06186286539422476,0.24584886096466327
27.583333333333332,1.202,0.24569860070229155,0.2388453567145199,0.2176354708935223,0.17841315718873457,0.061843567484152887,0.24569860070229155
27.6,1.202,0.24554859769182313,0.23870192716999195,0.21751173590558975,0.1783230933482401,0.061824315986343706,0.24554859769182313
27.616666666666667,1.202,0.24539885129151742,0.23855874130044497,0.2173882064772527,0.178233172462804,0.06180511076413593,0.24539885129151742
27.633333333333333,1.202,0.24524936086167196,0.23841579850145095,0.21726488210686762,0.1781433941935921,0.06178595168074967,0.24524936086167196
27.65,1.202,0.2451001257646145,0.23827309817049386,0.21714176229436039,0.1780537582028119,0.061766838599350685,0.2451001257646145
27.666666666666668,1.202,0.24495114536469575,0.23813063970696252,0.21701884654122003,0.17796426415371264,0.061747771383106956,0.24495114536469575
27.683333333333334,1.202,0.24480241902828148,0.2379884225121435,0.2168961343504926,0.17787491171058417,0.061728749895237744,0.24480241902828148
27.7,1.202,0.2446539461237449,0.23784644598921395,0.21677362522677485,0.17778570053875625,0.061709773999056965,0.2446539461237449
27.716666666666665,1.202,0.24450572602145926,0.23770470954323447,0.21665131867620832,0.1776966303045965,0.06169084355801141,0.24450572602145926
27.733333333333334,1.202,0.24435775809379023,0.23756321258114227,0.21652921420647325,0.17760770067550874,0.06167195843571434,0.24435775809379023
27.75,1.202,0.24421004171508842,0.23742195451174383,0.21640731132678243,0.17751891131993047,0.061653118495975275,0.24421004171508842
27.766666666666666,1.202,0.24406257626168187,0.2372809347457081,0.2162856095478753,0.17743026190733052,0.06163432360282632,0.24406257626168187
27.783333333333335,1.202,0.2439153611118687,0.23714015269555944,0.21616410838201203,0.17734175210820602,0.06161557362054562,0.2439153611118687
27.8,1.202,0.2437683956459098,0.23699960777567075,0.2160428073429675,0.17725338159407944,0.06159686841367806,0.2437683956459098
27.816666666666666,1.202,0.24362167924602116,0.2368592994022565,0.21592170594602567,0.17716515003749522,0.061578207847053736,0.24362167924602116
27.833333333333332,1.202,0.2434752112963669,0.23671922699336584,0.21580080370797355,0.17707705711201643,0.06155959178580441,0.2434752112963669
27.85,1.202,0.24332899118305165,0.23657938996887573,0.21568010014709552,0.17698910249222116,0.06154102009537816,0.24332899118305165
27.866666666666667,1.202,0.24318301829411354,0.23643978775048416,0.21555959478316766,0.17690128585369874,0.061522492641552504,0.24318301829411354
27.883333333333333,1.202,0.24303729201951685,0.2363004197617032,0.21543928713745206,0.1768136068730461,0.06150400929044584,0.24303729201951685
27.9,1.202,0.24289181175114466,0.23616128542785253,0.21531917673269105,0.17672606522786372,0.06148556990852817,0.24289181175114466
27.916666666666668,1.202,0.242746576882792,0.2360223841760522,0.21519926309310178,0.1766386605967518,0.06146717436262997,0.242746576882792
27.933333333333334,1.202,0.2426015868101584,0.23588371543521647,0.21507954574437063,0.17655139265930608,0.0614488225199508,0.2426015868101584
27.95,1.202,0.24245684093084086,0.2357452786360466,0.21496002421364768,0.176464261096114,0.06143051424806654,0.24245684093084086
27.966666666666665,1.202,0.2423123386443271,0.23560707321102453,0.21484069802954125,0.1763772655887504,0.06141224941493585,0.2423123386443271
27.983333333333334,1.202,0.24216807935198773,0.23546909859440607,0.2147215667221124,0.17629040581977345,0.0613940278889062,0.24216807935198773
28.0,1.202,0.24202406245707014,0.23533135422221424,0.21460262982286965,0.17620368147272075,0.061375849538718996,0.24202406245707014
28.016666666666666,1.202,0.24188028736469075,0.23519383953223288,0.2144838868647636,0.17611709223210484,0.06135771423351412,0.24188028736469075
28.033333333333335,1.202,0.24173675348182863,0.23505655396399983,0.2143653373821815,0.17603063778340927,0.06133962184283408,0.24173675348182863
28.05,1.202,0.24159346021731815,0.2349194969588006,0.21424698091094208,0.17594431781308445,0.06132157223662759,0.24159346021731815
28.066666666666666,1.202,0.2414504069818422,0.23478266795966174,0.21412881698829023,0.17585813200854356,0.061303565285252694,0.2414504069818422
28.083333333333332,1.202,0.24130759318792552,0.23464606641134433,0.21401084515289184,0.17577208005815825,0.06128560085947961,0.24130759318792552
28.1,1.202,0.24116501824992742,0.23450969176033776,0.2138930649448285,0.1756861616512549,0.061267678830493055,0.24116501824992742
28.116666666666667,1.202,0.24102268158403545,0.23437354345485284,0.21377547590559237,0.17560037647811017,0.06124979906989442,0.24102268158403545
28.133333333333333,1.202,0.24088058260825815,0.23423762094481582,0.2136580775780811,0.17551472422994716,0.06123196144970351,0.24088058260825815
28.15,1.202,0.24073872074241873,0.2341019236818619,0.2135408695065927,0.1754292045989314,0.06121416584236005,0.24073872074241873
28.166666666666668,1.202,0.24059709540814805,0.23396645111932862,0.21342385123682034,0.17534381727816678,0.06119641212072503,0.24059709540814805
28.183333333333334,1.202,0.2404557060288778,0.23383120271224989,0.21330702231584747,0.17525856196169154,0.06117870015808169,0.2404557060288778
28.2,1.202,0.24031455202983432,0.23369617791734956,0.21319038229214263,0.17517343834447446,0.06116102982813645,0.24031455202983432
28.216666666666665,1.202,0.2401736328380314,0.23356137619303496,0.21307393071555453,0.17508844612241092,0.06114340100501945,0.2401736328380314
28.233333333333334,1.202,0.24003294788226406,0.2334267969993909,0.21295766713730707,0.1750035849923188,0.06112581356328517,0.24003294788226406
28.25,1.202,0.23989249659310175,0.23329243979817332,0.21284159110999432,0.1749188546519349,0.06110826737791268,0.23989249659310175
28.266666666666666,1.202,0.23975227840288166,0.23315830405280316,0.21272570218757553,0.1748342547999112,0.06109076232430587,0.23975227840288166
28.283333333333335,1.202,0.2396122927457027,0.23302438922836008,0.2126099999253704,0.17474978513581052,0.06107329827829341,0.2396122927457027
28.3,1.202,0.2394725390574183,0.23289069479157642,0.212494483880054,0.17466544536010337,0.06105587511612896,0.2394725390574183
28.316666666666666,1.202,0.23933301677563046,0.23275722021083106,0.212379153609652,0.17458123517416396,0.061038492714490675,0.23933301677563046
28.333333333333332,1.202,0.23919372533968297,0.2326239649561433,0.2122640086735357,0.17449715428026652,0.061021150950480954,0.23919372533968297
28.35,1.202,0.23905466419065521,0.23249092849916664,0.2121490486324173,0.17441320238158148,0.06100384970162642,0.23905466419065521
28.366666666666667,1.202,0.23891583277135564,0.23235811031318315,0.212034273048345,0.17432937918217223,0.06098658884587696,0.23891583277135564
28.383333333333333,1.202,0.23877723052631525,0.23222550987309706,0.21191968148469834,0.17424568438699103,0.06096936826160563,0.23877723052631525
28.4,1.202,0.2386388569017817,0.23209312665542897,0.21180527350618325,0.17416211770187587,0.06095218782760771,0.2386388569017817
28.416666666666668,1.202,0.23850071134571224,0.2319609601383097,0.21169104867882738,0.17407867883354655,0.060935047423100235,0.23850071134571224
28.433333333333334,1.202,0.23836279330776833,0.2318290098014746,0.2115770065699753,0.17399536748960143,0.06091794692772115,0.23836279330776833
28.45,1.202,0.2382251022393084,0.23169727512625746,0.21146314674828387,0.17391218337851372,0.060900886221528575,0.2382251022393084
28.466666666666665,1.202,0.23808763759338247,0.23156575559558468,0.21134946878371744,0.17382912620962826,0.060883865184999865,0.23808763759338247
28.483333333333334,1.202,0.23795039882472535,0.23143445069396945,0.21123597224754323,0.17374619569315783,0.06086688369903075,0.23795039882472535
28.5,1.202,0.23781338538975064,0.2313033599075057,0.21112265671232666,0.17366339154017985,0.06084994164493448,0.23781338538975064
28.516666666666666,1.202,0.23767659674654454,0.23117248272386262,0.21100952175192658,0.17358071346263312,0.060833038904440646,0.23767659674654454
28.533333333333335,1.202,0.23754003235485974,0.23104181863227863,0.21089656694149078,0.17349816117331412,0.06081617535969432,0.23754003235485974
28.55,1.202,0.23740369167610928,0.2309113671235556,0.21078379185745127,0.17341573438587415,0.06079935089325488,0.23740369167610928
28.566666666666666,1.202,0.23726757417336045,0.23078112769005338,0.21067119607751983,0.17333343281481553,0.06078256538809504,0.23726757417336045
28.583333333333332,1.202,0.23713167931132867,0.23065109982568371,0.21055877918068316,0.17325125617548862,0.06076581872759956,0.23713167931132867
28.6,1.202,0.23699600655637154,0.2305212830259049,0.2104465407471986,0.1731692041840885,0.06074911079556422,0.23699600655637154
28.616666666666667,1.202,0.23686055537648285,0.23039167678771588,0.21033448035858937,0.17308727655765163,0.060732441476194596,0.23686055537648285
28.633333333333333,1.202,0.23672532524128628,0.23026228060965068,0.21022259759764017,0.17300547301405278,0.06071581065410492,0.23672532524128628
28.65,1.202,0.23659031562202978,0.2301330939917728,0.21011089204839262,0.17292379327200172,0.06069921821431667,0.23659031562202978
28.666666666666668,1.202,0.23645552599157957,0.2300041164356697,0.20999936329614066,0.17284223705104007,0.060682664042257584,0.23645552599157957
28.683333333333334,1.202,0.236320955824414,0.22987534744444701,0.20988801092742626,0.17276080407153815,0.060666148023760226,0.236320955824414
28.7,1.202,0.23618660459661797,0.2297467865227233,0.20977683453003482,0.17267949405469193,0.06064967004506072,0.23618660459661797
28.716666666666665,1.202,0.23605247178587677,0.22961843317662417,0.2096658336929907,0.17259830672251975,0.06063322999279757,0.23605247178587677
28.733333333333334,1.202,0.23591855687147037,0.22949028691377726,0.20955500800655288,0.17251724179785938,0.060616827754010186,0.23591855687147037
28.75,1.202,0.23578485933426746,0.22936234724330626,0.20944435706221057,0.1724362990043649,0.060600463216137754,0.23578485933426746
28.766666666666666,1.202,0.23565137865671998,0.22923461367582576,0.2093338804526786,0.17235547806650364,0.060584136267017696,0.23565137865671998
28.783333333333335,1.202,0.23551811432285702,0.2291070857234358,0.20922357777189324,0.1722747787095531,0.0605678467948845,0.23551811432285702
28.8,1.202,0.2353850658182791,0.22897976289971633,0.20911344861500783,0.17219420065959806,0.06055159468836835,0.2353850658182791
28.816666666666666,1.202,0.23525223263015263,0.228852644719722,0.2090034925783883,0.1721137436435275,0.06053537983649364,0.23525223263015263
28.833333333333332,1.202,0.23511961424720404,0.22872573069997673,0.20889370925960896,0.17203340738903156,0.06051920212867773,0.23511961424720404
28.85,1.202,0.23498721015971413,0.22859902035846824,0.20878409825744806,0.17195319162459866,0.060503061454729584,0.23498721015971413
28.866666666666667,1.202,0.23485501985951246,0.22847251321464307,0.2086746591718836,0.17187309607951257,0.06048695770484824,0.23485501985951246
28.883333333333333,1.202,0.23472304283997167,0.2283462087894009,0.208565391604089,0.17179312048384954,0.06047089076962166,0.23472304283997167
28.9,1.202,0.23459127859600193,0.22822010660508957,0.20845629515642872,0.17171326456847522,0.060454860540025065,0.23459127859600193
28.916666666666668,1.202,0.23445972662404518,0.2280942061854998,0.20834736943245435,0.17163352806504184,0.06043886690741984,0.23445972662404518
28.933333333333334,1.202,0.23432838642206982,0.2279685070558597,0.20823861403689997,0.1715539107059854,0.060422909763551864,0.23432838642206982
28.95,1.202,0.23419725748956502,0.22784300874282998,0.20813002857567808,0.1714744122245228,0.06040698900055027,0.23419725748956502
28.966666666666665,1.202,0.23406633932753512,0.22771771077449848,0.2080216126558755,0.17139503235464887,0.060391104510926,0.23406633932753512
28.983333333333334,1.202,0.23393563143849447,0.22759261268037514,0.20791336588574905,0.1713157708311337,0.060375256187570454,0.23393563143849447
29.0,1.202,0.23380513332646147,0.22746771399138677,0.20780528787472144,0.17123662738951964,0.06035944392375397,0.23380513332646147
29.016666666666666,1.2019666666666666,0.23367484085657633,0.22734301075563912,0.20769737521822312,0.17115759955794962,0.06034383650460211,0.23367484085657633
29.033333333333335,1.2019333333333333,0.2335447499784736,0.22721849910193387,0.2075896245810376,0.1710786849146688,0.06032831830386076,0.2335447499784736
29.05,1.2019,0.2334148602346352,0.22709417859771863,0.20748203560338999,0.17099988321663234,0.060312851302559554,0.2334148602346352
29.066666666666666,1.2018666666666666,0.23328517116886896,0.22697004881168917,0.20737460792653117,0.17092119422147303,0.06029742749707077,0.23328517116886896
29.083333333333332,1.2018333333333333,0.23315568232630324,0.22684610931378507,0.20726734119273435,0.1708426176874991,0.06028204346508878,0.23315568232630324
29.1,1.2018,0.23302639325338334,0.22672235967518548,0.20716023504529152,0.1707641533736916,0.06026669735408742,0.23302639325338334
29.116666666666667,1.2017666666666666,0.2328973034978662,0.22659879946830475,0.20705328912850987,0.17068580103970238,0.06025138801478078,0.2328973034978662
29.133333333333333,1.2017333333333333,0.2327684126088163,0.22647542826678835,0.20694650308770868,0.17060756044585162,0.06023611466494842,0.2327684126088163
29.15,1.2017,0.23263972013660103,0.2263522456455085,0.2068398765692155,0.17052943135312562,0.060220876734427206,0.23263972013660103
29.166666666666668,1.2016666666666667,0.23251122563288598,0.22622925118055995,0.20673340922036282,0.17045141352317458,0.060205673784858964,0.23251122563288598
29.183333333333334,1.2016333333333333,0.23238292865063082,0.22610644444925596,0.20662710068948492,0.17037350671831125,0.0601905054644951,0.23238292865063082
29.2,1.2016,0.23225482874408448,0.22598382503012387,0.2065209506259141,0.1702957107015098,0.06017537148105391,0.23225482874408448
29.216666666666665,1.2015666666666667,0.23212692546878097,0.2258613925029012,0.20641495867997747,0.17021802523640622,0.060160271584567854,0.23212692546878097
29.233333333333334,1.2015333333333333,0.231999218381535,0.22573914644853116,0.2063091245029936,0.17014045008729986,0.0601452055560859,0.231999218381535
29.25,1.2015000000000002,0.23187170704043722,0.22561708644915887,0.20620344774726904,0.17006298501915618,0.06013017319997102,0.23187170704043722
29.266666666666666,1.2014666666666667,0.2317443910048501,0.2254952120881271,0.20609792806609506,0.16998562979761034,0.06011517433849439,0.2317443910048501
29.283333333333335,1.2014333333333334,0.2316172698354037,0.22537352294997207,0.2059925651137443,0.16990838418897145,0.06010020880794504,0.2316172698354037
29.3,1.2014,0.23149034309399089,0.22525201862041955,0.2058873585454673,0.169831247960226,0.06008527645576942,0.23149034309399089
29.316666666666666,1.2013666666666667,0.23136361034376335,0.22513069868638064,0.2057823080174895,0.16975422087904132,0.06007037713842753,0.23136361034376335
29.333333333333332,1.2013333333333334,0.23123707114912717,0.22500956273594783,0.20567741318700755,0.16967730271376777,0.060055510719759404,0.23123707114912717
29.35,1.2013,0.2311107250757384,0.22488861035839092,0.20557267371218635,0.1696004932334395,0.06004067706972164,0.2311107250757384
29.366666666666667,1.2012666666666667,0.23098457169049905,0.22476784114415294,0.20546808925215554,0.16952379220777455,0.060025876063396585,0.23098457169049905
29.383333333333333,1.2012333333333336,0.2308586105615525,0.22464725468484625,0.20536365946700633,0.16944719940717282,0.06001110758020668,0.2308586105615525
29.4,1.2012000000000003,0.23073284125827945,0.22452685057324862,0.20525938401778832,0.16937071460271338,0.05999637150328392,0.23073284125827945
29.416666666666668,1.2011666666666667,0.2306072633512937,0.2244066284032989,0.20515526256650612,0.16929433756615073,0.05998166771895924,0.2306072633512937
29.433333333333334,1.2011333333333334,0.2304818764124378,0.22428658777009353,0.20505129477611622,0.16921806806991,0.059966996116344845,0.2304818764124378
29.45,1.2011,0.23035668001477885,0.22416672826988232,0.20494748031052384,0.16914190588708145,0.059952356586989955,0.23035668001477885
29.466666666666665,1.2010666666666667,0.23023167373260453,0.2240470495000645,0.20484381883457958,0.16906585079141456,0.05993774902459481,0.23023167373260453
29.483333333333334,1.2010333333333334,0.2301068571414186,0.223927551059185,0.20474031001407636,0.16898990255731197,0.059923173324771255,0.2301068571414186
29.5,1.201,0.22998222981793703,0.22380823254693044,0.2046369535157462,0.16891406095982275,0.05990862938484101,0.22998222981793703
29.516666666666666,1.201,0.2298577948198529,0.22368909689571848,0.2045337518933098,0.16883832789259745,0.05989395413256795,0.2298577948198529
29.533333333333335,1.201,0.22973355512718147,0.22357014696371919,0.2044307076365114,0.16876270520285414,0.059879259660948536,0.22973355512718147
29.55,1.201,0.22960951028844478,0.22345138232377987,0.2043278203892659,0.16868719264958817,0.05986458203786662,0.22960951028844478
29.566666666666666,1.201,0.22948565985350483,0.22333280255001042,0.20422508979652854,0.16861178999249293,0.05984992864442963,0.22948565985350483
29.583333333333332,1.201,0.22936200337355886,0.22321440721777902,0.2041225155042916,0.16853649699195358,0.05983530251750439,0.22936200337355886
29.6,1.201,0.22923854040113417,0.22309619590370766,0.20402009715958047,0.16846131340904108,0.059820705210491695,0.22923854040113417
29.616666666666667,1.201,0.2291152704900841,0.22297816818566774,0.20391783441045025,0.16838623900550637,0.05980613761398594,0.2291152704900841
29.633333333333333,1.201,0.22899219319558256,0.22286032364277547,0.2038157269059822,0.16831127354377523,0.05979160027353734,0.22899219319558256
29.65,1.201,0.22886930807412012,0.22274266185538777,0.2037137742962803,0.168236416786943,0.05977709353596279,0.22886930807412012
29.666666666666668,1.201,0.22874661468349855,0.22262518240509757,0.20361197623246757,0.16816166849876976,0.05976261762500685,0.22874661468349855
29.683333333333334,1.201,0.22862411258282678,0.2225078848747296,0.20351033236668287,0.1680870284436755,0.05974817268390717,0.22862411258282678
29.7,1.201,0.2285018013325159,0.22239076884833608,0.20340884235207696,0.16801249638673482,0.05973375880093182,0.2285018013325159
29.716666666666665,1.201,0.22837968049427473,0.2222738339111922,0.20330750584280954,0.16793807209367112,0.0597193760255001,0.22837968049427473
29.733333333333334,1.201,0.22825774963110518,0.22215707964979203,0.20320632249404552,0.16786375533085016,0.059705024378789114,0.22825774963110518
29.75,1.201,0.22813600830729758,0.22204050565184402,0.20310529196195165,0.1677895458652724,0.05969070386095579,0.22813600830729758
29.766666666666666,1.201,0.22801445608842633,0.22192411150626695,0.20300441390369312,0.16771544346456518,0.059676414456198756,0.22801445608842633
29.783333333333335,1.201,0.22789309254134504,0.22180789680318538,0.20290368797743008,0.16764144789697433,0.059662156136395486,0.22789309254134504
29.8,1.201,0.22777191723418225,0.22169186113392567,0.2028031138423143,0.1675675589313561,0.05964792886377211,0.22777191723418225
29.816666666666666,1.201,0.22765092973633688,0.22157600409101152,0.20270269115848583,0.16749377633716966,0.059633732592900286,0.22765092973633688
29.833333333333332,1.201,0.22753012961847377,0.2214603252681599,0.20260241958706943,0.16742009988447046,0.05961956727221602,0.22753012961847377
29.85,1.201,0.22740951645251917,0.2213448242602769,0.2025022987901713,0.16734652934390457,0.05960543284519128,0.22740951645251917
29.866666666666667,1.201,0.2272890898116562,0.22122950066345348,0.20240232843087574,0.1672730644867043,0.05959132925125041,0.2272890898116562
29.883333333333333,1.201,0.22716884927032044,0.22111435407496122,0.2023025081732417,0.16719970508468512,0.059577256426495064,0.22716884927032044
29.9,1.201,0.22704879440419587,0.22099938409324832,0.2022028376822994,0.16712645091024358,0.05956321430428379,0.22704879440419587
29.916666666666668,1.201,0.22692892479020996,0.22088459031793548,0.20210331662404712,0.16705330173635638,0.059549202815700204,0.22692892479020996
29.933333333333334,1.201,0.2268092400065296,0.2207699723498116,0.20200394466544763,0.16698025733658017,0.05953522188993413,0.2268092400065296
29.95,1.201,0.22668973963255665,0.22065552979082992,0.20190472147442504,0.1669073174850523,0.059521271454594876,0.22668973963255665
29.966666666666665,1.201,0.22657042324892362,0.2205412622441039,0.20180564671986123,0.16683448195649186,0.05950735143597005,0.22657042324892362
29.983333333333334,1.201,0.22645129043748924,0.22042716931390297,0.20170672007159274,0.16676175052620146,0.0594934617592416,0.22645129043748924
30.0,1.201,0.22633234078133446,0.22031325060564874,0.20160794120040723,0.1666891229700691,0.059479602348666394,0.22633234078133446
30.016666666666666,1.201,0.2262135738647576,0.22019950572591085,0.20150930977804027,0.16661659906457021,0.05946577312772882,0.2262135738647576
30.033333333333335,1.201,0.22609498927327099,0.22008593428240292,0.20141082547717182,0.16654417858676976,0.05945197401927019,0.22609498927327099
30.05,1.201,0.22597658659359549,0.2199725358839787,0.2013124879714232,0.16647186131432426,0.0594382049455987,0.22597658659359549
30.066666666666666,1.201,0.22585836541365742,0.21985931014062793,0.20121429693535342,0.16639964702548404,0.0594244658285837,0.22585836541365742
30.083333333333332,1.201,0.2257403253225837,0.21974625666347253,0.20111625204445605,0.1663275354990948,0.05941075658973684,0.2257403253225837
30.1,1.201,0.22562246591069765,0.21963337506476255,0.20101835297515572,0.1662555265145993,0.05939707715028192,0.22562246591069765
30.116666666666667,1.201,0.22550478676951513,0.21952066495787226,0.20092059940480508,0.16618361985203906,0.05938342743121554,0.22550478676951513
30.133333333333333,1.201,0.22538728749174006,0.21940812595729633,0.2008229910116811,0.1661118152920552,0.059369807353359796,0.22538728749174006
30.15,1.201,0.22526996767126034,0.21929575767864584,0.20072552747498212,0.16604011261588975,0.0593562168374082,0.22526996767126034
30.166666666666668,1.201,0.22515282690314395,0.2191835597386444,0.2006282084748242,0.16596851160538612,0.05934265580396601,0.22515282690314395
30.183333333333334,1.201,0.22503586478363455,0.21907153175512428,0.20053103369223813,0.1658970120429898,0.05932912417358538,0.22503586478363455
30.2,1.201,0.22491908091014737,0.21895967334702277,0.20043400280916585,0.16582561371174837,0.059315621866796536,0.22491908091014737
30.216666666666665,1.201,0.22480247488126534,0.21884798413437792,0.20033711550845737,0.16575431639531185,0.059302148804135146,0.22480247488126534
30.233333333333334,1.201,0.224686046296735,0.21873646373832517,0.20024037147386753,0.16568311987793208,0.059288704906166535,0.224686046296735
30.25,1.201,0.22456979475746222,0.2186251117810933,0.20014377039005243,0.16561202394446276,0.05927529009350706,0.22456979475746222
30.266666666666666,1.201,0.22445371986550827,0.2185139278860007,0.20004731194256664,0.1655410283803586,0.05926190428684335,0.22445371986550827
30.283333333333335,1.201,0.2243378212240859,0.21840291167745152,0.1999509958178596,0.16547013297167468,0.05924854740694912,0.2243378212240859
30.3,1.201,0.22422209843755536,0.21829206278093205,0.19985482170327262,0.16539933750506552,0.05923521937470026,0.22422209843755536
30.316666666666666,1.201,0.2241065511114201,0.21818138082300692,0.19975878928703555,0.1653286417677839,0.05922192011108837,0.2241065511114201
30.333333333333332,1.201,0.2239911788523233,0.2180708654313154,0.19966289825826372,0.16525804554767992,0.059208649537232816,0.2239911788523233
30.35,1.201,0.22387598126804334,0.21796051623456758,0.19956714830695468,0.1651875486331994,0.059195407574391345,0.22387598126804334
30.366666666666667,1.201,0.22376095796749043,0.21785033286254077,0.19947153912398516,0.16511715081338268,0.05918219414396996,0.22376095796749043
30.383333333333333,1.201,0.22364610856070238,0.21774031494607576,0.19937607040110789,0.16504685187786294,0.059169009167531345,0.22364610856070238
30.4,1.201,0.2235314326588404,0.21763046211707326,0.19928074183094846,0.16497665161686476,0.05915585256680281,0.2235314326588404
30.416666666666668,1.201,0.22341692987418602,0.21752077400849004,0.1991855531070022,0.16490654982120218,0.05914272426368311,0.22341692987418602
30.433333333333334,1.201,0.22330259982013645,0.21741125025433553,0.19909050392363137,0.16483654628227717,0.0591296241802488,0.22330259982013645
30.45,1.201,0.22318844211120092,0.21730189048966797,0.1989955939760618,0.1647666407920778,0.05911655223875973,0.22318844211120092
30.466666666666665,1.201,0.22307445636299716,0.21719269435059096,0.19890082296038003,0.16469683314317632,0.05910350836166429,0.22307445636299716
30.483333333333334,1.201,0.2229606421922472,0.21708366147424973,0.1988061905735303,0.16462712312872707,0.05909049247160372,0.2229606421922472
30.5,1.201,0.22284699921677373,0.2169747914988277,0.1987116965133115,0.16455751054246487,0.059077504491416404,0.22284699921677373
30.516666666666666,1.201,0.2227335270554962,0.21686608406354269,0.1986173404783742,0.16448799517870288,0.05906454434414135,0.2227335270554962
30.533333333333335,1.201,0.22262022532842707,0.21675753880864362,0.19852312216821788,0.1644185768323305,0.05905161195302162,0.22262022532842707
30.55,1.201,0.2225070936566682,0.2166491553754068,0.19842904128318764,0.1643492552988115,0.059038707241507137,0.2225070936566682
30.566666666666666,1.201,0.22239413166240682,0.2165409334061324,0.1983350975244716,0.16428003037418196,0.059025830133257476,0.22239413166240682
30.583333333333332,1.201,0.22228133896891206,0.2164328725441409,0.19824129059409787,0.164210901855048,0.059012980552144066,0.22228133896891206
30.6,1.201,0.22216871520053097,0.2163249724337698,0.19814762019493176,0.16414186953858392,0.059000158422252424,0.22216871520053097
30.616666666666667,1.201,0.22205625998268502,0.21621723272036986,0.19805408603067276,0.16407293322253014,0.05898736366788397,0.22205625998268502
30.633333333333333,1.201,0.22194397294186638,0.21610965305030166,0.19796068780585188,0.1640040927051909,0.058974596213557724,0.22194397294186638
30.65,1.201,0.22183185370563402,0.21600223307093241,0.19786742522582862,0.16393534778543245,0.058961855984011644,0.22183185370563402
30.666666666666668,1.201,0.22171990190261037,0.2158949724306321,0.1977742979967883,0.1638666982626807,0.05894914290420418,0.22171990190261037
30.683333333333334,1.201,0.22160811716247744,0.21578787077877026,0.19768130582573926,0.16379814393691927,0.058936456899315176,0.22160811716247744
30.7,1.201,0.22149649911597333,0.21568092776571263,0.19758844842050993,0.16372968460868742,0.058923797894747,0.22149649911597333
30.716666666666665,1.201,0.22138504739488843,0.21557414304281752,0.1974957254897463,0.1636613200790779,0.05891116581612529,0.22138504739488843
30.733333333333334,1.201,0.22127376163206205,0.2154675162624326,0.1974031367429089,0.16359305014973502,0.058898560589299834,0.22127376163206205
30.75,1.201,0.22116264146137857,0.2153610470778914,0.19731068189027023,0.16352487462285234,0.05888598214034506,0.22116264146137857
30.766666666666666,1.201,0.22105168651776405,0.2152547351435099,0.197218360642912,0.16345679330117086,0.05887343039556063,0.22105168651776405
30.783333333333335,1.201,0.2209408964371827,0.21514858011458332,0.19712617271272237,0.16338880598797678,0.05886090528147189,0.2209408964371827
30.8,1.201,0.22083027085663307,0.21504258164738266,0.19703411781239322,0.16332091248709957,0.05884840672483006,0.22083027085663307
30.816666666666666,1.201,0.2207198094141448,0.21493673939915137,0.19694219565541765,0.16325311260291003,0.05883593465261271,0.2207198094141448
30.833333333333332,1.201,0.22060951174877494,0.21483105302810207,0.19685040595608705,0.16318540614031798,0.0588234889920237,0.22060951174877494
30.85,1.201,0.22049937750060444,0.21472552219341318,0.19675874842948857,0.1631177929047706,0.05881106967049351,0.22049937750060444
30.866666666666667,1.201,0.2203894063107348,0.21462014655522565,0.1966672227915025,0.16305027270225014,0.058798676615679196,0.2203894063107348
30.883333333333333,1.201,0.22027959782128434,0.2145149257746397,0.1965758287587994,0.1629828453392722,0.058786309755464394,0.22027959782128434
30.9,1.201,0.220169951675385,0.21440985951371147,0.1964845660488379,0.16291551062288348,0.05877396901795924,0.220169951675385
30.916666666666668,1.201,0.2200604675171787,0.21430494743544992,0.19639343437986156,0.16284826836066008,0.05876165433150024,0.2200604675171787
30.933333333333334,1.201,0.21995114499181395,0.2142001892038134,0.1963024334708967,0.1627811183607053,0.05874936562465023,0.21995114499181395
30.95,1.201,0.2198419837454425,0.21409558448370639,0.19621156304174953,0.1627140604316481,0.058737102826198054,0.2198419837454425
30.966666666666665,1.201,0.2197329834252158,0.2139911329409766,0.19612082281300364,0.16264709438264074,0.05872486586515841,0.2197329834252158
30.983333333333334,1.201,0.21962414367928168,0.21388683424241142,0.1960302125060175,0.16258022002335704,0.058712654670771476,0.21962414367928168
31.0,1.201,0.21951546415678092,0.2137826880557348,0.19593973184292168,0.16251343716399053,0.05870046917250275,0.21951546415678092
31.016666666666666,1.201,0.21940694450784384,0.21367869404960427,0.19584938054661655,0.16244674561525263,0.058688309300042596,0.21940694450784384
31.033333333333335,1.201,0.21929858438358715,0.21357485189360736,0.19575915834076968,0.16238014518837057,0.05867617498330586,0.21929858438358715
31.05,1.201,0.21919038343611033,0.21347116125825885,0.19566906494981307,0.16231363569508572,0.058664066152431624,0.21919038343611033
31.066666666666666,1.201,0.2190823413184924,0.21336762181499752,0.19557910009894086,0.1622472169476515,0.05865198273778263,0.2190823413184924
31.083333333333332,1.201,0.21897445768478863,0.21326423323618282,0.19548926351410673,0.16218088875883196,0.05863992466994496,0.21897445768478863
31.1,1.201,0.21886673219002728,0.21316099519509193,0.19539955492202143,0.16211465094189947,0.058627891879727424,0.21886673219002728
31.116666666666667,1.201,0.21875916449020605,0.21305790736591662,0.19530997405015016,0.1620485033106333,0.058615884298161294,0.21875916449020605
31.133333333333333,1.201,0.2186517542422892,0.21295496942376013,0.19522052062671025,0.1619824456793176,0.05860390185649959,0.2186517542422892
31.15,1.201,0.21854450110420387,0.21285218104463416,0.19513119438066856,0.16191647786273966,0.05859194448621671,0.21854450110420387
31.166666666666668,1.201,0.21843740473483705,0.21274954190545564,0.19504199504173902,0.16185059967618814,0.058580012119007784,0.21843740473483705
31.183333333333334,1.201,0.21833046479403237,0.21264705168404374,0.19495292234038014,0.16178481093545133,0.05856810468678826,0.21833046479403237
31.2,1.201,0.2182236809425866,0.212544710059117,0.1948639760077927,0.16171911145681536,0.0585562221216932,0.2182236809425866
31.216666666666665,1.201,0.21811705284224683,0.21244251671028996,0.1947751557759172,0.16165350105706244,0.05854436435607687,0.21811705284224683
31.233333333333334,1.201,0.2180105801557069,0.2123404713180704,0.19468646137743123,0.16158797955346918,0.05853253132251196,0.2180105801557069
31.25,1.201,0.21790426254660433,0.21223857356385623,0.19459789254574744,0.1615225467638048,0.05852072295378919,0.21790426254660433
31.266666666666666,1.201,0.2177980996795173,0.21213682312993254,0.19450944901501083,0.16145720250632944,0.0585089391829165,0.2177980996795173
31.283333333333335,1.201,0.21769209121996108,0.21203521969946854,0.1944211305200964,0.16139194659979259,0.05849717994311866,0.21769209121996108
31.3,1.201,0.21758623683438538,0.2119337629565146,0.19433293679660682,0.1613267788634311,0.05848544516783649,0.21758623683438538
31.316666666666666,1.201,0.21748053619017071,0.21183245258599925,0.1942448675808699,0.16126169911696778,0.05847373479072625,0.21748053619017071
31.333333333333332,1.201,0.2173749889556257,0.2117312882737264,0.1941569226099364,0.16119670718060958,0.058462048745659065,0.2173749889556257
31.35,1.201,0.2172695947999835,0.21163026970637228,0.1940691016215773,0.16113180287504592,0.05845038696672025,0.2172695947999835
31.366666666666667,1.201,0.21716435339339915,0.21152939657148234,0.19398140435428202,0.16106698602144723,0.05843874938820865,0.21716435339339915
31.383333333333333,1.201,0.21705926440694595,0.21142866855746872,0.19389383054725534,0.16100225644146293,0.05842713594463598,0.21705926440694595
31.4,1.201,0.216954327512613,0.21132808535360692,0.1938063799404157,0.16093761395722017,0.058415546570726194,0.216954327512613
31.416666666666668,1.201,0.21684954238330154,0.2112276466500333,0.19371905227439234,0.16087305839132202,0.05840398120141483,0.21684954238330154
31.433333333333334,1.201,0.2167449086928223,0.2111273521377418,0.19363184729052335,0.1608085895668459,0.05839243977184827,0.2167449086928223
31.45,1.201,0.21664042611589218,0.2110272015085815,0.19354476473085316,0.16074420730734185,0.0583809222173832,0.21664042611589218
31.466666666666665,1.201,0.2165360943281314,0.2109271944552534,0.19345780433813015,0.16067991143683114,0.058369428473585755,0.2165360943281314
31.483333333333334,1.201,0.21643191300606024,0.21082733067130768,0.1933709658558045,0.1606157017798045,0.058357958476231014,0.21643191300606024
31.5,1.201,0.21632788182709634,0.210727609851141,0.19328424902802577,0.16055157816122062,0.05834651216130225,0.21632788182709634
31.516666666666666,1.201,0.21622400046955137,0.21062803168999344,0.19319765359964067,0.16048754040650465,0.05833508946499022,0.21622400046955137
31.533333333333335,1.201,0.21612026861262829,0.21052859588394585,0.19311117931619087,0.16042358834154635,0.05832369032369248,0.21612026861262829
31.55,1.201,0.21601668593641823,0.21042930212991706,0.1930248259239104,0.16035972179269886,0.05831231467401277,0.21601668593641823
31.566666666666666,1.201,0.2159132521218975,0.21033015012566092,0.19293859316972378,0.16029594058677699,0.05830096245276028,0.2159132521218975
31.583333333333332,1.201,0.21580996685092477,0.21023113956976375,0.1928524808012434,0.16023224455105567,0.05828963359694894,0.21580996685092477
31.6,1.201,0.215706829806238,0.2101322701616413,0.19276648856676756,0.16016863351326846,0.05827832804379677,0.215706829806238
31.616666666666667,1.201,0.2156038406714515,0.21003354160153617,0.192680616215278,0.16010510730160596,0.05826704573072511,0.2156038406714515
31.633333333333333,1.201,0.21550099913105303,0.20993495359051512,0.19259486349643778,0.16004166574471437,0.058255786595358086,0.21550099913105303
31.65,1.201,0.215398304870401,0.20983650583046615,0.19250923016058907,0.15997830867169394,0.058244550575521754,0.215398304870401
31.666666666666668,1.201,0.21529575757572136,0.20973819802409577,0.19242371595875085,0.1599150359120975,0.05823333760924345,0.21529575757572136
31.683333333333334,1.201,0.21519335693410485,0.2096400298749265,0.1923383206426167,0.15985184729592877,0.0582221476347512,0.21519335693410485
31.7,1.201,0.21509110263350403,0.20954200108729398,0.19225304396455267,0.15978874265364118,0.058210980590472826,0.21509110263350403
31.716666666666665,1.201,0.2149889943627306,0.20944411136634433,0.19216788567759496,0.1597257218161362,0.05819983641503551,0.2149889943627306
31.733333333333334,1.201,0.21488703181145222,0.20934636041803142,0.1920828455354479,0.1596627846147618,0.05818871504726483,0.21488703181145222
31.75,1.201,0.21478521467018996,0.20924874794911424,0.19199792329248158,0.15959993088131114,0.05817761642618431,0.21478521467018996
31.766666666666666,1.201,0.21468354263031525,0.20915127366715422,0.1919131187037299,0.15953716044802102,0.058166540491014544,0.21468354263031525
31.783333333333335,1.201,0.2145820153840473,0.20905393728051255,0.1918284315248881,0.15947447314757046,0.05815548718117259,0.2145820153840473
31.8,1.201,0.21448063262445002,0.20895673849834767,0.19174386151231082,0.15941186881307923,0.05814445643627131,0.21448063262445002
31.816666666666666,1.201,0.21437939404542933,0.2088596770306123,0.19165940842301,0.15934934727810626,0.058133448196118556,0.21437939404542933
31.833333333333332,1.201,0.2142782993417304,0.20876275258805133,0.19157507201465251,0.15928690837664858,0.05812246240071665,0.2142782993417304
31.85,1.201,0.21417734820893483,0.20866596488219868,0.19149085204555824,0.1592245519431395,0.058111498990261495,0.21417734820893483
31.866666666666667,1.201,0.21407654034345788,0.20856931362537506,0.19140674827469778,0.15916227781244735,0.058100557905142125,0.21407654034345788
31.883333333333333,1.201,0.2139758754425457,0.20847279853068523,0.19132276046169044,0.15910008581987412,0.05808963908593982,0.2139758754425457
31.9,1.201,0.21387535320427262,0.2083764193120154,0.19123888836680208,0.15903797580115392,0.05807874247342753,0.21387535320427262
31.916666666666668,1.201,0.21377497332753836,0.20828017568403068,0.19115513175094306,0.15897594759245168,0.05806786800856909,0.21377497332753836
31.933333333333334,1.201,0.2136747355120653,0.20818406736217257,0.1910714903756661,0.15891400103036163,0.05805701563251865,0.2136747355120653
31.95,1.201,0.2135746394583958,0.20808809406265633,0.19098796400316406,0.15885213595190606,0.058046185286619964,0.2135746394583958
31.966666666666665,1.201,0.2134746848678895,0.2079922555024685,0.19090455239626813,0.1587903521945338,0.05803537691240562,0.2134746848678895
31.983333333333334,1.201,0.21337487144272055,0.2078965513993643,0.19082125531844554,0.158728649596119,0.05802459045159654,0.21337487144272055
32.0,1.201,0.21327519888587496,0.2078009814718651,0.19073807253379765,0.15866702799495952,0.05801382584610112,0.21327519888587496
32.016666666666666,1.201,0.21317566690114806,0.20770554543925607,0.1906550038070577,0.1586054872297757,0.058003083038014665,0.21317566690114806
32.03333333333333,1.201,0.21307627519314148,0.20761024302158343,0.19057204890358892,0.15854402713970905,0.05799236196961867,0.21307627519314148
32.05,1.201,0.2129770234672608,0.20751507393965202,0.19048920758938248,0.1584826475643208,0.05798166258338015,0.2129770234672608
32.06666666666667,1.201,0.21287791142971302,0.20742003791502306,0.19040647963105534,0.15842134834359053,0.05797098482195103,0.21287791142971302
32.083333333333336,1.201,0.21277893878750337,0.2073251346700113,0.19032386479584834,0.15836012931791496,0.05796032862816739,0.21277893878750337
32.1,1.201,0.2126801052484334,0.20723036392768274,0.19024136285162407,0.15829899032810638,0.05794969394504884,0.2126801052484334
32.11666666666667,1.201,0.21258141052109764,0.20713572541185227,0.190158973566865,0.1582379312153916,0.0579390807157979,0.21258141052109764
32.13333333333333,1.201,0.21248285431488165,0.207041218847081,0.1900766967106713,0.15817695182141034,0.05792848888379919,0.21248285431488165
32.15,1.201,0.2123844363399589,0.206946843958674,0.18999453205275896,0.15811605198821416,0.05791791839261899,0.2123844363399589
32.166666666666664,1.201,0.21228615630728853,0.20685260047267773,0.1899124793634578,0.15805523155826487,0.05790736918600443,0.21228615630728853
32.18333333333333,1.201,0.2121880139286127,0.20675848811587777,0.18983053841370945,0.15799449037443347,0.0578968412078828,0.2121880139286127
32.2,1.201,0.21209000891645385,0.20666450661579627,0.18974870897506535,0.15793382827999874,0.05788633440236104,0.21209000891645385
32.21666666666667,1.201,0.21199214098411237,0.20657065570068958,0.18966699081968474,0.15787324511864584,0.057875848713724976,0.21199214098411237
32.233333333333334,1.201,0.21189440984566385,0.20647693509954596,0.189585383720333,0.15781274073446516,0.057865384086438695,0.21189440984566385
32.25,1.201,0.21179681521595672,0.206383344542083,0.18950388745037916,0.157752314971951,0.057854940465143924,0.21179681521595672
32.266666666666666,1.201,0.21169935681060953,0.20628988375874557,0.18942250178379444,0.1576919676760002,0.05784451779465937,0.21169935681060953
32.28333333333333,1.201,0.2116020343460088,0.206196552480703,0.18934122649515012,0.1576316986919109,0.05783411601998002,0.2116020343460088
32.3,1.201,0.21150484753930604,0.20610335043984707,0.18926006135961548,0.1575715078653813,0.057823735086276626,0.21150484753930604
32.31666666666667,1.201,0.21140779610841548,0.20601027736878955,0.1891790061529562,0.15751139504250838,0.057813374938894914,0.21140779610841548
32.333333333333336,1.201,0.21131087977201168,0.2059173330008599,0.18909806065153206,0.1574513600697866,0.05780303552335504,0.21131087977201168
32.35,1.201,0.21121409824952686,0.20582451707010285,0.18901722463229526,0.15739140279410663,0.05779271678535097,0.21121409824952686
32.36666666666667,1.201,0.21111745126114848,0.2057318293112762,0.1889364978727885,0.15733152306275416,0.057782418670749736,0.21111745126114848
32.38333333333333,1.201,0.2110209385278169,0.2056392694598484,0.18885588015114307,0.1572717207234085,0.05777214112559095,0.2110209385278169
32.4,1.201,0.21092455977122276,0.20554683725199624,0.18877537124607685,0.15721199562414157,0.0577618840960861,0.21092455977122276
32.416666666666664,1.201,0.2108283147138047,0.2054545324246027,0.18869497093689258,0.15715234761341643,0.05775164752861785,0.2108283147138047
32.43333333333333,1.201,0.2107322030787467,0.20536235471525452,0.1886146790034759,0.1570927765400862,0.05774143136973954,0.2107322030787467
32.45,1.201,0.210636224589976,0.20527030386223988,0.18853449522629348,0.15703328225339264,0.05773123556617454,0.210636224589976
32.46666666666667,1.201,0.2105403789721602,0.20517837960454632,0.18845441938639118,0.15697386460296517,0.057721060064815546,0.2105403789721602
32.483333333333334,1.201,0.21044466595070552,0.20508658168185837,0.18837445126539218,0.15691452343881954,0.057710904812724055,0.21044466595070552
32.5,1.201,0.21034908525175355,0.2049949098345552,0.18829459064549514,0.15685525861135646,0.05770076975712969,0.21034908525175355
32.516666666666666,1.201,0.21025363660217974,0.2049033638037086,0.1882148373094724,0.15679606997136067,0.05769065484542961,0.21025363660217974
32.53333333333333,1.201,0.21015831972959043,0.20481194333108052,0.188135191040668,0.15673695736999943,0.05768056002518791,0.21015831972959043
32.55,1.201,0.21006313436232057,0.20472064815912097,0.18805565162299598,0.15667792065882158,0.057670485244134984,0.21006313436232057
32.56666666666667,1.201,0.20996808022943173,0.20462947803096582,0.18797621884093862,0.15661895968975612,0.057660430450166916,0.20996808022943173
32.583333333333336,1.201,0.20987315706070925,0.20453843269043442,0.18789689247954441,0.15656007431511126,0.05765039559134492,0.20987315706070925
32.6,1.201,0.20977836458666016,0.20444751188202764,0.18781767232442642,0.15650126438757306,0.057640380615894715,0.20977836458666016
32.61666666666667,1.201,0.20968370253851082,0.20435671535092548,0.18773855816176044,0.15644252976020412,0.057630385472205836,0.20968370253851082
32.63333333333333,1.201,0.20958917064820468,0.204266042842985,0.1876595497782832,0.15638387028644274,0.05762041010883119,0.20958917064820468
32.65,1.201,0.2094947686483996,0.204175494104738,0.18758064696129048,0.15632528582010147,0.0576104544744864,0.2094947686483996
32.666666666666664,1.201,0.20940049627246612,0.20408506888338904,0.18750184949863552,0.15626677621536605,0.05760051851804909,0.20940049627246612
32.68333333333333,1.201,0.2093063532544846,0.20399476692681318,0.18742315717872704,0.15620834132679415,0.05759060218855854,0.2093063532544846
32.7,1.201,0.20921233932924338,0.2039045879835538,0.18734456979052766,0.15614998100931438,0.057580705435214805,0.20921233932924338
32.71666666666667,1.201,0.20911845423223613,0.20381453180282047,0.18726608712355203,0.15609169511822493,0.057570828207378424,0.20911845423223613
32.733333333333334,1.201,0.20902469769965978,0.20372459813448685,0.18718770896786502,0.15603348350919258,0.057560970454569566,0.20902469769965978
32.75,1.201,0.2089310694684123,0.20363478672908852,0.18710943511408012,0.15597534603825142,0.057551132126467626,0.2089310694684123
32.766666666666666,1.201,0.20883756927609032,0.20354509733782084,0.18703126535335754,0.1559172825618018,0.057541313172910606,0.20883756927609032
32.78333333333333,1.201,0.20874419686098689,0.20345552971253697,0.18695319947740263,0.1558592929366091,0.057531513543894464,0.20874419686098689
32.8,1.201,0.20865095196208916,0.20336608360574554,0.18687523727846406,0.15580137701980273,0.05752173318957263,0.20865095196208916
32.81666666666667,1.201,0.2085578343190766,0.2032767587706088,0.18679737854933204,0.1557435346688748,0.05751197206025539,0.2085578343190766
32.833333333333336,1.201,0.20846484367231818,0.20318755496094026,0.18671962308333673,0.1556857657416792,0.057502230106409286,0.20846484367231818
32.85,1.201,0.2083719797628704,0.20309847193120284,0.1866419706743465,0.15562807009643023,0.05749250727865663,0.2083719797628704
32.86666666666667,1.201,0.20827924233247527,0.2030095094365067,0.18656442111676608,0.1555704475917018,0.057482803527774816,0.20827924233247527
32.88333333333333,1.201,0.20818663112355787,0.20292066723260713,0.18648697420553506,0.15551289808642604,0.05747311880469587,0.20818663112355787
32.9,1.201,0.20809414587922415,0.20283194507590258,0.18640962973612604,0.1554554214398923,0.05746345306050583,0.20809414587922415
32.916666666666664,1.201,0.20800178634325883,0.20274334272343253,0.18633238750454317,0.15539801751174598,0.05745380624644421,0.20800178634325883
32.93333333333333,1.201,0.20790955226012345,0.20265485993287555,0.1862552473073202,0.15534068616198757,0.057444178313903395,0.20790955226012345
32.95,1.201,0.20781744337495378,0.2025664964625471,0.18617820894151887,0.15528342725097138,0.057434569214428154,0.20781744337495378
32.96666666666667,1.201,0.20772545943355797,0.20247825207139764,0.18610127220472744,0.15522624063940452,0.05742497889971496,0.20772545943355797
32.983333333333334,1.201,0.2076336001824142,0.20239012651901056,0.1860244368950588,0.1551691261883458,0.05741540732161166,0.2076336001824142
33.0,1.201,0.2075418653686687,0.20230211956560012,0.18594770281114886,0.1551120837592047,0.05740585443211664,0.2075418653686687
33.016666666666666,1.201,0.20745025474013362,0.20221423097200952,0.18587106975215503,0.15505511321374021,0.05739632018337855,0.20745025474013362
33.03333333333333,1.201,0.2073587680452847,0.20212646049970895,0.18579453751775443,0.1549982144140597,0.05738680452769556,0.2073587680452847
33.05,1.201,0.2072674050332595,0.20203880791079332,0.18571810590814236,0.154941387222618,0.05737730741751494,0.2072674050332595
33.06666666666667,1.201,0.20717616545385478,0.2019512729679807,0.18564177472403054,0.1548846315022162,0.057367828805432425,0.20717616545385478
33.083333333333336,1.201,0.207085049057525,0.20186385543460994,0.18556554376664558,0.15482794711600062,0.05735836864419173,0.207085049057525
33.1,1.201,0.20699405559537976,0.20177655507463893,0.18548941283772746,0.15477133392746178,0.057348926886684026,0.20699405559537976
33.11666666666667,1.201,0.20690318481918196,0.2016893716526426,0.18541338173952768,0.15471479180043338,0.05733950348594734,0.20690318481918196
33.13333333333333,1.201,0.20681243648134565,0.2016023049338109,0.18533745027480777,0.154658320599091,0.05733009839516609,0.20681243648134565
33.15,1.201,0.20672181033493386,0.20151535468394696,0.18526161824683776,0.15460192018795132,0.05732071156767056,0.20672181033493386
33.166666666666664,1.201,0.2066313061336568,0.201428520669465,0.18518588545939446,0.15454559043187105,0.05731134295693627,0.2066313061336568
33.18333333333333,1.201,0.20654092363186943,0.20134180265738855,0.18511025171675996,0.1544893311960457,0.05730199251658354,0.20654092363186943
33.2,1.201,0.2064506625845698,0.2012552004153484,0.18503471682372002,0.15443314234600863,0.05729266020037699,0.2064506625845698
33.21666666666667,1.201,0.2063605227473967,0.2011687137115807,0.18495928058556244,0.15437702374763013,0.057283345962224896,0.2063605227473967
33.233333333333334,1.201,0.20627050387662793,0.20108234231492522,0.18488394280807563,0.15432097526711624,0.0572740497561788,0.20627050387662793
33.25,1.201,0.20618060572917798,0.20099608599482316,0.18480870329754684,0.15426499677100772,0.05726477153643289,0.20618060572917798
33.266666666666666,1.201,0.20609082806259607,0.20090994452131544,0.18473356186076068,0.15420908812617912,0.057255511257323546,0.20609082806259607
33.28333333333333,1.201,0.20600117063506432,0.20082391766504076,0.18465851830499774,0.15415324919983775,0.05724626887332886,0.20600117063506432
33.3,1.201,0.20591163320539563,0.20073800519723367,0.1845835724380328,0.15409747985952255,0.057237044339067955,0.20591163320539563
33.31666666666667,1.201,0.20582221553303173,0.20065220688972282,0.18450872406813335,0.15404177997310317,0.05722783760930072,0.20582221553303173
33.333333333333336,1.201,0.205732917378041,0.20056652251492896,0.18443397300405812,0.15398614940877892,0.0572186486389271,0.205732917378041
33.35,1.201,0.20564373850111672,0.2004809518458631,0.18435931905505548,0.15393058803507784,0.05720947738298665,0.20564373850111672
33.36666666666667,1.201,0.20555467866357505,0.20039549465612472,0.184284762030862,0.1538750957208555,0.05720032379665811,0.20555467866357505
33.38333333333333,1.201,0.205465737627353,0.20031015071989977,0.18421030174170078,0.15381967233529426,0.05719118783525877,0.205465737627353
33.4,1.201,0.20537691515500656,0.20022491981195908,0.18413593799828004,0.15376431774790217,0.057182069454244054,0.20537691515500656
33.416666666666664,1.201,0.2052882110097085,0.20013980170765622,0.18406167061179174,0.15370903182851176,0.05717296860920703,0.2052882110097085
33.43333333333333,1.201,0.20519962495524693,0.20005479618292588,0.18398749939390968,0.15365381444727946,0.057163885255877865,0.20519962495524693
33.45,1.201,0.20511115675602276,0.199969903014282,0.18391342415678838,0.15359866547468426,0.057154819350123384,0.20511115675602276
33.46666666666667,1.201,0.2050228061770482,0.19988512197881592,0.18383944471306155,0.15354358478152696,0.0571457708479465,0.2050228061770482
33.483333333333334,1.201,0.20493457298394474,0.19980045285419462,0.18376556087584028,0.153488572238929,0.05713673970548581,0.20493457298394474
33.5,1.201,0.204846456942941,0.19971589541865875,0.18369177245871193,0.1534336277183317,0.057127725879015,0.204846456942941
33.516666666666666,1.201,0.20475845782087126,0.19963144945102113,0.18361807927573853,0.153378751091495,0.05711872932494253,0.20475845782087126
33.53333333333333,1.201,0.20467057538517308,0.1995471147306647,0.18354448114145516,0.1533239422304968,0.057109749999810985,0.20467057538517308
33.55,1.201,0.20458280940388585,0.1994628910375408,0.1834709778708687,0.15326920100773184,0.05710078786029665,0.20458280940388585
33.56666666666667,1.201,0.20449515964564846,0.19937877815216748,0.18339756927945622,0.15321452729591073,0.05709184286320906,0.20449515964564846
33.583333333333336,1.201,0.20440762587969782,0.19929477585562763,0.18332425518316361,0.15315992096805903,0.057082914965490464,0.20440762587969782
33.6,1.201,0.20432020787586672,0.1992108839295673,0.1832510353984041,0.1531053818975162,0.05707400412421537,0.20432020787586672
33.61666666666667,1.201,0.20423290540458217,0.1991271021561938,0.18317790974205678,0.1530509099579349,0.05706511029659016,0.20423290540458217
33.63333333333333,1.201,0.20414571823686317,0.19904343031827418,0.1831048780314652,0.15299650502327974,0.05705623343995243,0.20414571823686317
33.65,1.201,0.2040586461443194,0.19895986819913314,0.18303194008443593,0.15294216696782648,0.05704737351177069,0.2040586461443194
33.666666666666664,1.201,0.2039716888991489,0.19887641558265173,0.18295909571923707,0.1528878956661611,0.0570385304696438,0.2039716888991489
33.68333333333333,1.201,0.20388484627413647,0.1987930722532652,0.18288634475459703,0.1528336909931789,0.057029704271300545,0.20388484627413647
33.7,1.201,0.20379811804265174,0.19870983799596148,0.18281368700970277,0.15277955282408337,0.05702089487815881,0.20379811804265174
33.71666666666667,1.201,0.2037115039786475,0.19862671259627954,0.18274112230419864,0.15272548103438552,0.05701210223979573,0.2037115039786475
33.733333333333334,1.201,0.20362500385665755,0.19854369584030745,0.18266865045818498,0.15267147549990276,0.057003326319914206,0.20362500385665755
33.75,1.201,0.2035386174517953,0.19846078751468083,0.1825962712922165,0.1526175360967581,0.05699456707625512,0.2035386174517953
33.766666666666666,1.201,0.2034523445397516,0.1983779874065811,0.18252398462730113,0.1525636627013791,0.05698582446706397,0.2034523445397516
33.78333333333333,1.201,0.20336618489679317,0.19829529530373385,0.1824517902848985,0.1525098551904971,0.05697709845079103,0.20336618489679317
33.8,1.201,0.2032801382997608,0.198212710994407,0.18237968808691854,0.15245611344114618,0.056968388986038704,0.2032801382997608
33.81666666666667,1.201,0.20319420452606735,0.1981302342674092,0.1823076778557201,0.15240243733066233,0.05695969603154612,0.20319420452606735
33.833333333333336,1.201,0.20310838335369621,0.19804786491208823,0.18223575941410963,0.15234882673668243,0.05695101954618323,0.20310838335369621
33.85,1.201,0.20302267456119938,0.1979656027183292,0.18216393258533975,0.15229528153714358,0.056942359488948095,0.20302267456119938
33.86666666666667,1.201,0.20293707792769577,0.19788344747655304,0.1820921971931079,0.15224180161028186,0.05693371581896511,0.20293707792769577
33.88333333333333,1.201,0.2028515932328695,0.1978013989777146,0.18202055306155496,0.15218838683463176,0.0569250884954841,0.2028515932328695
33.9,1.201,0.2027662202569679,0.1977194570133012,0.1819490000152639,0.1521350370890251,0.05691647747787951,0.2027662202569679
33.916666666666664,1.201,0.20268095878080003,0.19763762137533097,0.18187753787925848,0.1520817522525901,0.05690788272564975,0.20268095878080003
33.93333333333333,1.201,0.20259580858573478,0.197555891856351,0.18180616647900172,0.1520285322047507,0.0568993041984166,0.20259580858573478
33.95,1.201,0.2025107694536993,0.19747426824943612,0.18173488564039483,0.15197537682522544,0.05689074185592476,0.2025107694536993
33.96666666666667,1.201,0.20242584116717705,0.1973927503481867,0.18166369518977565,0.15192228599402674,0.056882195658041305,0.20242584116717705
33.983333333333334,1.201,0.20234102350920616,0.1973113379467276,0.18159259495391739,0.15186925959145997,0.0568736655647552,0.20234102350920616
34.0,1.201,0.20225631626337767,0.1972300308397061,0.18152158476002728,0.15181629749812248,0.056865151536176904,0.20225631626337767
34.016666666666666,1.201,0.20217171921383414,0.19714882882229068,0.18145066443574526,0.1517633995949029,0.056856653532537896,0.20217171921383414
34.03333333333333,1.201,0.2020872321452675,0.19706773169016895,0.18137983380914274,0.15171056576298014,0.05684817151419016,0.2020872321452675
34.05,1.201,0.20200285484291752,0.19698673923954652,0.18130909270872106,0.1516577958838226,0.056839705441605895,0.20200285484291752
34.06666666666667,1.201,0.20191858709257016,0.1969058512671451,0.1812384409634104,0.1516050898391872,0.05683125527537695,0.20191858709257016
34.083333333333336,1.201,0.2018344286805559,0.19682506757020102,0.18116787840256843,0.15155244751111863,0.05682282097621442,0.2018344286805559
34.1,1.201,0.2017503793937479,0.1967443879464636,0.18109740485597886,0.1514998687819485,0.056814402504948285,0.2017503793937479
34.11666666666667,1.201,0.2016664390195606,0.1966638121941936,0.18102702015385033,0.15144735353429434,0.05680599982252692,0.2016664390195606
34.13333333333333,1.201,0.20158260734594774,0.19658334011216172,0.18095672412681502,0.1513949016510589,0.056797612890016655,0.20158260734594774
34.15,1.201,0.20149888416140097,0.19650297149964693,0.18088651660592742,0.15134251301542928,0.05678924166860144,0.20149888416140097
34.166666666666664,1.201,0.201415269254948,0.19642270615643492,0.1808163974226629,0.15129018751087592,0.05678088611958239,0.201415269254948
34.18333333333333,1.201,0.20133176241615097,0.19634254388281655,0.18074636640891661,0.15123792502115202,0.056772546204377314,0.20133176241615097
34.2,1.201,0.2012483634351049,0.1962624844795863,0.18067642339700213,0.15118572543029246,0.05676422188452035,0.2012483634351049
34.21666666666667,1.201,0.2011650721024362,0.1961825277480408,0.1806065682196502,0.15113358862261322,0.05675591312166159,0.2011650721024362
34.233333333333334,1.201,0.20108188820930045,0.19610267348997718,0.18053680071000738,0.15108151448271018,0.0567476198775666,0.20108188820930045
34.25,1.201,0.20099881154738147,0.19602292150769168,0.180467120701635,0.15102950289545863,0.05673934211411603,0.20099881154738147
34.266666666666666,1.201,0.2009158419088892,0.19594327160397787,0.18039752802850764,0.15097755374601235,0.056731079793305245,0.2009158419088892
34.28333333333333,1.201,0.20083297908655848,0.1958637235821254,0.18032802252501204,0.15092566691980266,0.05672283287724384,0.20083297908655848
34.3,1.201,0.20075022287364705,0.19578427724591838,0.18025860402594587,0.1508738423025377,0.056714601328155395,0.20075022287364705
34.31666666666667,1.201,0.20066757306393418,0.1957049323996337,0.18018927236651636,0.15082207978020162,0.056706385108376875,0.20066757306393418
34.333333333333336,1.201,0.20058502945171902,0.19562568884803994,0.18012002738233912,0.15077037923905373,0.05669818418035834,0.20058502945171902
34.35,1.201,0.20050259183181907,0.1955465463963954,0.18005086890943703,0.15071874056562773,0.05668999850666253,0.20050259183181907
34.36666666666667,1.201,0.20042025999956845,0.19546750485044684,0.1799817967842388,0.1506671636467307,0.05668182804996449,0.20042025999956845
34.38333333333333,1.201,0.20033803375081646,0.195388564016428,0.1799128108435778,0.1506156483694427,0.056673672773051145,0.20033803375081646
34.4,1.201,0.20025591288192596,0.1953097237010582,0.179843910924691,0.15056419462111548,0.056665532638820904,0.20025591288192596
34.416666666666664,1.201,0.20017389718977163,0.19523098371154046,0.17977509686521753,0.1505128022893721,0.05665740761028329,0.20017389718977163
34.43333333333333,1.201,0.2000919864717387,0.19515234385556057,0.17970636850319766,0.15046147126210585,0.05664929765055853,0.2000919864717387
34.45,1.201,0.20001018052572134,0.19507380394128515,0.17963772567707142,0.15041020142747957,0.0566412027228772,0.20001018052572134
34.46666666666667,1.201,0.1999284791501207,0.19499536377736051,0.1795691682256775,0.15035899267392483,0.05663312279057974,0.1999284791501207
34.483333333333334,1.201,0.19984688214384397,0.1949170231729111,0.17950069598825202,0.15030784489014107,0.056625057817116235,0.19984688214384397
34.5,1.201,0.19976538930630242,0.19483878193753784,0.17943230880442737,0.15025675796509502,0.056617007766045856,0.19976538930630242
34.516666666666666,1.200966666666667,0.1996839981610678,0.19476063769577515,0.17936400460387042,0.15020573036082063,0.05660908759153739,0.1996839981610678
34.53333333333333,1.2009333333333336,0.19960270628114526,0.19468258811953992,0.17929578135744506,0.15015476056980404,0.05660121438147523,0.19960270628114526
34.55,1.2009000000000003,0.19952151348429106,0.19460463303591852,0.1792276389197103,0.15010384849163616,0.056593364871831024,0.19952151348429106
34.56666666666667,1.2008666666666667,0.19944041958869668,0.1945267722724084,0.17915957714556602,0.15005299402613703,0.056585534466490534,0.19944041958869668
34.583333333333336,1.2008333333333334,0.1993594244129871,0.19444900565691656,0.17909159589025223,0.15000219707335516,0.05657772124784421,0.1993594244129871
34.6,1.2008,0.19927852777621963,0.19437133301775855,0.17902369500934792,0.14995145753356676,0.056569924196898796,0.19927852777621963
34.61666666666667,1.2007666666666668,0.1991977294978828,0.19429375418365746,0.17895587435877025,0.1499007753072754,0.056562142692636416,0.1991977294978828
34.63333333333333,1.2007333333333334,0.19911702939789494,0.19421626898374245,0.1788881337947735,0.14985015029521115,0.056554376320295204,0.19911702939789494
34.65,1.2007,0.19903642729660317,0.19413887724754772,0.17882047317394809,0.14979958239832997,0.056546624783700664,0.19903642729660317
34.666666666666664,1.2006666666666668,0.19895592301478185,0.19406157880501135,0.17875289235321967,0.14974907151781316,0.0565388878601327,0.19895592301478185
34.68333333333333,1.2006333333333334,0.1988755163736316,0.19398437348647415,0.1786853911898482,0.1496986175550667,0.056531165375008505,0.1988755163736316
34.7,1.2006000000000001,0.1987952071947779,0.19390726112267848,0.17861796954142686,0.14964822041172066,0.056523457186721596,0.1987952071947779
34.71666666666667,1.2005666666666668,0.1987149953002701,0.19383024154476705,0.17855062726588133,0.1495978799896287,0.056515763177080965,0.1987149953002701
34.733333333333334,1.2005333333333335,0.1986348805125799,0.19375331458428185,0.17848336422146854,0.14954759619086744,0.05650808324502349,0.1986348805125799
34.75,1.2005000000000001,0.19855486265460034,0.19367648007316296,0.17841618026677608,0.14949736891773635,0.05650041730233234,0.19855486265460034
34.766666666666666,1.2004666666666668,0.1984749415496446,0.19359973784374745,0.1783490752607209,0.14944719807275758,0.056492765270634536,0.1984749415496446
34.78333333333333,1.2004333333333335,0.19839511702144458,0.1935230877287681,0.17828204906254877,0.14939708355867592,0.05648512707924199,0.19839511702144458
34.8,1.2004000000000001,0.19831538889414993,0.1934465295613525,0.17821510153183293,0.14934702527845936,0.05647750266356466,0.19831538889414993
34.81666666666667,1.2003666666666668,0.19823575699232668,0.1933700631750217,0.17814823252847345,0.14929702313529936,0.056469891963922,0.19823575699232668
34.833333333333336,1.2003333333333335,0.19815622114095624,0.19329368840368924,0.17808144191269626,0.1492470770326115,0.05646229492463746,0.19815622114095624
34.85,1.2003000000000001,0.19807678116543398,0.19321740508165997,0.1780147295450521,0.14919718687403627,0.05645471149333845,0.19807678116543398
34.86666666666667,1.2002666666666666,0.1979974368915682,0.1931412130436288,0.17794809528641575,0.14914735256343964,0.05644714162040758,0.1979974368915682
34.88333333333333,1.2002333333333333,0.1979181881455789,0.19306511212467986,0.1778815389979851,0.14909757400491386,0.056439585258547496,0.1979181881455789
34.9,1.2002000000000002,0.19783903475409645,0.1929891021602852,0.17781506054128,0.14904785110277796,0.05643204236243195,0.19783903475409645
34.916666666666664,1.2001666666666668,0.19775997654416083,0.1929131829863036,0.1777486597781418,0.148998183761578,0.05642451288842299,0.19775997654416083
34.93333333333333,1.2001333333333335,0.19768101334321997,0.19283735443897984,0.1776823365707319,0.14894857188608734,0.05641699679434011,0.19768101334321997
34.95,1.2001000000000002,0.19760214497912887,0.192761616354943,0.17761609078153137,0.14889901538130673,0.05640949403926979,0.19760214497912887
34.96666666666667,1.2000666666666666,0.19752337128014824,0.19268596857120598,0.17754992227333966,0.14884951415246378,0.056402004583407335,0.19752337128014824
34.983333333333334,1.2000333333333333,0.19744469207494372,0.19261041092516398,0.17748383090927383,0.14880006810501273,0.05639452838792457,0.19744469207494372
35.0,1.2,0.19736610719258418,0.19253494325459364,0.17741781655276784,0.14875067714463386,0.056387065414858564,0.19736610719258418
35.016666666666666,1.2,0.19728761865961852,0.19245956750760362,0.1773518809132953,0.14870134255828188,0.05637950414743005,0.19728761865961852
35.03333333333333,1.2,0.197209228455963,0.19238428558758053,0.17728602566137952,0.148652065604036,0.05637192513577867,0.197209228455963
35.05,1.2,0.19713093639592363,0.19230909731820484,0.17722025064835328,0.14860284617890393,0.056364350705570894,0.19713093639592363
35.06666666666667,1.2,0.1970527422942644,0.1922340025235903,0.17715455572590944,0.14855368418014767,0.05635678519699167,0.1970527422942644
35.083333333333336,1.2,0.19697464596620579,0.19215900102828223,0.17708894074610032,0.14850457950528215,0.05634923037945859,0.19697464596620579
35.1,1.2,0.19689664722742334,0.19208409265725646,0.17702340556133633,0.14845553205207354,0.05634168716114638,0.19689664722742334
35.11666666666667,1.2,0.19681874589404638,0.19200927723591776,0.17695795002438522,0.14840654171853795,0.05633415606924973,0.19681874589404638
35.13333333333333,1.2,0.19674094178265666,0.19193455459009906,0.17689257398837066,0.1483576084029395,0.05632663743377411,0.19674094178265666
35.15,1.2,0.19666323471028702,0.19185992454605957,0.17682727730677156,0.14830873200378897,0.05631913147153881,0.19666323471028702
35.166666666666664,1.2,0.1965856244944199,0.19178538693048391,0.17676205983342072,0.14825991241984193,0.056311638329404765,0.1965856244944199
35.18333333333333,1.2,0.19650811095298626,0.1917109415704808,0.1766969214225041,0.14821114955009745,0.05630415810851207,0.19650811095298626
35.2,1.2,0.19643069390436385,0.19163658829358154,0.17663186192855945,0.14816244329379602,0.05629669087878749,0.19643069390436385
35.21666666666667,1.2,0.19635337316737633,0.19156232692773914,0.17656688120647562,0.14811379355041845,0.056289236688087683,0.19635337316737633
35.233333333333334,1.2,0.1962761485612915,0.1914881573013267,0.1765019791114913,0.14806520021968395,0.056281795568207685,0.1962761485612915
35.25,1.2,0.19619901990582028,0.19141407924313641,0.17643715549919406,0.14801666320154844,0.05627436753896914,0.19619901990582028
35.266666666666666,1.2,0.19612198702111525,0.19134009258237816,0.17637241022551942,0.14796818239620269,0.056266952611084144,0.19612198702111525
35.28333333333333,1.2,0.1960450497277695,0.19126619714867832,0.1763077431467498,0.14791975770407056,0.056259550788212195,0.1960450497277695
35.3,1.2,0.1959682078468149,0.19119239277207867,0.1762431541195134,0.14787138902580668,0.05625216206846993,0.1959682078468149
35.31666666666667,1.2,0.19589146119972137,0.1911186792830348,0.17617864300078345,0.14782307626229446,0.056244786445560496,0.19589146119972137
35.333333333333336,1.2,0.1958148096083951,0.1910450565124153,0.17611420964787694,0.14777481931464365,0.05623742390963196,0.1958148096083951
35.35,1.2,0.1957382528951775,0.19097152429150024,0.1760498539184539,0.14772661808418808,0.056230074447940356,0.1957382528951775
35.36666666666667,1.2,0.1956617908828438,0.1908980824519801,0.17598557567051615,0.1476784724724834,0.05622273804536782,0.1956617908828438
35.38333333333333,1.2,0.19558542339460178,0.19082473082595444,0.17592137476240638,0.1476303823813047,0.05621541468483273,0.19558542339460178
35.4,1.2,0.1955091502540906,0.19075146924593084,0.17585725105280747,0.14758234771264475,0.0562081043476179,0.1955091502540906
35.416666666666664,1.2,0.19543297128537923,0.19067829754482346,0.17579320440074114,0.1475343683687117,0.05620080701363558,0.19543297128537923
35.43333333333333,1.2,0.19535688631296558,0.19060521555595217,0.17572923466556697,0.14748644425192758,0.05619352266164332,0.19535688631296558
35.45,1.2,0.19528089516177483,0.19053222311304097,0.1756653417069819,0.14743857526492676,0.05618625126942159,0.19528089516177483
35.46666666666667,1.2,0.19520499765715835,0.19045932005021707,0.17560152538501855,0.14739076131055467,0.056178992813920504,0.19520499765715835
35.483333333333334,1.2,0.19512919362489256,0.19038650620200961,0.1755377855600449,0.1473430022918666,0.056171747271382404,0.19512919362489256
35.5,1.2,0.19505348289117744,0.19031378140334845,0.17547412209276297,0.1472952981121271,0.05616451461744439,0.19505348289117744
35.516666666666666,1.2,0.19497786528263528,0.19024114548956303,0.175410534844208,0.14724764867480913,0.05615729482722517,0.19497786528263528
35.53333333333333,1.2,0.19490234062630965,0.19016859829638114,0.17534702367574737,0.14720005388359364,0.05615008787539838,0.19490234062630965
35.55,1.2,0.19482690874966396,0.19009613965992778,0.1752835884490797,0.1471525136423692,0.05614289373625542,0.19482690874966396
35.56666666666667,1.2,0.1947515694805803,0.190023769416724,0.17522022902623405,0.1471050278552321,0.05613571238375917,0.1947515694805803
35.583333333333336,1.2,0.19467632264735812,0.18995148740368573,0.17515694526956865,0.14705759642648586,0.056128543791590144,0.19467632264735812
35.6,1.2,0.19460116807871317,0.18987929345812254,0.1750937370417702,0.1470102192606416,0.05612138793318656,0.19460116807871317
35.61666666666667,1.2,0.19452610560377603,0.18980718741773656,0.17503060420585292,0.14696289626241799,0.056114244781778976,0.19452610560377603
35.63333333333333,1.2,0.19445113505209108,0.18973516912062138,0.1749675466251574,0.1469156273367415,0.05610711431042048,0.19445113505209108
35.65,1.2,0.1943762562536152,0.18966323840526078,0.17490456416334982,0.14686841238874648,0.056099996492013075,0.1943762562536152
35.666666666666664,1.2,0.1943014690387165,0.1895913951105276,0.17484165668442092,0.1468212513237756,0.05609289129933087,0.1943014690387165
35.68333333333333,1.2,0.19422677323817322,0.1895196390756827,0.1747788240526852,0.14677414404737987,0.05608579870504039,0.19422677323817322
35.7,1.2,0.19415216868317256,0.18944797014037368,0.17471606613277973,0.14672709046531895,0.0560787186817185,0.19415216868317256
35.71666666666667,1.2,0.1940776552053092,0.18937638814463378,0.17465338278966341,0.14668009048356145,0.056071651201868355,0.1940776552053092
35.733333333333334,1.2,0.19400323263658437,0.18930489292888097,0.17459077388861594,0.14663314400828514,0.05606459623793341,0.19400323263658437
35.75,1.2,0.19392890080940456,0.1892334843339165,0.17452823929523684,0.14658625094587702,0.056057553762309996,0.19392890080940456
35.766666666666666,1.2,0.19385465955658043,0.18916216220092386,0.17446577887544462,0.14653941120293365,0.05605052374735838,0.19385465955658043
35.78333333333333,1.2,0.1937805087113254,0.18909092637146785,0.17440339249547582,0.14649262468626115,0.05604350616541278,0.1937805087113254
35.8,1.2,0.19370644810725468,0.18901977668749317,0.17434108002188392,0.1464458913028754,0.05603650098879022,0.19370644810725468
35.81666666666667,1.2,0.1936324775783839,0.1889487129913237,0.17427884132153856,0.14639921096000197,0.05602950818979859,0.1936324775783839
35.833333333333336,1.2,0.1935585969591281,0.18887773512566094,0.17421667626162457,0.1463525835650764,0.056022527740743754,0.1935585969591281
35.85,1.2,0.19348480608430063,0.18880684293358324,0.174154584709641,0.14630600902574395,0.056015559613935895,0.19348480608430063
35.86666666666667,1.2,0.19341110478911153,0.1887360362585446,0.17409256653340027,0.14625948724985965,0.05600860378169556,0.19341110478911153
35.88333333333333,1.2,0.19333749290916707,0.1886653149443735,0.17403062160102706,0.1462130181454882,0.05600166021635868,0.19333749290916707
35.9,1.2,0.19326397028046788,0.18859467883527192,0.17396874978095767,0.14616660162090395,0.05599472889028142,0.19326397028046788
35.916666666666664,1.2,0.19319053673940834,0.18852412777581412,0.17390695094193867,0.14612023758459053,0.055987809775844395,0.19319053673940834
35.93333333333333,1.2,0.19311719212277503,0.1884536616109458,0.17384522495302646,0.146073925945241,0.05598090284545664,0.19311719212277503
35.95,1.2,0.19304393626774596,0.18838328018598266,0.1737835716835861,0.14602766661175723,0.05597400807155902,0.19304393626774596
35.96666666666667,1.2,0.19297076901188912,0.1883129833466097,0.17372199100329036,0.14598145949325,0.05596712542662748,0.19297076901188912
35.983333333333334,1.2,0.1928976901931614,0.18824277093887987,0.17366048278211882,0.14593530449903858,0.05596025488317594,0.1928976901931614
36.0,1.2,0.19282469964990753,0.18817264280921303,0.17359904689035704,0.14588920153865031,0.055953396413758995,0.19282469964990753
36.016666666666666,1.2,0.19275179722085903,0.18810259880439517,0.17353768319859575,0.14584315052182056,0.05594654999097417,0.19275179722085903
36.03333333333333,1.2,0.1926789827451328,0.1880326387715769,0.17347639157772954,0.14579715135849214,0.0559397155874642,0.1926789827451328
36.05,1.2,0.19260625606223028,0.1879627625582727,0.17341517189895644,0.1457512039588149,0.05593289317591904,0.19260625606223028
36.06666666666667,1.2,0.19253361701203625,0.18789297001235977,0.1733540240337768,0.1457053082331457,0.05592608272907772,0.19253361701203625
36.083333333333336,1.2,0.1924610654348175,0.18782326098207708,0.1732929478539923,0.14565946409204744,0.055919284219729797,0.1924610654348175
36.1,1.2,0.1923886011712221,0.18775363531602413,0.1732319432317052,0.14561367144628906,0.055912497620717136,0.1923886011712221
36.11666666666667,1.2,0.19231622406227802,0.18768409286316,0.17317101003931754,0.145567930206845,0.0559057229049351,0.19231622406227802
36.13333333333333,1.2,0.192243933949392,0.18761463347280238,0.17311014814953002,0.14552224028489452,0.05589896004533391,0.192243933949392
36.15,1.2,0.19217173067434862,0.18754525699462643,0.17304935743534122,0.14547660159182163,0.055892209014919716,0.19217173067434862
36.166666666666664,1.2,0.19209961407930923,0.18747596327866387,0.17298863777004694,0.14543101403921407,0.05588546978675575,0.19209961407930923
36.18333333333333,1.2,0.19202758400681047,0.1874067521753017,0.17292798902723894,0.14538547753886338,0.05587874233396314,0.19202758400681047
36.2,1.2,0.19195564029976375,0.18733762353528144,0.17286741108080433,0.14533999200276393,0.05587202662972187,0.19195564029976375
36.21666666666667,1.2,0.19188378280145374,0.18726857720969797,0.1728069038049247,0.1452945573431127,0.055865322647271655,0.19188378280145374
36.233333333333334,1.2,0.19181201135553735,0.18719961304999863,0.17274646707407523,0.14524917347230848,0.05585863035991251,0.19181201135553735
36.25,1.2,0.19174032580604292,0.18713073090798193,0.1726861007630237,0.14520384030295175,0.05585194974100546,0.19174032580604292
36.266666666666666,1.2,0.19166872599736867,0.1870619306357969,0.17262580474682995,0.14515855774784353,0.055845280763973194,0.19166872599736867
36.28333333333333,1.2,0.1915972117742822,0.18699321208594177,0.17256557890084462,0.14511332571998553,0.055838623402300565,0.1915972117742822
36.3,1.2,0.19152578298191897,0.18692457511126315,0.17250542310070877,0.14506814413257907,0.05583197762953503,0.19152578298191897
36.31666666666667,1.2,0.19145443946578133,0.186856019564955,0.17244533722235256,0.14502301289902464,0.055825343419287264,0.19145443946578133
36.333333333333336,1.2,0.19138318107173763,0.18678754530055752,0.1723853211419949,0.1449779319329216,0.055818720745231316,0.19138318107173763
36.35,1.2,0.19131200764602108,0.18671915217195623,0.17232537473614215,0.14493290114806726,0.05581210958110518,0.19131200764602108
36.36666666666667,1.2,0.19124091903522852,0.186650840033381,0.17226549788158774,0.1448879204584566,0.05580550990071107,0.19124091903522852
36.38333333333333,1.2,0.19116991508631967,0.18658260873940513,0.17220569045541093,0.1448429897782815,0.05579892167791561,0.19116991508631967
36.4,1.2,0.1910989956466158,0.18651445814494405,0.17214595233497637,0.14479810902193024,0.05579234488665022,0.1910989956466158
36.416666666666664,1.2,0.19102816056379895,0.18644638810525474,0.172086283397933,0.14475327810398703,0.05578577950091129,0.19102816056379895
36.43333333333333,1.2,0.19095740968591068,0.1863783984759344,0.1720266835222133,0.14470849693923127,0.055779225494760366,0.19095740968591068
36.45,1.2,0.19088674286135107,0.18631048911291978,0.17196715258603262,0.14466376544263707,0.05577268284232437,0.19088674286135107
36.46666666666667,1.2,0.19081615993887796,0.18624265987248595,0.17190769046788817,0.1446190835293727,0.05576615151779567,0.19081615993887796
36.483333333333334,1.2,0.19074566076760535,0.18617491061124553,0.17184829704655852,0.1445744511148,0.05575963149543234,0.19074566076760535
36.5,1.2,0.19067524519700302,0.18610724118614747,0.17178897220110234,0.14452986811447366,0.055753122749558175,0.19067524519700302
36.516666666666666,1.2,0.19060491307689498,0.18603965145447637,0.17172971581085808,0.14448533444414094,0.055746625254562795,0.19060491307689498
36.53333333333333,1.2,0.19053466425745885,0.18597214127385142,0.17167052775544284,0.14444085001974089,0.05574013898490176,0.19053466425745885
36.55,1.2,0.19046449858922454,0.18590471050222523,0.17161140791475177,0.14439641475740383,0.05573366391509656,0.19046449858922454
36.56666666666667,1.2,0.1903944159230735,0.1858373589978832,0.17155235616895725,0.14435202857345072,0.055727200019734725,0.1903944159230735
36.583333333333336,1.2,0.19032441611023748,0.18577008661944241,0.17149337239850798,0.14430769138439287,0.05572074727346983,0.19032441611023748
36.6,1.2,0.19025449900229766,0.1857028932258506,0.17143445648412836,0.1442634031069308,0.055714305651021465,0.19025449900229766
36.61666666666667,1.2,0.19018466445118357,0.18563577867638534,0.1713756083068177,0.1442191636579544,0.055707875127175316,0.19018466445118357
36.63333333333333,1.2,0.1901149123091722,0.18556874283065306,0.1713168277478493,0.1441749729545418,0.05570145567678312,0.1901149123091722
36.65,1.2,0.19004524242888693,0.1855017855485881,0.1712581146887699,0.14413083091395912,0.055695047274762606,0.19004524242888693
36.666666666666664,1.2,0.18997565466329655,0.18543490669045176,0.1711994690113986,0.14408673745365974,0.05568864989609752,0.18997565466329655
36.68333333333333,1.2,0.1899061488657142,0.1853681061168314,0.17114089059782656,0.14404269249128385,0.0556822635158376,0.1899061488657142
36.7,1.2,0.1898367248897966,0.18530138368863946,0.17108237933041567,0.14399869594465775,0.05567588810909839,0.1898367248897966
36.71666666666667,1.2,0.18976738258954276,0.18523473926711248,0.17102393509179836,0.14395474773179365,0.055669523651061356,0.18976738258954276
36.733333333333334,1.2,0.18969812181929332,0.18516817271381047,0.17096555776487637,0.1439108477708886,0.055663170116973776,0.18969812181929332
36.75,1.2,0.1896289424337293,0.18510168389061554,0.1709072472328203,0.1438669959803244,0.05565682748214857,0.1896289424337293
36.766666666666666,1.2,0.18955984428787132,0.1850352726597313,0.1708490033790687,0.1438231922786668,0.05565049572196435,0.18955984428787132
36.78333333333333,1.2,0.18949082723707852,0.18496893888368188,0.1707908260873274,0.14377943658466508,0.05564417481186523,0.18949082723707852
36.8,1.2,0.18942189113704772,0.184902682425311,0.17073271524156874,0.14373572881725127,0.055637864727360827,0.18942189113704772
36.81666666666667,1.2,0.18935303584381222,0.184836503147781,0.17067467072603087,0.14369206889554012,0.05563156544402606,0.18935303584381222
36.833333333333336,1.2,0.18928426121374115,0.18477040091457203,0.17061669242521688,0.14364845673882792,0.05562527693750118,0.18928426121374115
36.85,1.2,0.18921556710353832,0.18470437558948105,0.17055878022389423,0.1436048922665925,0.055618999183491516,0.18921556710353832
36.86666666666667,1.2,0.18914695337024115,0.18463842703662106,0.17050093400709387,0.14356137539849242,0.05561273215776747,0.18914695337024115
36.88333333333333,1.2,0.18907841987122012,0.18457255512042003,0.17044315366010965,0.14351790605436648,0.05560647583616439,0.18907841987122012
36.9,1.2,0.18900996646417742,0.18450675970562017,0.1703854390684974,0.1434744841542332,0.055600230194582406,0.18900996646417742
36.916666666666664,1.2,0.18894159300714627,0.18444104065727693,0.17032779011807436,0.1434311096182904,0.05559399520898629,0.18894159300714627
36.93333333333333,1.2,0.18887329935848973,0.18437539784075818,0.1702702066949185,0.14338778236691452,0.05558777085540541,0.18887329935848973
36.95,1.2,0.18880508537690002,0.18430983112174326,0.1702126886853676,0.14334450232066015,0.055581557109933566,0.18880508537690002
36.96666666666667,1.2,0.18873695092139747,0.18424434036622214,0.17015523597601856,0.1433012694002596,0.05557535394872882,0.18873695092139747
36.983333333333334,1.2,0.1886688958513296,0.18417892544049455,0.17009784845372702,0.14325808352662234,0.055569161348013395,0.1886688958513296
37.0,1.2,0.18860092002637013,0.18411358621116905,0.1700405260056061,0.1432149446208343,0.05556297928407351,0.18860092002637013
37.016666666666666,1.2,0.18853302330651814,0.18404832254516218,0.16998326851902612,0.1431718526041577,0.05555680773325928,0.18853302330651814
37.03333333333333,1.2,0.18846520555209717,0.1839831343096976,0.16992607588161363,0.1431288073980303,0.05555064667198454,0.18846520555209717
37.05,1.2,0.18839746662375417,0.1839180213723053,0.1698689479812509,0.1430858089240649,0.05554449607672669,0.18839746662375417
37.06666666666667,1.2,0.18832980638245866,0.18385298360082059,0.1698118847060751,0.14304285710404896,0.055538355924026575,0.18832980638245866
37.083333333333336,1.2,0.18826222468950188,0.18378802086338314,0.16975488594447757,0.14299995185994407,0.05553222619048833,0.18826222468950188
37.1,1.2,0.18819472140649585,0.18372313302843662,0.16969795158510317,0.14295709311388533,0.055526106852779186,0.18819472140649585
37.11666666666667,1.2,0.18812729639537237,0.18365831996472726,0.16964108151684956,0.14291428078818091,0.05551999788762939,0.18812729639537237
37.13333333333333,1.2,0.1880599495183822,0.18359358154130323,0.16958427562886658,0.14287151480531168,0.05551389927183198,0.1880599495183822
37.15,1.2,0.18799268063809418,0.18352891762751394,0.16952753381055538,0.14282879508793062,0.05550781098224266,0.18799268063809418
37.166666666666664,1.2,0.18792548961739422,0.18346432809300897,0.16947085595156794,0.14278612155886217,0.055501732995779665,0.18792548961739422
37.18333333333333,1.2,0.1878583763194846,0.1833998128077373,0.16941424194180615,0.14274349414110205,0.05549566528942355,0.1878583763194846
37.2,1.2,0.18779134060788272,0.1833353716419464,0.1693576916714214,0.1427009127578166,0.055489607840217066,0.18779134060788272
37.21666666666667,1.2,0.18772438234642078,0.18327100446618166,0.16930120503081353,0.14265837733234227,0.05548356062526497,0.18772438234642078
37.233333333333334,1.2,0.18765750139924425,0.18320671115128517,0.16924478191063053,0.14261588778818518,0.055477523621733915,0.18765750139924425
37.25,1.2,0.18759069763081157,0.18314249156839513,0.16918842220176755,0.1425734440490207,0.055471496806852226,0.18759069763081157
37.266666666666666,1.2,0.1875239709058927,0.18307834558894504,0.16913212579536652,0.14253104603869293,0.05546548015790974,0.1875239709058927
37.28333333333333,1.2,0.18745732108956886,0.18301427308466262,0.16907589258281502,0.14248869368121406,0.05545947365225772,0.18745732108956886
37.3,1.2,0.18739074804723113,0.1829502739275693,0.16901972245574615,0.14244638690076422,0.05545347726730861,0.18739074804723113
37.31666666666667,1.2,0.18732425164457983,0.18288634798997916,0.1689636153060374,0.1424041256216908,0.05544749098053582,0.18732425164457983
37.333333333333336,1.2,0.18725783174762364,0.18282249514449828,0.16890757102581028,0.14236190976850793,0.055441514769473746,0.18725783174762364
37.35,1.2,0.18719148822267861,0.18275871526402382,0.16885158950742946,0.14231973926589617,0.055435548611717414,0.18719148822267861
37.36666666666667,1.2,0.18712522093636758,0.18269500822174312,0.1687956706435022,0.14227761403870193,0.05542959248492239,0.18712522093636758
37.38333333333333,1.2,0.18705902975561883,0.18263137389113315,0.1687398143268777,0.14223553401193711,0.0554236463668046,0.18705902975561883
37.4,1.2,0.18699291454766584,0.1825678121459594,0.16868402045064634,0.1421934991107785,0.05541771023514017,0.18699291454766584
37.416666666666664,1.2,0.18692687518004586,0.18250432286027546,0.16862828890813902,0.14215150926056744,0.055411784067765306,0.18692687518004586
37.43333333333333,1.2,0.18686091152059942,0.18244090590842166,0.16857261959292674,0.14210956438680922,0.055405867842575965,0.18686091152059942
37.45,1.2,0.18679502343746945,0.18237756116502477,0.16851701239881955,0.14206766441517293,0.0553999615375279,0.18679502343746945
37.46666666666667,1.2,0.18672921079910026,0.18231428850499704,0.1684614672198662,0.14202580927149058,0.055394065130636314,0.18672921079910026
37.483333333333334,1.2,0.18666347347423673,0.1822510878035352,0.16840598395035342,0.14198399888175697,0.05538817859997576,0.18666347347423673
37.5,1.2,0.18659781133192366,0.18218795893612005,0.1683505624848051,0.1419422331721291,0.05538230192368003,0.18659781133192366
37.516666666666666,1.2,0.1865322242415047,0.18212490177851534,0.16829520271798193,0.14190051206892573,0.05537643507994181,0.1865322242415047
37.53333333333333,1.2,0.18646671207262178,0.18206191620676712,0.16823990454488047,0.14185883549862705,0.05537057804701272,0.18646671207262178
37.55,1.2,0.1864012746952139,0.181999002097203,0.16818466786073272,0.141817203387874,0.05536473080320302,0.1864012746952139
37.56666666666667,1.2,0.18633591197951666,0.1819361593264312,0.16812949256100537,0.14177561566346802,0.05535889332688148,0.18633591197951666
37.583333333333336,1.2,0.1862706237960613,0.18187338777134,0.16807437854139906,0.1417340722523706,0.05535306559647513,0.1862706237960613
37.6,1.2,0.1862054100156738,0.18181068730909666,0.16801932569784805,0.14169257308170274,0.05534724759046921,0.1862054100156738
37.61666666666667,1.2,0.1861402705094741,0.18174805781714704,0.16796433392651922,0.1416511180787446,0.05534143928740698,0.1861402705094741
37.63333333333333,1.2,0.18607520514887532,0.18168549917321442,0.1679094031238117,0.14160970717093496,0.055335640665889405,0.18607520514887532
37.65,1.2,0.18601021380558302,0.181623011255299,0.16785453318635604,0.14156834028587084,0.05532985170457519,0.18601021380558302
37.666666666666664,1.2,0.1859452963515942,0.18156059394167712,0.16779972401101378,0.14152701735130724,0.05532407238218047,0.1859452963515942
37.68333333333333,1.2,0.18588045265919653,0.18149824711090023,0.1677449754948767,0.14148573829515637,0.055318302677478684,0.18588045265919653
37.7,1.2,0.18581568260096779,0.18143597064179456,0.1676902875352661,0.1414445030454874,0.055312542569300405,0.18581568260096779
37.71666666666667,1.2,0.18575098604977466,0.18137376441345993,0.16763566002973243,0.1414033115305262,0.055306792036533214,0.18575098604977466
37.733333333333334,1.2,0.1856863628787722,0.18131162830526926,0.16758109287605444,0.14136216367865445,0.0553010510581214,0.1856863628787722
37.75,1.2,0.185621812961403,0.18124956219686772,0.16752658597223857,0.14132105941840978,0.05529531961306595,0.185621812961403
37.766666666666666,1.2,0.1855573361713963,0.18118756596817204,0.1674721392165185,0.1412799986784849,0.055289597680424275,0.1855573361713963
37.78333333333333,1.2,0.1854929323827674,0.18112563949936963,0.16741775250735436,0.1412389813877274,0.055283885239310084,0.1854929323827674
37.8,1.2,0.1854286014698164,0.18106378267091805,0.16736342574343221,0.14119800747513928,0.055278182268893195,0.1854286014698164
37.81666666666667,1.2,0.1853643433071281,0.18100199536354394,0.16730915882366346,0.1411570768698765,0.055272488748399407,0.1853643433071281
37.833333333333336,1.2,0.18530015776957054,0.18094027745824262,0.167254951647184,0.14111618950124857,0.05526680465711025,0.18530015776957054
37.85,1.2,0.1852360447322947,0.18087862883627723,0.167200804113354,0.14107534529871824,0.055261129974362874,0.1852360447322947
37.86666666666667,1.2,0.18517200407073345,0.18081704937917775,0.1671467161217569,0.1410345441919008,0.05525546467954994,0.18517200407073345
37.88333333333333,1.2,0.1851080356606008,0.18075553896874072,0.16709268757219914,0.14099378611056415,0.05524980875211932,0.1851080356606008
37.9,1.2,0.18504413937789138,0.1806940974870281,0.1670387183647093,0.14095307098462784,0.05524416217157403,0.18504413937789138
37.916666666666664,1.2,0.18498031509887913,0.18063272481636677,0.16698480839953753,0.14091239874416303,0.055238524917472054,0.18498031509887913
37.93333333333333,1.2,0.18491656270011714,0.18057142083934768,0.1669309575771552,0.140871769319392,0.05523289696942608,0.18491656270011714
37.95,1.2,0.18485288205843647,0.18051018543882516,0.166877165798254,0.1408311826406876,0.05522727830710347,0.18485288205843647
37.96666666666667,1.2,0.18478927305094558,0.18044901849791628,0.16682343296374544,0.14079063863857305,0.05522166891022606,0.18478927305094558
37.983333333333334,1.2,0.1847257355550294,0.18038791990000008,0.16676975897476032,0.14075013724372148,0.05521606875856987,0.1847257355550294
38.0,1.2,0.18466226944834865,0.18032688952871673,0.1667161437326481,0.14070967838695536,0.05521047783196516,0.18466226944834865
38.016666666666666,1.2,0.1845988746088392,0.18026592726796697,0.1666625871389763,0.14066926199924631,0.05520489611029607,0.1845988746088392
38.03333333333333,1.2,0.18453555091471113,0.18020503300191132,0.16660908909552974,0.14062888801171464,0.05519932357350056,0.18453555091471113
38.05,1.2,0.18447229824444802,0.1801442066149694,0.1665556495043104,0.1405885563556288,0.05519376020157017,0.18447229824444802
38.06666666666667,1.2,0.1844091164768063,0.18008344799181925,0.16650226826753634,0.14054826696240524,0.05518820597454996,0.1844091164768063
38.083333333333336,1.2,0.18434600549081434,0.18002275701739642,0.16644894528764131,0.14050801976360794,0.05518266087253826,0.18434600549081434
38.1,1.2,0.18428296516577183,0.1799621335768936,0.16639568046727438,0.14046781469094766,0.055177124875686594,0.18428296516577183
38.11666666666667,1.2,0.18421999538124906,0.17990157755575967,0.16634247370929894,0.14042765167628218,0.055171597964199355,0.18421999538124906
38.13333333333333,1.2,0.18415709601708596,0.17984108883969907,0.1662893249167925,0.1403875306516154,0.055166080118333835,0.18415709601708596
38.15,1.2,0.18409426695339157,0.17978066731467107,0.16623623399304585,0.14034745154909717,0.055160571318399965,0.18409426695339157
38.166666666666664,1.2,0.1840315080705433,0.17972031286688916,0.16618320084156263,0.14030741430102284,0.05515507154476019,0.1840315080705433
38.18333333333333,1.2,0.18396881924918604,0.17966002538282022,0.16613022536605873,0.14026741883983285,0.05514958077782921,0.18396881924918604
38.2,1.2,0.18390620037023162,0.17959980474918408,0.16607730747046168,0.14022746509811249,0.05514409899807393,0.18390620037023162
38.21666666666667,1.2,0.1838436513148578,0.17953965085295245,0.16602444705891012,0.14018755300859126,0.05513862618601334,0.1838436513148578
38.233333333333334,1.2,0.1837811719645079,0.17947956358134853,0.16597164403575312,0.14014768250414272,0.055133162322218175,0.1837811719645079
38.25,1.2,0.1837187622008899,0.17941954282184625,0.1659188983055499,0.14010785351778393,0.05512770738731097,0.1837187622008899
38.266666666666666,1.2,0.18365642190597548,0.1793595884621696,0.16586620977306882,0.14006806598267532,0.05512226136196573,0.18365642190597548
38.28333333333333,1.2,0.1835941509619998,0.1792997003902918,0.16581357834328736,0.14002831983211997,0.055116824226907814,0.1835941509619998
38.3,1.2,0.18353194925146032,0.17923987849443493,0.16576100392139104,0.13998861499956344,0.05511139596291389,0.18353194925146032
38.31666666666667,1.2,0.1834698166571163,0.17918012266306893,0.16570848641277303,0.13994895141859348,0.05510597655081164,0.1834698166571163
38.333333333333336,1.2,0.18340775306198823,0.17912043278491108,0.16565602572303392,0.13990932902293934,0.05510056597147962,0.18340775306198823
38.35,1.2,0.18334575834935665,0.17906080874892533,0.16560362175798066,0.13986974774647176,0.05509516420584723,0.18334575834935665
38.36666666666667,1.2,0.18328383240276194,0.17900125044432158,0.16555127442362638,0.1398302075232023,0.05508977123489438,0.18328383240276194
38.38333333333333,1.2,0.18322197510600333,0.17894175776055513,0.16549898362618953,0.13979070828728307,0.055084387039651454,0.18322197510600333
38.4,1.2,0.18316018634313835,0.17888233058732583,0.1654467492720937,0.13975124997300653,0.05507901160119913,0.18316018634313835
38.416666666666664,1.2,0.1830984659984819,0.1788229688145776,0.1653945712679667,0.13971183251480487,0.05507364490066826,0.1830984659984819
38.43333333333333,1.2,0.18303681395660584,0.17876367233249765,0.1653424495206402,0.13967245584724966,0.055068286919239574,0.18303681395660584
38.45,1.2,0.182975230102338,0.17870444103151578,0.1652903839371492,0.13963311990505173,0.05506293763814371,0.182975230102338
38.46666666666667,1.2,0.1829137143207618,0.1786452748023039,0.1652383744247315,0.13959382462306044,0.055057597038660935,0.1829137143207618
38.483333333333334,1.2,0.1828522664972152,0.17858617353577522,0.16518642089082697,0.13955456993626367,0.055052265102121065,0.1828522664972152
38.5,1.2,0.1827908865172904,0.17852713712308368,0.1651345232430772,0.13951535577978724,0.05504694180990329,0.1827908865172904
38.516666666666666,1.2,0.18272957426683267,0.17846816545562322,0.16508268138932491,0.1394761820888945,0.05504162714343599,0.18272957426683267
38.53333333333333,1.2,0.18266832963194019,0.1784092584250272,0.1650308952376134,0.13943704879898627,0.055036321084196614,0.18266832963194019
38.55,1.2,0.182607152498963,0.17835041592316775,0.164979164696186,0.1393979558456001,0.05503102361371158,0.182607152498963
38.56666666666667,1.2,0.1825460427545024,0.17829163784215507,0.16492748967348564,0.13935890316441019,0.055025734713555985,0.1825460427545024
38.583333333333336,1.2,0.18248500028541037,0.17823292407433694,0.1648758700781541,0.1393198906912268,0.0550204543653536,0.18248500028541037
38.6,1.2,0.18242402497878865,0.17817427451229778,0.16482430581903162,0.1392809183619962,0.05501518255077668,0.18242402497878865
38.61666666666667,1.2,0.1823631167219885,0.17811568904885827,0.16477279680515655,0.13924198611279992,0.05500991925154575,0.1823631167219885
38.63333333333333,1.2,0.1823022754026095,0.17805716757707474,0.1647213429457643,0.1392030938798549,0.055004664449429516,0.1823022754026095
38.65,1.2,0.18224150090849928,0.17799870999023834,0.16466994415028752,0.13916424159951257,0.054999418126244745,0.18224150090849928
38.666666666666664,1.2,0.1821807931277526,0.17794031618187445,0.16461860032835493,0.13912542920825888,0.05499418026385603,0.1821807931277526
38.68333333333333,1.2,0.18212015194871092,0.17788198604574224,0.16456731138979114,0.1390866566427139,0.054988950844175724,0.18212015194871092
38.7,1.2,0.1820595772599614,0.17782371947583372,0.1645160772446161,0.13904792383963138,0.054983729849163776,0.1820595772599614
38.71666666666667,1.2,0.18199906895033668,0.1777655163663735,0.16446489780304457,0.13900923073589827,0.054978517260827524,0.18199906895033668
38.733333333333334,1.2,0.18193862690891371,0.17770737661181782,0.16441377297548546,0.13897057726853485,0.05497331306122161,0.18193862690891371
38.75,1.2,0.18187825102501354,0.17764930010685412,0.16436270267254144,0.13893196337469374,0.05496811723244789,0.18187825102501354
38.766666666666666,1.2,0.18181794118820033,0.17759128674640037,0.16431168680500857,0.13889338899166012,0.054962929756655135,0.18181794118820033
38.78333333333333,1.2,0.18175769728828098,0.17753333642560443,0.16426072528387542,0.13885485405685105,0.05495775061603898,0.18175769728828098
38.8,1.2,0.18169751921530425,0.1774754490398434,0.16420981802032286,0.13881635850781524,0.054952579792841884,0.18169751921530425
38.81666666666667,1.2,0.18163740685956023,0.17741762448472326,0.16415896492572346,0.13877790228223263,0.054947417269352705,0.18163740685956023
38.833333333333336,1.2,0.18157736011157957,0.17735986265607778,0.164108165911641,0.13873948531791422,0.05494226302790688,0.18157736011157957
38.85,1.2,0.18151737886213298,0.1773021634499684,0.16405742088982989,0.1387011075528015,0.05493711705088605,0.18151737886213298
38.86666666666667,1.2,0.1814574630022306,0.17724452676268332,0.16400672977223468,0.13866276892496632,0.054931979320718034,0.1814574630022306
38.88333333333333,1.2,0.18139761242312114,0.1771869524907369,0.1639560924709897,0.13862446937261047,0.05492684981987664,0.18139761242312114
38.9,1.2,0.1813378270162914,0.17712944053086935,0.16390550889841832,0.13858620883406514,0.05492172853088154,0.1813378270162914
38.916666666666664,1.2,0.1812781066734657,0.17707199078004565,0.1638549789670327,0.1385479872477911,0.054916615436298145,0.1812781066734657
38.93333333333333,1.2,0.18121845128660502,0.1770146031354554,0.1638045025895331,0.13850980455237777,0.05491151051873745,0.18121845128660502
38.95,1.2,0.18115886074790657,0.17695727749451193,0.16375407967880745,0.13847166068654326,0.054906413760855845,0.18115886074790657
38.96666666666667,1.2,0.18109933494980315,0.17690001375485181,0.16370371014793095,0.13843355558913395,0.054901325145355076,0.18109933494980315
38.983333333333334,1.2,0.1810398737849623,0.17684281181433437,0.1636533939101653,0.1383954891991241,0.05489624465498206,0.1810398737849623
39.0,1.2,0.18098047714628593,0.1767856715710408,0.16360313087895856,0.13835746145561562,0.054891172272528696,0.18098047714628593
39.016666666666666,1.2,0.1809211449269095,0.17672859292327378,0.16355292096794444,0.1383194722978376,0.054886107980831836,0.1809211449269095
39.03333333333333,1.2,0.18086187702020157,0.176671575769557,0.1635027640909418,0.13828152166514607,0.05488105176277299,0.18086187702020157
39.05,1.2,0.18080267331976302,0.1766146200086342,0.1634526601619543,0.13824360949702375,0.054876003601278395,0.18080267331976302
39.06666666666667,1.2,0.18074353371942653,0.17655772553946897,0.16340260909516974,0.1382057357330796,0.05487096347931869,0.18074353371942653
39.083333333333336,1.2,0.180684458113256,0.17650089226124394,0.16335261080495977,0.1381679003130485,0.05486593137990892,0.180684458113256
39.1,1.2,0.18062544639554562,0.17644412007336024,0.16330266520587927,0.13813010317679092,0.054860907286108276,0.18062544639554562
39.11666666666667,1.2,0.18056649846081974,0.17638740887543702,0.16325277221266582,0.13809234426429273,0.054855891181020036,0.18056649846081974
39.13333333333333,1.2,0.18050761420383188,0.1763307585673107,0.16320293174023942,0.13805462351566472,0.05485088304779148,0.18050761420383188
39.15,1.2,0.18044879351956433,0.17627416904903448,0.16315314370370185,0.13801694087114239,0.05484588286961362,0.18044879351956433
39.166666666666664,1.2,0.18039003630322736,0.17621764022087777,0.16310340801833617,0.13797929627108552,0.054840890629721195,0.18039003630322736
39.18333333333333,1.2,0.18033134245025878,0.17616117198332568,0.16305372459960638,0.13794168965597786,0.05483590631139242,0.18033134245025878
39.2,1.2,0.18027271185632326,0.17610476423707827,0.1630040933631569,0.13790412096642704,0.05483092989794901,0.18027271185632326
39.21666666666667,1.2,0.18021414441731176,0.1760484168830502,0.16295451422481197,0.13786659014316385,0.05482596137275587,0.18021414441731176
39.233333333333334,1.2,0.18015564002934079,0.17599212982237,0.16290498710057533,0.1378290971270423,0.05482100071922108,0.18015564002934079
39.25,1.2,0.180097198588752,0.1759359029563795,0.16285551190662978,0.1377916418590391,0.05481604792079572,0.180097198588752
39.266666666666666,1.2,0.18003881999211155,0.17587973618663338,0.16280608855933643,0.1377542242802534,0.0548111029609738,0.18003881999211155
39.28333333333333,1.2,0.17998050413620933,0.1758236294148986,0.16275671697523464,0.1377168443319064,0.054806165823292015,0.17998050413620933
39.3,1.2,0.17992225091805863,0.17576758254315364,0.1627073970710412,0.13767950195534123,0.0548012364913297,0.17992225091805863
39.31666666666667,1.2,0.17986406023489537,0.17571159547358817,0.16265812876365005,0.13764219709202238,0.0547963149487087,0.17986406023489537
39.333333333333336,1.2,0.17980593198417752,0.17565566810860245,0.16260891197013183,0.13760492968353563,0.05479140117909322,0.17980593198417752
39.35,1.2,0.17974786606358462,0.1755998003508067,0.16255974660773326,0.1375676996715876,0.054786495166189685,0.17974786606358462
39.36666666666667,1.2,0.17968986237101706,0.17554399210302046,0.1625106325938769,0.13753050699800545,0.05478159689374662,0.17968986237101706
39.38333333333333,1.2,0.17963192080459556,0.17548824326827234,0.1624615698461605,0.13749335160473664,0.05477670634555455,0.17963192080459556
39.4,1.2,0.17957404126266066,0.17543255374979908,0.16241255828235662,0.13745623343384847,0.054771823505445835,0.17957404126266066
39.416666666666664,1.2,0.17951622364377195,0.17537692345104544,0.1623635978204122,0.13741915242752806,0.054766948357294544,0.17951622364377195
39.43333333333333,1.2,0.1794584678467077,0.17532135227566326,0.16231468837844812,0.13738210852808166,0.05476208088501634,0.1794584678467077
39.45,1.2,0.17940077377046412,0.17526584012751106,0.16226582987475857,0.13734510167793473,0.05475722107256843,0.17940077377046412
39.46666666666667,1.2,0.17934314131425488,0.17521038691065355,0.16221702222781081,0.13730813181963136,0.05475236890394928,0.17934314131425488
39.483333333333334,1.2,0.17928557037751047,0.17515499252936104,0.16216826535624462,0.13727119889583408,0.05474752436319859,0.17928557037751047
39.5,1.2,0.17922806085987772,0.17509965688810894,0.16211955917887197,0.1372343028493236,0.054742687434397176,0.17922806085987772
39.516666666666666,1.2,0.17917061266121911,0.1750443798915771,0.1620709036146763,0.13719744362299835,0.05473785810166682,0.17917061266121911
39.53333333333333,1.2,0.17911322568161225,0.17498916144464943,0.16202229858281242,0.13716062115987435,0.05473303634917016,0.17911322568161225
39.55,1.2,0.17905589982134942,0.17493400145241322,0.16197374400260572,0.13712383540308487,0.05472822216111049,0.17905589982134942
39.56666666666667,1.2,0.17899863498093682,0.17487889982015878,0.1619252397935521,0.13708708629587996,0.054723415521731815,0.17899863498093682
39.583333333333336,1.2,0.17894143106109417,0.17482385645337867,0.16187678587531712,0.13705037378162652,0.05471861641531851,0.17894143106109417
39.6,1.2,0.1788842879627539,0.1747688712577674,0.16182838216773587,0.13701369780380762,0.05471382482619536,0.1788842879627539
39.61666666666667,1.2,0.17882720558706103,0.17471394413922076,0.16178002859081245,0.13697705830602247,0.054709040738727385,0.17882720558706103
39.63333333333333,1.2,0.17877018383537213,0.17465907500383537,0.16173172506471942,0.13694045523198586,0.05470426413731971,0.17877018383537213
39.65,1.2,0.17871322260925504,0.1746042637579081,0.1616834715097975,0.1369038885255282,0.054699495006417416,0.17871322260925504
39.666666666666664,1.2,0.17865632181048827,0.17454951030793553,0.16163526784655516,0.13686735813059503,0.05469473333050548,0.17865632181048827
39.68333333333333,1.2,0.17859948134106043,0.17449481456061344,0.16158711399566794,0.1368308639912466,0.05468997909410863,0.17859948134106043
39.7,1.2,0.17854270110316975,0.1744401764228365,0.16153900987797828,0.136794406051658,0.054685232281791236,0.17854270110316975
39.71666666666667,1.2,0.17848598099922322,0.17438559580169738,0.16149095541449504,0.1367579842561184,0.054680492878157134,0.17848598099922322
39.733333333333334,1.2,0.17842932093183653,0.1743310726044864,0.16144295052639293,0.13672159854903093,0.0546757608678496,0.17842932093183653
39.75,1.2,0.17837272080383315,0.17427660673869114,0.1613949951350122,0.13668524887491262,0.05467103623555114,0.17837272080383315
39.766666666666666,1.2,0.178316180518244,0.17422219811199574,0.1613470891618583,0.13664893517839372,0.05466631896598342,0.178316180518244
39.78333333333333,1.2,0.17825969997830668,0.17416784663228047,0.16129923252860115,0.1366126574042178,0.05466160904390716,0.17825969997830668
39.8,1.2,0.17820327908746517,0.17411355220762126,0.16125142515707502,0.1365764154972411,0.05465690645412199,0.17820327908746517
39.81666666666667,1.2,0.17814691774936908,0.17405931474628905,0.16120366696927801,0.13654020940243258,0.05465221118146635,0.17814691774936908
39.833333333333336,1.2,0.17809061586787342,0.17400513415674945,0.16115595788737155,0.13650403906487332,0.054647523210817325,0.17809061586787342
39.85,1.2,0.17803437334703762,0.17395101034766203,0.16110829783368003,0.13646790442975648,0.05464284252709061,0.17803437334703762
39.86666666666667,1.2,0.17797819009112534,0.1738969432278801,0.16106068673069046,0.13643180544238703,0.05463816911524036,0.17797819009112534
39.88333333333333,1.2,0.17792206600460392,0.17384293270645,0.16101312450105193,0.13639574204818117,0.054633502960259,0.17792206600460392
39.9,1.2,0.17786600099214359,0.17378897869261048,0.16096561106757523,0.13635971419266638,0.054628844047177265,0.17786600099214359
39.916666666666664,1.2,0.1778099949586172,0.1737350810957926,0.16091814635323243,0.13632372182148095,0.05462419236106392,0.1778099949586172
39.93333333333333,1.2,0.1777540478090997,0.17368123982561878,0.16087073028115662,0.1362877648803738,0.054619547887025756,0.1777540478090997
39.95,1.2,0.17769815944886727,0.17362745479190272,0.16082336277464118,0.13625184331520415,0.05461491061020744,0.17769815944886727
39.96666666666667,1.2,0.17764232978339717,0.17357372590464848,0.16077604375713958,0.13621595707194123,0.054610280515791414,0.17764232978339717
39.983333333333334,1.2,0.17758655871836718,0.17352005307405033,0.16072877315226503,0.13618010609666412,0.05460565758899774,0.17758655871836718
40.0,1.2,0.17753084615965492,0.17346643621049215,0.16068155088378985,0.13614429033556127,0.05460104181508406,0.17753084615965492
40.016666666666666,1.2,0.17747519201333728,0.17341287522454685,0.16063437687564525,0.13610850973493038,0.05459643317934542,0.17747519201333728
40.03333333333333,1.2,0.17741959618569014,0.17335937002697593,0.16058725105192095,0.13607276424117815,0.05459183166711416,0.17741959618569014
40.05,1.2,0.1773640585831878,0.17330592052872912,0.16054017333686443,0.13603705380081987,0.05458723726375985,0.1773640585831878
40.06666666666667,1.2,0.17730857911250217,0.1732525266409437,0.16049314365488104,0.1360013783604792,0.05458264995468918,0.17730857911250217
40.083333333333336,1.2,0.1772531576805026,0.17319918827494404,0.16044616193053318,0.13596573786688798,0.05457806972534574,0.1772531576805026
40.1,1.2,0.17719779419425533,0.17314590534224128,0.16039922808854012,0.13593013226688588,0.05457349656121004,0.17719779419425533
40.11666666666667,1.2,0.17714248856102277,0.1730926777545327,0.16035234205377744,0.1358945615074201,0.05456893044779938,0.17714248856102277
40.13333333333333,1.2,0.1770872406882632,0.17303950542370128,0.1603055037512768,0.13585902553554519,0.05456437137066768,0.1770872406882632
40.15,1.2,0.1770320504836301,0.17298638826181514,0.16025871310622541,0.1358235242984228,0.054559819315405336,0.1770320504836301
40.166666666666664,1.2,0.1769769178549718,0.17293332618112728,0.16021197004396576,0.13578805774332123,0.05455527426763927,0.1769769178549718
40.18333333333333,1.2,0.1769218427103309,0.1728803190940749,0.16016527448999507,0.13575262581761538,0.05455073621303271,0.1769218427103309
40.2,1.2,0.1768668249579437,0.17282736691327893,0.16011862636996493,0.13571722846878637,0.05454620513728506,0.1768668249579437
40.21666666666667,1.2,0.1768118645062397,0.17277446955154369,0.16007202560968103,0.13568186564442122,0.05454168102613186,0.1768118645062397
40.233333333333334,1.2,0.17675696126384144,0.1727216269218563,0.16002547213510276,0.13564653729221277,0.05453716386534462,0.17675696126384144
40.25,1.2,0.17670211513956346,0.17266883893738633,0.1599789658723425,0.13561124335995922,0.0545326536407308,0.17670211513956346
40.266666666666666,1.2,0.17664732604241218,0.1726161055114851,0.15993250674766563,0.13557598379556404,0.05452815033813359,0.17664732604241218
40.28333333333333,1.2,0.17659259388158527,0.17256342655768542,0.15988609468749004,0.13554075854703557,0.05452365394343185,0.17659259388158527
40.3,1.2,0.17653791856647116,0.17251080198970117,0.1598397296183855,0.13550556756248677,0.05451916444254009,0.17653791856647116
40.31666666666667,1.2,0.17648330000664864,0.1724582317214266,0.1597934114670736,0.1354704107901351,0.054514681821408194,0.17648330000664864
40.333333333333336,1.2,0.17642873811188625,0.17240571566693608,0.15974714016042718,0.1354352881783021,0.05451020606602147,0.17642873811188625
40.35,1.2,0.17637423279214184,0.17235325374048346,0.15970091562546998,0.1354001996754132,0.05450573716240046,0.17637423279214184
40.36666666666667,1.2,0.17631978395756207,0.1723008458565018,0.15965473778937622,0.13536514522999743,0.05450127509660083,0.17631978395756207
40.38333333333333,1.2,0.1762653915184819,0.17224849192960273,0.15960860657947035,0.1353301247906872,0.05449681985471336,0.1762653915184819
40.4,1.2,0.17621105538542425,0.17219619187457613,0.15956252192322648,0.1352951383062181,0.05449237142286371,0.17621105538542425
40.416666666666664,1.2,0.17615677546909925,0.17214394560638963,0.15951648374826816,0.13526018572542842,0.054487929787212425,0.17615677546909925
40.43333333333333,1.2,0.17610255168040415,0.17209175304018798,0.15947049198236796,0.13522526699725923,0.05448349493395476,0.17610255168040415
40.45,1.2,0.17604838393042235,0.17203961409129304,0.15942454655344696,0.13519038207075382,0.05447906684932059,0.17604838393042235
40.46666666666667,1.2,0.17599427213042326,0.17198752867520278,0.15937864738957458,0.1351555308950576,0.05447464551957436,0.17599427213042326
40.483333333333334,1.2,0.1759402161918619,0.17193549670759126,0.15933279441896808,0.13512071341941786,0.05447023093101491,0.1759402161918619
40.5,1.2,0.1758862160263779,0.17188351810430785,0.15928698756999224,0.1350859295931834,0.05446582306997546,0.1758862160263779
40.516666666666666,1.2,0.17583227154579573,0.17183159278137716,0.1592412267711589,0.13505117936580446,0.05446142192282337,0.17583227154579573
40.53333333333333,1.2,0.1757783826621237,0.17177972065499814,0.15919551195112674,0.1350164626868322,0.054457027475960165,0.1757783826621237
40.55,1.2,0.17572454928755377,0.17172790164154406,0.15914984303870072,0.1349817795059188,0.05445263971582143,0.17572454928755377
40.56666666666667,1.2,0.17567077133446093,0.17167613565756173,0.1591042199628318,0.13494712977281687,0.05444825862887662,0.17567077133446093
40.583333333333336,1.2,0.17561704871540276,0.17162442261977134,0.1590586426526167,0.13491251343737948,0.054443884201629045,0.17561704871540276
40.6,1.2,0.175563381343119,0.17157276244506575,0.15901311103729734,0.1348779304495597,0.05443951642061571,0.175563381343119
40.61666666666667,1.2,0.17550976913053107,0.17152115505051027,0.1589676250462605,0.1348433807594105,0.05443515527240728,0.17550976913053107
40.63333333333333,1.2,0.1754562119907416,0.17146960035334202,0.1589221846090375,0.1348088643170844,0.0544308007436079,0.1754562119907416
40.65,1.2,0.175402709837034,0.17141809827096977,0.15887678965530394,0.13477438107283324,0.05442645282085517,0.175402709837034
40.666666666666664,1.2,0.17534926258287192,0.1713666487209731,0.1588314401148791,0.13473993097700812,0.054422111490819984,0.17534926258287192
40.68333333333333,1.2,0.17529587014189887,0.17131525162110242,0.15878613591772575,0.1347055139800588,0.054417776740206515,0.17529587014189887
40.7,1.2,0.17524253242793764,0.17126390688927823,0.15874087699394984,0.13467113003253378,0.05441344855575204,0.17524253242793764
40.71666666666667,1.2,0.1751892493549901,0.1712126144435907,0.15869566327379991,0.13463677908507987,0.05440912692422683,0.1751892493549901
40.733333333333334,1.2,0.1751360208372364,0.17116137420229938,0.1586504946876669,0.13460246108844218,0.054404811832434154,0.1751360208372364
40.75,1.2,0.1750828467890348,0.17111018608383274,0.1586053711660838,0.13456817599346338,0.054400503267210125,0.1750828467890348
40.766666666666666,1.2,0.17502972712492101,0.17105905000678762,0.15856029263972532,0.13453392375108414,0.05439620121542352,0.17502972712492101
40.78333333333333,1.2,0.17497666175960797,0.1710079658899289,0.15851525903940722,0.13449970431234232,0.05439190566397582,0.17497666175960797
40.8,1.2,0.17492365060798507,0.170956933652189,0.15847027029608646,0.13446551762837303,0.054387616599801084,0.17492365060798507
40.81666666666667,1.2,0.17487069358511806,0.1709059532126677,0.15842532634086046,0.13443136365040828,0.05438333400986573,0.17487069358511806
40.833333333333336,1.2,0.17481779060624833,0.17085502449063128,0.15838042710496686,0.13439724232977684,0.0543790578811686,0.17481779060624833
40.85,1.2,0.17476494158679268,0.17080414740551253,0.15833557251978328,0.13436315361790388,0.05437478820074082,0.17476494158679268
40.86666666666667,1.2,0.1747121464423425,0.17075332187691003,0.15829076251682675,0.1343290974663108,0.05437052495564564,0.1747121464423425
40.88333333333333,1.2,0.17465940508866393,0.17070254782458788,0.15824599702775358,0.134295073826615,0.054366268132978395,0.17465940508866393
40.9,1.2,0.1746067174416969,0.1706518251684753,0.15820127598435882,0.13426108265052966,0.054362017719866415,0.1746067174416969
40.916666666666664,1.2,0.17455408341755477,0.17060115382866603,0.15815659931857612,0.13422712388986335,0.05435777370346894,0.17455408341755477
40.93333333333333,1.2,0.17450150293252417,0.17055053372541817,0.15811196696247717,0.1341931974965201,0.054353536070976934,0.17450150293252417
40.95,1.2,0.17444897590306424,0.17049996477915352,0.15806737884827154,0.13415930342249882,0.054349304809613114,0.17444897590306424
40.96666666666667,1.2,0.17439650224580633,0.1704494469104573,0.15802283490830615,0.13412544161989337,0.05434507990663178,0.17439650224580633
40.983333333333334,1.2,0.17434408187755362,0.1703989800400778,0.15797833507506504,0.13409161204089215,0.0543408613493188,0.17434408187755362
41.0,1.2,0.17429171471528057,0.17034856408892585,0.15793387928116912,0.13405781463777788,0.054336649124991386,0.17429171471528057
41.016666666666666,1.2,0.17423940067613256,0.1702981989780743,0.1578894674593756,0.13402404936292744,0.05433244322099817,0.17423940067613256
41.03333333333333,1.2,0.1741871396774255,0.17024788462875803,0.15784509954257786,0.13399031616881163,0.054328243624718955,0.1741871396774255
41.05,1.2,0.17413493163664515,0.17019762096237304,0.1578007754638049,0.13395661500799486,0.054324050323564715,0.17413493163664515
41.06666666666667,1.2,0.1740827764714471,0.17014740790047633,0.15775649515622125,0.13392294583313502,0.054319863304977484,0.1740827764714471
41.083333333333336,1.2,0.17403067409965597,0.1700972453647855,0.15771225855312648,0.13388930859698311,0.054315682556430246,0.17403067409965597
41.1,1.2,0.17397862443926515,0.1700471332771782,0.15766806558795488,0.13385570325238333,0.0543115080654269,0.17397862443926515
41.11666666666667,1.2,0.17392662740843634,0.16999707155969185,0.15762391619427502,0.13382212975227237,0.0543073398195021,0.17392662740843634
41.13333333333333,1.2,0.17387468292549926,0.1699470601345232,0.1575798103057897,0.13378858804967964,0.05430317780622125,0.17387468292549926
41.15,1.2,0.17382279090895095,0.1698970989240279,0.15753574785633534,0.13375507809772685,0.05429902201318027,0.17382279090895095
41.166666666666664,1.2,0.1737709512774555,0.16984718785072017,0.15749172877988177,0.13372159984962761,0.054294872428005674,0.1737709512774555
41.18333333333333,1.2,0.17371916394984377,0.16979732683727228,0.15744775301053193,0.1336881532586876,0.05429072903835438,0.17371916394984377
41.2,1.2,0.17366742884511277,0.16974751580651426,0.15740382048252147,0.1336547382783041,0.05428659183191366,0.17366742884511277
41.21666666666667,1.2,0.1736157458824253,0.16969775468143355,0.15735993113021834,0.13362135486196564,0.05428246079640103,0.1736157458824253
41.233333333333334,1.2,0.1735641149811094,0.16964804338517453,0.1573160848881227,0.13358800296325207,0.05427833591956416,0.1735641149811094
41.25,1.2,0.1735125360606583,0.16959838184103793,0.1572722816908664,0.13355468253583422,0.05427421718918082,0.1735125360606583
41.266666666666666,1.2,0.1734610090407296,0.16954876997248086,0.1572285214732127,0.13352139353347364,0.05427010459305879,0.1734610090407296
41.28333333333333,1.2,0.17340953384114507,0.1694992077031161,0.15718480417005598,0.1334881359100224,0.054265998119035666,0.17340953384114507
41.3,1.2,0.17335811038189036,0.1694496949567118,0.1571411297164213,0.1334549096194229,0.05426189775497897,0.17335811038189036
41.31666666666667,1.2,0.1733067385831141,0.16940023165719115,0.15709749804746428,0.13342171461570757,0.0542578034887859,0.1733067385831141
41.333333333333336,1.2,0.17325541836512817,0.1693508177286318,0.15705390909847058,0.13338855085299878,0.05425371530838327,0.17325541836512817
41.35,1.2,0.17320414964840666,0.16930145309526579,0.15701036280485575,0.1333554182855085,0.054249633201727536,0.17320414964840666
41.36666666666667,1.2,0.17315293235358595,0.1692521376814789,0.15696685910216468,0.1333223168675383,0.054245557156804555,0.17315293235358595
41.38333333333333,1.2,0.17310176640146382,0.16920287141181026,0.15692339792607152,0.13328924655347868,0.05424148716162959,0.17310176640146382
41.4,1.2,0.17305065171299963,0.1691536542109522,0.15687997921237917,0.13325620729780938,0.054237423204247216,0.17305065171299963
41.416666666666664,1.2,0.17299958820931347,0.16910448600374967,0.15683660289701917,0.13322319905509883,0.054233365272731225,0.17299958820931347
41.43333333333333,1.2,0.17294857581168582,0.16905536671519994,0.15679326891605122,0.13319022178000411,0.054229313355184536,0.17294857581168582
41.45,1.2,0.1728976144415574,0.16900629627045205,0.1567499772056628,0.13315727542727057,0.05422526743973909,0.1728976144415574
41.46666666666667,1.2,0.17284670402052837,0.1689572745948068,0.15670672770216915,0.13312435995173183,0.05422122751455586,0.17284670402052837
41.483333333333334,1.2,0.1727958444703583,0.168908301613716,0.15666352034201256,0.1330914753083093,0.05421719356782466,0.1727958444703583
41.5,1.2,0.17274503571296562,0.16885937725278227,0.15662035506176242,0.13305862145201225,0.05421316558776409,0.17274503571296562
41.516666666666666,1.2,0.17269427767042722,0.16881050143775866,0.1565772317981146,0.13302579833793737,0.0542091435626215,0.17269427767042722
41.53333333333333,1.2,0.17264357026497784,0.16876167409454823,0.1565341504878915,0.1329930059212687,0.05420512748067281,0.17264357026497784
41.55,1.2,0.17259291341901034,0.16871289514920368,0.15649111106804137,0.13296024415727742,0.05420111733022256,0.17259291341901034
41.56666666666667,1.2,0.17254230705507442,0.168664164527927,0.1564481134756381,0.13292751300132144,0.05419711309960373,0.17254230705507442
41.583333333333336,1.2,0.17249175109587697,0.16861548215706915,0.15640515764788115,0.13289481240884554,0.05419311477717767,0.17249175109587697
41.6,1.2,0.17244124546428125,0.1685668479631296,0.156362243522095,0.1328621423353808,0.054189122351334086,0.17244124546428125
41.61666666666667,1.2,0.17239079008330663,0.16851826187275595,0.1563193710357288,0.1328295027365447,0.054185135810490836,0.17239079008330663
41.63333333333333,1.2,0.17234038487612824,0.16846972381274367,0.15627654012635622,0.13279689356804064,0.05418115514309395,0.17234038487612824
41.65,1.2,0.17229002976607655,0.16842123371003564,0.15623375073167517,0.13276431478565803,0.05417718033761755,0.17229002976607655
41.666666666666664,1.2,0.17223972467663687,0.16837279149172185,0.15619100278950726,0.1327317663452717,0.05417321138256367,0.17223972467663687
41.68333333333333,1.2,0.1721894695314492,0.16832439708503893,0.15614829623779786,0.13269924820284212,0.05416924826646231,0.1721894695314492
41.7,1.2,0.1721392642543077,0.16827605041736995,0.1561056310146154,0.13266676031441485,0.05416529097787124,0.1721392642543077
41.71666666666667,1.2,0.17208910876916014,0.1682277514162439,0.1560630070581513,0.13263430263612058,0.054161339505376,0.17208910876916014
41.733333333333334,1.2,0.1720390030001081,0.16817950000933546,0.1560204243067197,0.13260187512417476,0.05415739383758976,0.1720390030001081
41.75,1.2,0.17198894687140576,0.16813129612446442,0.15597788269875706,0.13256947773487748,0.05415345396315334,0.17198894687140576
41.766666666666666,1.2,0.17193894030746024,0.1680831396895956,0.1559353821728218,0.1325371104246132,0.05414951987073495,0.17193894030746024
41.78333333333333,1.2,0.17188898323283072,0.16803503063283842,0.1558929226675942,0.13250477314985065,0.05414559154903029,0.17188898323283072
41.8,1.2,0.17183907557222847,0.1679869688824464,0.1558505041218759,0.1324724658671426,0.054141668986762426,0.17183907557222847
41.81666666666667,1.2,0.17178921725051613,0.16793895436681683,0.1558081264745898,0.13244018853312556,0.054137752172681644,0.17178921725051613
41.833333333333336,1.2,0.1717394081927076,0.16789098701449062,0.15576578966477955,0.13240794110451964,0.054133841095565426,0.1717394081927076
41.85,1.2,0.1716896483239675,0.16784306675415173,0.15572349363160942,0.13237572353812854,0.054129935744218385,0.1716896483239675
41.86666666666667,1.2,0.17163993756961077,0.16779519351462685,0.15568123831436387,0.1323435357908389,0.05412603610747213,0.17163993756961077
41.88333333333333,1.2,0.17159027585510256,0.16774736722488515,0.1556390236524475,0.13231137781962055,0.05412214217418526,0.17159027585510256
41.9,1.2,0.17154066310605748,0.16769958781403788,0.1555968495853844,0.1322792495815262,0.05411825393324324,0.17154066310605748
41.916666666666664,1.2,0.17149109924823946,0.16765185521133794,0.15555471605281823,0.13224715103369097,0.05411437137355832,0.17149109924823946
41.93333333333333,1.2,0.1714415842075615,0.16760416934617967,0.15551262299451157,0.1322150821333326,0.05411049448406951,0.1714415842075615
41.95,1.2,0.171392117910085,0.16755653014809835,0.15547057035034595,0.1321830428377509,0.054106623253742436,0.171392117910085
41.96666666666667,1.2,0.1713427002820195,0.1675089375467701,0.15542855806032133,0.13215103310432785,0.0541027576715693,0.1713427002820195
41.983333333333334,1.2,0.17129333124972249,0.1674613914720111,0.15538658606455596,0.13211905289052717,0.054098897726568826,0.17129333124972249
42.0,1.2,0.1712440107396988,0.16741389185377775,0.15534465430328603,0.1320871021538943,0.054095043407786134,0.1712440107396988
42.016666666666666,1.2,0.17119473867860047,0.167366438622166,0.15530276271686538,0.13205518085205603,0.054091194704292675,0.17119473867860047
42.03333333333333,1.2,0.17114551499322617,0.16731903170741097,0.1552609112457652,0.1320232889427205,0.054087351605186205,0.17114551499322617
42.05,1.2,0.17109633961052087,0.167271671039887,0.15521909983057375,0.1319914263836769,0.05408351409959068,0.17109633961052087
42.06666666666667,1.2,0.17104721245757568,0.16722435655010687,0.15517732841199613,0.13195959313279518,0.054079682176656145,0.17104721245757568
42.083333333333336,1.2,0.1709981334616273,0.16717708816872162,0.155135596930854,0.1319277891480261,0.05407585582555872,0.1709981334616273
42.1,1.2,0.1709491025500577,0.16712986582652029,0.1550939053280852,0.13189601438740087,0.05407203503550046,0.1709491025500577
42.11666666666667,1.2,0.17090011965039384,0.1670826894544295,0.1550522535447435,0.1318642688090309,0.05406821979570937,0.17090011965039384
42.13333333333333,1.2,0.17085118469030708,0.16703555898351313,0.1550106415219984,0.13183255237110786,0.05406441009543925,0.17085118469030708
42.15,1.2,0.17080229759761323,0.1669884743449719,0.15496906920113476,0.13180086503190327,0.054060605923969635,0.17080229759761323
42.166666666666664,1.2,0.17075345830027175,0.16694143547014328,0.1549275365235526,0.13176920674976828,0.05405680727060579,0.17075345830027175
42.18333333333333,1.2,0.1707046667263858,0.16689444229050088,0.15488604343076667,0.13173757748313378,0.05405301412467857,0.1707046667263858
42.2,1.2,0.1706559228042016,0.16684749473765426,0.15484458986440644,0.13170597719050983,0.05404922647554432,0.1706559228042016
42.21666666666667,1.2,0.17060722646210813,0.16680059274334855,0.1548031757662155,0.1316744058304857,0.0540454443125849,0.17060722646210813
42.233333333333334,1.2,0.17055857762863685,0.1667537362394641,0.15476180107805154,0.13164286336172965,0.05404166762520751,0.17055857762863685
42.25,1.2,0.17050997623246145,0.16670692515801636,0.15472046574188597,0.1316113497429888,0.05403789640284471,0.17050997623246145
42.266666666666666,1.2,0.1704614222023972,0.16666015943115514,0.15467916969980364,0.13157986493308876,0.054034130634954304,0.1704614222023972
42.28333333333333,1.2,0.1704129154674009,0.1666134389911647,0.15463791289400253,0.13154840889093355,0.05403037031101926,0.1704129154674009
42.3,1.2,0.1703644559565704,0.16656676377046312,0.15459669526679365,0.13151698157550556,0.05402661542054761,0.1703644559565704
42.31666666666667,1.2,0.17031604359914423,0.1665201337016022,0.15455551676060053,0.13148558294586504,0.0540228659530725,0.17031604359914423
42.333333333333336,1.2,0.17026767832450132,0.16647354871726697,0.1545143773179591,0.13145421296115029,0.054019121898151966,0.17026767832450132
42.35,1.2,0.1702193600621607,0.16642700875027544,0.15447327688151746,0.13142287158057714,0.054015383245368975,0.1702193600621607
42.36666666666667,1.2,0.17017108874178088,0.16638051373357823,0.1544322153940354,0.131391558763439,0.05401164998433127,0.17017108874178088
42.38333333333333,1.2,0.17012286429315998,0.16633406360025832,0.15439119279838434,0.13136027446910659,0.0540079221046714,0.17012286429315998
42.4,1.2,0.17007468664623507,0.16628765828353065,0.15435020903754698,0.13132901865702779,0.05400419959604658,0.17007468664623507
42.416666666666664,1.2,0.17002655573108172,0.16624129771674187,0.15430926405461706,0.13129779128672725,0.05400048244813862,0.17002655573108172
42.43333333333333,1.2,0.16997847147791398,0.16619498183337,0.15426835779279902,0.13126659231780663,0.05399677065065384,0.16997847147791398
42.45,1.2,0.1699304338170839,0.16614871056702407,0.1542274901954078,0.13123542170994407,0.053993064193323115,0.1699304338170839
42.46666666666667,1.2,0.16988244267908115,0.16610248385144374,0.1541866612058686,0.1312042794228941,0.05398936306590167,0.16988244267908115
42.483333333333334,1.2,0.1698344979945328,0.16605630162049934,0.15414587076771652,0.13117316541648755,0.05398566725816905,0.1698344979945328
42.5,1.2,0.16978659969420273,0.1660101638081909,0.15410511882459638,0.13114207965063124,0.05398197675992909,0.16978659969420273
42.516666666666666,1.2,0.1697387477089917,0.16596407034864852,0.1540644053202625,0.1311110220853079,0.05397829156100986,0.1697387477089917
42.53333333333333,1.2,0.16969094196993664,0.16591802117613166,0.15402373019857818,0.1310799926805759,0.05397461165126349,0.16969094196993664
42.55,1.2,0.16964318240821058,0.16587201622502892,0.1539830934035158,0.13104899139656923,0.053970937020566226,0.16964318240821058
42.56666666666667,1.2,0.16959546895512212,0.16582605542985773,0.1539424948791563,0.13101801819349712,0.05396726765881827,0.16959546895512212
42.583333333333336,1.2,0.1695478015421152,0.16578013872526406,0.15390193456968904,0.13098707303164403,0.05396360355594376,0.1695478015421152
42.6,1.2,0.16950018010076892,0.16573426604602204,0.15386141241941145,0.13095615587136936,0.053959944701890736,0.16950018010076892
42.61666666666667,1.2,0.16945260456279684,0.16568843732703367,0.15382092837272893,0.1309252666731074,0.053956291086630956,0.16945260456279684
42.63333333333333,1.2,0.16940507486004702,0.16564265250332869,0.15378048237415437,0.130894405397367,0.053952642700159995,0.16940507486004702
42.65,1.2,0.16935759092450156,0.16559691151006395,0.15374007436830806,0.1308635720047315,0.05394899953249701,0.16935759092450156
42.666666666666664,1.2,0.16931015268827607,0.16555121428252328,0.1536997042999174,0.13083276645585853,0.05394536157368479,0.16931015268827607
42.68333333333333,1.2,0.16926276008361973,0.1655055607561174,0.15365937211381658,0.13080198871147986,0.05394172881378965,0.16926276008361973
42.7,1.2,0.16921541304291468,0.16545995086638304,0.15361907775494646,0.13077123873240115,0.05393810124290133,0.16921541304291468
42.71666666666667,1.2,0.16916811149867594,0.16541438454898327,0.1535788211683542,0.1307405164795019,0.05393447885113305,0.16916811149867594
42.733333333333334,1.2,0.16912085538355068,0.16536886173970672,0.15353860229919286,0.1307098219137352,0.05393086162862125,0.16912085538355068
42.75,1.2,0.1690736446303185,0.1653233823744677,0.15349842109272158,0.13067915499612753,0.05392724956552571,0.1690736446303185
42.766666666666666,1.2,0.16902647917189037,0.16527794638930537,0.1534582774943049,0.13064851568777858,0.05392364265202941,0.16902647917189037
42.78333333333333,1.2,0.16897935894130908,0.1652325537203839,0.15341817144941283,0.13061790394986128,0.05392004087833842,0.16897935894130908
42.8,1.2,0.16893228387174827,0.16518720430399209,0.1533781029036203,0.1305873197436213,0.053916444234681934,0.16893228387174827
42.81666666666667,1.2,0.16888525389651268,0.16514189807654273,0.15333807180260714,0.13055676303037722,0.053912852711312104,0.16888525389651268
42.833333333333336,1.2,0.16883826894903733,0.16509663497457286,0.15329807809215765,0.13052623377152006,0.05390926629850405,0.16883826894903733
42.85,1.2,0.16879132896288748,0.1650514149347429,0.1532581217181606,0.13049573192851333,0.053905684986555784,0.16879132896288748
42.86666666666667,1.2,0.16874443387175836,0.16500623789383675,0.1532182026266087,0.13046525746289275,0.0539021087657881,0.16874443387175836
42.88333333333333,1.2,0.16869758360947465,0.16496110378876133,0.1531783207635986,0.13043481033626614,0.05389853762654456,0.16869758360947465
42.9,1.2,0.16865077810999032,0.1649160125565464,0.15313847607533038,0.13040439051031313,0.05389497155919143,0.16865077810999032
42.916666666666664,1.2,0.16860401730738833,0.16487096413434404,0.1530986685081076,0.1303739979467853,0.05389141055411754,0.16860401730738833
42.93333333333333,1.2,0.1685573011358802,0.1648259584594286,0.15305889800833683,0.13034363260750553,0.053887854601734356,0.1685573011358802
42.95,1.2,0.16851062952980575,0.16478099546919633,0.1530191645225275,0.13031329445436834,0.05388430369247582,0.16851062952980575
42.96666666666667,1.2,0.16846400242363296,0.16473607510116495,0.15297946799729162,0.1302829834493393,0.053880757816798255,0.16846400242363296
42.983333333333334,1.2,0.16841741975195734,0.1646911972929736,0.15293980837934357,0.13025269955445518,0.053877216965180455,0.16841741975195734
43.0,1.2,0.1683708814495019,0.1646463619823823,0.15290018561549984,0.13022244273182365,0.05387368112812342,0.1683708814495019
43.016666666666666,1.2,0.16832438745111666,0.16460156910727192,0.15286059965267879,0.13019221294362304,0.0538701502961505,0.16832438745111666
43.03333333333333,1.2,0.16827793769177854,0.16455681860564364,0.15282105043790045,0.13016201015210238,0.053866624459807146,0.16827793769177854
43.05,1.2,0.16823153210659084,0.16451211041561886,0.1527815379182862,0.13013183431958103,0.053863103609661005,0.16823153210659084
43.06666666666667,1.2,0.1681851706307831,0.16446744447543873,0.15274206204105856,0.1301016854084487,0.05385958773630173,0.1681851706307831
43.083333333333336,1.2,0.1681388531997107,0.16442282072346406,0.15270262275354096,0.13007156338116505,0.053856076830341014,0.1681388531997107
43.1,1.2,0.1680925797488546,0.16437823909817492,0.15266322000315757,0.1300414682002598,0.05385257088241247,0.1680925797488546
43.11666666666667,1.2,0.1680463502138211,0.16433369953817034,0.15262385373743292,0.13001139982833237,0.053849069883171646,0.1680463502138211
43.13333333333333,1.2,0.16800016453034128,0.16428920198216815,0.1525845239039917,0.12998135822805185,0.05384557382329584,0.16800016453034128
43.15,1.2,0.16795402263427117,0.16424474636900444,0.15254523045055873,0.12995134336215675,0.05384208269348415,0.16795402263427117
43.166666666666664,1.2,0.16790792446159103,0.16420033263763356,0.15250597332495833,0.12992135519345482,0.05383859648445737,0.16790792446159103
43.18333333333333,1.2,0.16786186994840513,0.1641559607271277,0.15246675247511457,0.129891393684823,0.05383511518695792,0.16786186994840513
43.2,1.2,0.16781585903094165,0.16411163057667666,0.15242756784905054,0.12986145879920713,0.05383163879174981,0.16781585903094165
43.21666666666667,1.2,0.16776989164555217,0.16406734212558755,0.1523884193948885,0.12983155049962203,0.053828167289618575,0.16776989164555217
43.233333333333334,1.2,0.16772396772871156,0.16402309531328435,0.15234930706084937,0.129801668749151,0.05382470067137122,0.16772396772871156
43.25,1.2,0.16767808721701746,0.163978890079308,0.1523102307952528,0.12977181351094585,0.05382123892783613,0.16767808721701746
43.266666666666666,1.2,0.1676322500471903,0.1639347263633158,0.1522711905465166,0.12974198474822685,0.05381778204986304,0.1676322500471903
43.28333333333333,1.2,0.1675864561560726,0.16389060410508122,0.15223218626315682,0.12971218242428234,0.05381433002832297,0.1675864561560726
43.3,1.2,0.16754070548062905,0.16384652324449372,0.1521932178937872,0.12968240650246862,0.0538108828541082,0.16754070548062905
43.31666666666667,1.2,0.167494997957946,0.1638024837215583,0.15215428538711928,0.12965265694621006,0.0538074405181321,0.167494997957946
43.333333333333336,1.2,0.16744933352523128,0.16375848547639543,0.15211538869196195,0.1296229337189986,0.053804003011329225,0.16744933352523128
43.35,1.2,0.16740371211981397,0.1637145284492406,0.1520765277572212,0.12959323678439377,0.053800570324655156,0.16740371211981397
43.36666666666667,1.2,0.16735813367914373,0.1636706125804441,0.15203770253190008,0.12956356610602246,0.05379714244908644,0.16735813367914373
43.38333333333333,1.2,0.16731259814079108,0.16362673781047085,0.15199891296509827,0.12953392164757888,0.05379371937562059,0.16731259814079108
43.4,1.2,0.16726710544244675,0.1635829040799,0.151960159006012,0.12950430337282426,0.053790301095275966,0.16726710544244675
43.416666666666664,1.2,0.16722165552192136,0.16353911132942467,0.1519214406039338,0.12947471124558685,0.05378688759909179,0.16722165552192136
43.43333333333333,1.2,0.16717624831714545,0.16349535949985178,0.15188275770825216,0.1294451452297616,0.053783478878128024,0.16717624831714545
43.45,1.2,0.16713088376616872,0.16345164853210165,0.15184411026845138,0.12941560528931018,0.053780074923465315,0.16713088376616872
43.46666666666667,1.2,0.1670855618071603,0.16340797836720783,0.15180549823411146,0.12938609138826063,0.05377667572620501,0.1670855618071603
43.483333333333334,1.2,0.16704028237840804,0.1633643489463168,0.15176692155490767,0.12935660349070738,0.053773281277468984,0.16704028237840804
43.5,1.2,0.1669950454183184,0.1633207602106877,0.15172838018061047,0.12932714156081102,0.053769891568399696,0.1669950454183184
43.516666666666666,1.2,0.1669498508654161,0.1632772121016921,0.15168987406108525,0.12929770556279827,0.05376650659016007,0.1669498508654161
43.53333333333333,1.2,0.16690469865834406,0.16323370456081357,0.15165140314629205,0.12926829546096158,0.053763126333933445,0.16690469865834406
43.55,1.2,0.1668595887358627,0.16319023752964765,0.15161296738628544,0.12923891121965908,0.05375975079092353,0.1668595887358627
43.56666666666667,1.2,0.16681452103685007,0.16314681094990152,0.15157456673121428,0.12920955280331475,0.05375637995235437,0.16681452103685007
43.583333333333336,1.2,0.16676949550030143,0.16310342476339368,0.1515362011313214,0.12918022017641767,0.053753013809470215,0.16676949550030143
43.6,1.2,0.16672451206532873,0.16306007891205357,0.15149787053694347,0.12915091330352246,0.053749652353535585,0.16672451206532873
43.61666666666667,1.2,0.16667957067116096,0.16301677333792164,0.1514595748985108,0.1291216321492486,0.053746295575835046,0.16667957067116096
43.63333333333333,1.2,0.16663467125714296,0.16297350798314875,0.15142131416654708,0.12909237667828077,0.05374294346767335,0.16663467125714296
43.65,1.2,0.16658981376273604,0.1629302827899961,0.1513830882916691,0.1290631468553684,0.053739596020375244,0.16658981376273604
43.666666666666664,1.2,0.16654499812751722,0.16288709770083493,0.1513448972245867,0.12903394264532558,0.053736253225285434,0.16654499812751722
43.68333333333333,1.2,0.16650022429117906,0.16284395265814627,0.15130674091610236,0.12900476401303096,0.05373291507376863,0.16650022429117906
43.7,1.2,0.16645549219352931,0.16280084760452068,0.1512686193171111,0.12897561092342757,0.0537295815572093,0.16645549219352931
43.71666666666667,1.2,0.16641080177449072,0.16275778248265785,0.15123053237860035,0.12894648334152278,0.05372625266701179,0.16641080177449072
43.733333333333334,1.2,0.16636615297410087,0.16271475723536666,0.15119248005164945,0.12891738123238783,0.05372292839460024,0.16636615297410087
43.75,1.2,0.16632154573251176,0.16267177180556458,0.1511544622874298,0.12888830456115807,0.05371960873141842,0.16632154573251176
43.766666666666666,1.2,0.16627697998998944,0.16262882613627772,0.15111647903720427,0.12885925329303266,0.053716293668929826,0.16627697998998944
43.78333333333333,1.2,0.16623245568691408,0.16258592017064025,0.15107853025232743,0.12883022739327435,0.05371298319861752,0.16623245568691408
43.8,1.2,0.16618797276377933,0.16254305385189446,0.15104061588424478,0.1288012268272095,0.053709677311984116,0.16618797276377933
43.81666666666667,1.2,0.1661435311611923,0.1625002271233903,0.1510027358844931,0.1287722515602277,0.05370637600055174,0.1661435311611923
43.833333333333336,1.2,0.16609913081987313,0.16245743992858527,0.15096489020469986,0.1287433015577819,0.053703079255861944,0.16609913081987313
43.85,1.2,0.16605477168065494,0.16241469221104404,0.1509270787965831,0.12871437678538808,0.05369978706947566,0.16605477168065494
43.86666666666667,1.2,0.16601045368448333,0.16237198391443824,0.15088930161195138,0.12868547720862517,0.05369649943297318,0.16601045368448333
43.88333333333333,1.2,0.1659661767724163,0.16232931498254627,0.15085155860270338,0.1286566027931349,0.05369321633795404,0.1659661767724163
43.9,1.2,0.1659219408856238,0.16228668535925295,0.1508138497208278,0.12862775350462163,0.05368993777603707,0.1659219408856238
43.916666666666664,1.2,0.1658777459653876,0.16224409498854941,0.15077617491840295,0.12859892930885225,0.05368666373886024,0.1658777459653876
43.93333333333333,1.2,0.16583359195310096,0.16220154381453267,0.15073853414759686,0.12857013017165608,0.05368339421808063,0.16583359195310096
43.95,1.2,0.16578947879026856,0.1621590317814055,0.15070092736066693,0.12854135605892453,0.05368012920537444,0.16578947879026856
43.96666666666667,1.2,0.16574540641850596,0.16211655883347623,0.15066335450995957,0.1285126069366112,0.05367686869243685,0.16574540641850596
43.983333333333334,1.2,0.1657013747795395,0.16207412491515827,0.15062581554791024,0.12848388277073175,0.05367361267098203,0.1657013747795395
44.0,1.2,0.16565738381520598,0.1620317299709702,0.1505883104270431,0.12845518352736346,0.05367036113274308,0.16565738381520598
44.016666666666666,1.2,0.16561343346745241,0.16198937394553523,0.15055083909997083,0.12842650917264536,0.053667114069471986,0.16561343346745241
44.03333333333333,1.2,0.1655695236783359,0.1619470567835811,0.15051340151939446,0.1283978596727781,0.053663871472939474,0.1655695236783359
44.05,1.2,0.16552565439002315,0.16190477842993983,0.15047599763810318,0.1283692349940235,0.053660633334935134,0.16552565439002315
44.06666666666667,1.2,0.16548182554479027,0.1618625388295474,0.15043862740897396,0.12834063510270485,0.05365739964726721,0.16548182554479027
44.083333333333336,1.2,0.16543803708502275,0.16182033792744366,0.1504012907849716,0.12831205996520648,0.05365417040176261,0.16543803708502275
44.1,1.2,0.16539428895321487,0.1617781756687719,0.15036398771914847,0.12828350954797368,0.0536509455902669,0.16539428895321487
44.11666666666667,1.2,0.16535058109196965,0.16173605199877875,0.1503267181646441,0.12825498381751263,0.05364772520464419,0.16535058109196965
44.13333333333333,1.2,0.1653069134439986,0.16169396686281384,0.1502894820746853,0.12822648274039017,0.053644509236777084,0.1653069134439986
44.15,1.2,0.1652632859521213,0.16165192020632968,0.15025227940258562,0.12819800628323377,0.05364129767856667,0.1652632859521213
44.166666666666664,1.2,0.16521969855926538,0.16160991197488134,0.15021511010174546,0.12816955441273128,0.053638090521932476,0.16521969855926538
44.18333333333333,1.2,0.1651761512084661,0.16156794211412617,0.15017797412565168,0.12814112709563086,0.05363488775881233,0.1651761512084661
44.2,1.2,0.1651326438428662,0.16152601056982363,0.15014087142787752,0.12811272429874088,0.053631689381162445,0.1651326438428662
44.21666666666667,1.2,0.16508917640571547,0.16148411728783518,0.15010380196208217,0.12808434598892965,0.05362849538095727,0.16508917640571547
44.233333333333334,1.2,0.16504574884037077,0.16144226221412367,0.15006676568201094,0.1280559921331254,0.05362530575018946,0.16504574884037077
44.25,1.2,0.16500236109029562,0.16140044529475348,0.15002976254149472,0.12802766269831622,0.05362212048086981,0.16500236109029562
44.266666666666666,1.2,0.16495901309905986,0.1613586664758901,0.14999279249445008,0.12799935765154963,0.05361893956502734,0.16495901309905986
44.28333333333333,1.2,0.16491570481033965,0.16131692570380002,0.14995585549487866,0.12797107695993284,0.05361576299470904,0.16491570481033965
44.3,1.2,0.16487243616791705,0.1612752229248503,0.1499189514968675,0.12794282059063233,0.05361259076197994,0.16487243616791705
44.31666666666667,1.2,0.1648292071156798,0.16123355808550854,0.14988208045458845,0.12791458851087376,0.05360942285892309,0.1648292071156798
44.333333333333336,1.2,0.16478601759762107,0.16119193113234248,0.14984524232229815,0.12788638068794195,0.053606259277639415,0.16478601759762107
44.35,1.2,0.16474286755783935,0.16115034201201994,0.14980843705433777,0.12785819708918061,0.05360310001024772,0.16474286755783935
44.36666666666667,1.2,0.1646997569405379,0.1611087906713084,0.1497716646051328,0.12783003768199241,0.053599945048884656,0.1646997569405379
44.38333333333333,1.2,0.16465668569002487,0.161067277057075,0.149734924929193,0.12780190243383865,0.05359679438570467,0.16465668569002487
44.4,1.2,0.16461365375071274,0.161025801116286,0.14969821798111205,0.1277737913122391,0.05359364801287991,0.16461365375071274
44.416666666666664,1.2,0.16457066106711837,0.16098436279600684,0.1496615437155673,0.12774570428477205,0.05359050592260024,0.16457066106711837
44.43333333333333,1.2,0.16452770758386254,0.1609429620434018,0.14962490208731996,0.1277176413190741,0.05358736810707314,0.16452770758386254
44.45,1.2,0.16448479324566972,0.16090159880573376,0.14958829305121432,0.12768960238283994,0.05358423455852366,0.16448479324566972
44.46666666666667,1.2,0.164441917997368,0.16086027303036393,0.14955171656217808,0.12766158744382253,0.05358110526919444,0.164441917997368
44.483333333333334,1.2,0.16439908178388862,0.16081898466475175,0.14951517257522196,0.12763359646983247,0.0535779802313456,0.16439908178388862
44.5,1.2,0.16435628455026602,0.1607777336564546,0.14947866104543941,0.1276056294287383,0.05357485943725468,0.16435628455026602
44.516666666666666,1.2,0.16431352624163728,0.1607365199531275,0.14944218192800657,0.12757768628846616,0.05357174287921666,0.16431352624163728
44.53333333333333,1.2,0.16427080680324213,0.1606953435025229,0.14940573517818206,0.1275497670169998,0.05356863054954389,0.16427080680324213
44.55,1.2,0.16422812618042254,0.16065420425249066,0.14936932075130677,0.12752187158238026,0.05356552244056599,0.16422812618042254
44.56666666666667,1.2,0.16418548431862268,0.1606131021509776,0.1493329386028036,0.12749399995270588,0.05356241854462985,0.16418548431862268
44.583333333333336,1.2,0.1641428811633884,0.1605720371460273,0.14929658868817738,0.12746615209613227,0.05355931885409961,0.1641428811633884
44.6,1.2,0.16410031666036734,0.16053100918578,0.14926027096301475,0.12743832798087176,0.05355622336135652,0.16410031666036734
44.61666666666667,1.2,0.16405779075530838,0.16049001821847225,0.14922398538298368,0.12741052757519394,0.05355313205879904,0.16405779075530838
44.63333333333333,1.2,0.16401530339406173,0.16044906419243685,0.14918773190383355,0.12738275084742495,0.053550044938842634,0.16401530339406173
44.65,1.2,0.16397285452257832,0.16040814705610237,0.14915151048139497,0.12735499776594764,0.05354696199391984,0.16397285452257832
44.666666666666664,1.2,0.16393044408690985,0.16036726675799312,0.14911532107157943,0.12732726829920127,0.05354388321648019,0.16393044408690985
44.68333333333333,1.2,0.16388807203320843,0.160326423246729,0.1490791636303792,0.12729956241568155,0.05354080859899012,0.16388807203320843
44.7,1.2,0.16384573830772642,0.16028561647102507,0.1490430381138672,0.12727188008394058,0.05353773813393302,0.16384573830772642
44.71666666666667,1.2,0.16380344285681617,0.1602448463796915,0.14900694447819682,0.12724422127258642,0.05353467181380909,0.16380344285681617
44.733333333333334,1.2,0.16376118562692976,0.16020411292163322,0.14897088267960149,0.12721658595028318,0.053531609631135346,0.16376118562692976
44.75,1.2,0.16371896656461893,0.16016341604584983,0.14893485267439485,0.12718897408575092,0.05352855157844559,0.16371896656461893
44.766666666666666,1.2,0.16367678561653443,0.16012275570143533,0.14889885441897038,0.12716138564776538,0.05352549764829034,0.16367678561653443
44.78333333333333,1.2,0.16363464272942638,0.16008213183757783,0.14886288786980126,0.12713382060515804,0.053522447833236765,0.16363464272942638
44.8,1.2,0.16359253785014363,0.1600415444035595,0.14882695298344015,0.12710627892681586,0.053519402125868684,0.16359253785014363
44.81666666666667,1.2,0.16355047092563357,0.16000099334875614,0.14879104971651907,0.12707876058168116,0.05351636051878649,0.16355047092563357
44.833333333333336,1.2,0.16350844190294217,0.15996047862263724,0.14875517802574914,0.12705126553875162,0.05351332300460715,0.16350844190294217
44.85,1.2,0.16346645072921343,0.15992000017476543,0.14871933786792052,0.12702379376707995,0.05351028957596409,0.16346645072921343
44.86666666666667,1.2,0.1634244973516893,0.1598795579547966,0.14868352919990213,0.12699634523577397,0.053507260225507204,0.1634244973516893
44.88333333333333,1.2,0.16338258171770942,0.15983915191247955,0.14864775197864152,0.1269689199139964,0.05350423494590281,0.16338258171770942
44.9,1.2,0.16334070377471105,0.15979878199765554,0.14861200616116466,0.12694151777096474,0.05350121372983359,0.16334070377471105
44.916666666666664,1.2,0.16329886347022865,0.15975844816025855,0.1485762917045758,0.12691413877595117,0.053498196569998525,0.16329886347022865
44.93333333333333,1.2,0.16325706075189367,0.15971815035031472,0.1485406085660573,0.12688678289828237,0.053495183459112916,0.16325706075189367
44.95,1.2,0.16321529556743447,0.1596778885179423,0.14850495670286934,0.12685945010733954,0.05349217438990828,0.16321529556743447
44.96666666666667,1.2,0.16317356786467604,0.15963766261335122,0.14846933607234997,0.12683214037255805,0.05348916935513232,0.16317356786467604
44.983333333333334,1.2,0.16313187759153974,0.15959747258684326,0.14843374663191466,0.1268048536634276,0.05348616834754892,0.16313187759153974
45.0,1.2,0.16309022469604295,0.15955731838881143,0.14839818833905638,0.12677758994949184,0.05348317135993806,0.16309022469604295
45.016666666666666,1.2,0.1630486091262992,0.15951719996974018,0.14836266115134522,0.12675034920034844,0.05348017838509577,0.1630486091262992
45.03333333333333,1.2,0.1630070308305176,0.15947711728020472,0.14832716502642834,0.12672313138564886,0.05347718941583413,0.1630070308305176
45.05,1.2,0.1629654897570029,0.15943707027087126,0.1482916999220298,0.1266959364750983,0.053474204444981174,0.1629654897570029
45.06666666666667,1.2,0.16292398585415505,0.15939705889249645,0.14825626579595036,0.1266687644384555,0.053471223465380906,0.16292398585415505
45.083333333333336,1.2,0.16288251907046902,0.1593570830959275,0.14822086260606723,0.1266416152455328,0.05346824646989322,0.16288251907046902
45.1,1.2,0.16284108935453484,0.15931714283210174,0.14818549031033398,0.12661448886619575,0.053465273451393854,0.16284108935453484
45.11666666666667,1.2,0.16279969665503702,0.15927723805204635,0.14815014886678043,0.12658738527036317,0.053462304402774365,0.16279969665503702
45.13333333333333,1.2,0.1627583409207545,0.15923736870687843,0.14811483823351232,0.12656030442800711,0.0534593393169421,0.1627583409207545
45.15,1.2,0.1627170221005605,0.15919753474780468,0.14807955836871123,0.12653324630915253,0.0534563781868201,0.1627170221005605
45.166666666666664,1.2,0.16267574014342223,0.15915773612612105,0.1480443092306345,0.12650621088387726,0.053453421005347106,0.16267574014342223
45.18333333333333,1.2,0.16263449499840063,0.15911797279321277,0.14800909077761487,0.12647919812231204,0.05345046776547755,0.16263449499840063
45.2,1.2,0.16259328661465028,0.15907824470055393,0.14797390296806046,0.12645220799464005,0.05344751846018142,0.16259328661465028
45.21666666666667,1.2,0.16255211494141905,0.1590385517997075,0.1479387457604545,0.12642524047109727,0.05344457308244432,0.16255211494141905
45.233333333333334,1.2,0.16251097992804803,0.15899889404232498,0.1479036191133552,0.12639829552197188,0.05344163162526731,0.16251097992804803
45.25,1.2,0.16246988152397118,0.15895927138014615,0.14786852298539568,0.12637137311760455,0.05343869408166697,0.16246988152397118
45.266666666666666,1.2,0.16242881967871525,0.15891968376499901,0.14783345733528364,0.12634447322838802,0.053435760444675344,0.16242881967871525
45.28333333333333,1.2,0.16238779434189943,0.15888013114879962,0.1477984221218013,0.1263175958247672,0.05343283070733985,0.16238779434189943
45.3,1.2,0.1623468054632353,0.15884061348355163,0.14776341730380518,0.12629074087723896,0.05342990486272328,0.1623468054632353
45.31666666666667,1.2,0.1623058529925265,0.15880113072134644,0.14772844284022596,0.12626390835635204,0.05342698290390376,0.1623058529925265
45.333333333333336,1.2,0.16226493687966856,0.15876168281436265,0.14769349869006831,0.12623709823270682,0.053424064823974673,0.16226493687966856
45.35,1.2,0.16222405707464868,0.1587222697148662,0.1476585848124108,0.1262103104769554,0.05342115061604465,0.16222405707464868
45.36666666666667,1.2,0.16218321352754547,0.15868289137520986,0.14762370116640555,0.12618354505980145,0.05341824027323754,0.16218321352754547
45.38333333333333,1.2,0.162142406188529,0.15864354774783326,0.14758884771127817,0.12615680195200002,0.05341533378869234,0.162142406188529
45.4,1.2,0.16210163500786023,0.15860423878526264,0.1475540244063277,0.12613008112435725,0.053412431155563184,0.16210163500786023
45.416666666666664,1.2,0.162060899935891,0.1585649644401106,0.14751923121092628,0.12610338254773085,0.053409532367019244,0.162060899935891
45.43333333333333,1.2,0.16202020092306388,0.15852572466507586,0.1474844680845191,0.12607670619302924,0.05340663741624481,0.16202020092306388
45.45,1.2,0.16197953791991174,0.15848651941294334,0.14744973498662417,0.126050052031212,0.0534037462964391,0.16197953791991174
45.46666666666667,1.2,0.16193891087705783,0.15844734863658358,0.14741503187683214,0.12602342003328953,0.053400859000816356,0.16193891087705783
45.483333333333334,1.2,0.1618983197452154,0.1584082122889528,0.1473803587148063,0.12599681017032288,0.05339797552260571,0.1618983197452154
45.5,1.2,0.16185776447518752,0.15836911032309264,0.14734571546028213,0.12597022241342393,0.053395095855051186,0.16185776447518752
45.516666666666666,1.2,0.16181724501786693,0.15833004269213002,0.14731110207306747,0.1259436567337548,0.053392219991411666,0.16181724501786693
45.53333333333333,1.2,0.16177676132423566,0.15829100934927687,0.14727651851304213,0.1259171131025283,0.05338934792496084,0.16177676132423566
45.55,1.2,0.16173631334536517,0.15825201024782998,0.14724196474015772,0.1258905914910073,0.053386479648987156,0.16173631334536517
45.56666666666667,1.2,0.16169590103241585,0.15821304534117075,0.14720744071443773,0.125864091870505,0.053383615156793816,0.16169590103241585
45.583333333333336,1.2,0.16165552433663685,0.1581741145827651,0.1471729463959771,0.1258376142123847,0.05338075444169868,0.16165552433663685
45.6,1.2,0.16161518320936608,0.1581352179261632,0.14713848174494218,0.12581115848805957,0.05337789749703432,0.16161518320936608
45.61666666666667,1.2,0.16157487760202982,0.15809635532499938,0.14710404672157057,0.1257847246689927,0.05337504431614786,0.16157487760202982
45.63333333333333,1.2,0.16153460746614248,0.15805752673299187,0.14706964128617098,0.12575831272669702,0.05337219489240104,0.16153460746614248
45.65,1.2,0.16149437275330683,0.15801873210394246,0.14703526539912304,0.1257319226327349,0.05336934921917013,0.16149437275330683
45.666666666666664,1.2,0.161454173415213,0.15797997139173664,0.14700091902087709,0.12570555435871844,0.05336650728984592,0.161454173415213
45.68333333333333,1.2,0.16141400940363917,0.1579412445503432,0.14696660211195423,0.12567920787630915,0.05336366909783363,0.16141400940363917
45.7,1.2,0.1613738806704507,0.15790255153381405,0.14693231463294582,0.12565288315721768,0.05336083463655295,0.1613738806704507
45.71666666666667,1.2,0.16133378716760036,0.15786389229628417,0.14689805654451366,0.12562658017320416,0.05335800389943792,0.16133378716760036
45.733333333333334,1.2,0.16129372884712784,0.15782526679197112,0.14686382780738966,0.12560029889607777,0.05335517687993696,0.16129372884712784
45.75,1.2,0.16125370566115985,0.1577866749751753,0.14682962838237576,0.12557403929769653,0.05335235357151279,0.16125370566115985
45.766666666666666,1.2,0.1612137175619095,0.1577481168002794,0.14679545823034362,0.12554780134996757,0.053349533967642436,0.1612137175619095
45.78333333333333,1.2,0.16117376450167664,0.15770959222174827,0.14676131731223474,0.12552158502484667,0.05334671806181713,0.16117376450167664
45.8,1.2,0.16113384643284723,0.157671101194129,0.14672720558906005,0.12549539029433837,0.053343905847542325,0.16113384643284723
45.81666666666667,1.2,0.16109396330789336,0.1576326436720504,0.1466931230218998,0.12546921713049583,0.05334109731833764,0.16109396330789336
45.833333333333336,1.2,0.161054115079373,0.15759421961022305,0.1466590695719036,0.12544306550542061,0.05333829246773682,0.161054115079373
45.85,1.2,0.16101430169992986,0.15755582896343895,0.14662504520029013,0.12541693539126264,0.05333549128928771,0.16101430169992986
45.86666666666667,1.2,0.1609745231222931,0.15751747168657146,0.14659104986834687,0.12539082676022023,0.05333269377655223,0.1609745231222931
45.88333333333333,1.2,0.16093477929927716,0.15747914773457508,0.14655708353743008,0.1253647395845398,0.053329899923106244,0.16093477929927716
45.9,1.2,0.16089507018378174,0.15744085706248523,0.14652314616896478,0.12533867383651578,0.05332710972253975,0.16089507018378174
45.916666666666664,1.2,0.16085539572879126,0.15740259962541825,0.14648923772444428,0.12531262948849065,0.05332432316845653,0.16085539572879126
45.93333333333333,1.2,0.16081575588737507,0.15736437537857087,0.1464553581654303,0.12528660651285473,0.0533215402544744,0.16081575588737507
45.95,1.2,0.16077615061268696,0.15732618427722042,0.14642150745355265,0.125260604882046,0.05331876097422497,0.16077615061268696
45.96666666666667,1.2,0.16073657985796522,0.15728802627672436,0.1463876855505093,0.12523462456855022,0.05331598532135375,0.16073657985796522
45.983333333333334,1.2,0.16069704357653217,0.15724990133252026,0.1463538924180659,0.12520866554490062,0.05331321328952001,0.16069704357653217
46.0,1.2,0.1606575417217942,0.15721180940012552,0.146320128018056,0.12518272778367795,0.05331044487239684,0.1606575417217942
46.016666666666666,1.2,0.16061807424724153,0.15717375043513737,0.14628639231238055,0.1251568112575102,0.05330768006367101,0.16061807424724153
46.03333333333333,1.2,0.16057864110644793,0.15713572439323248,0.146252685263008,0.12513091593907272,0.05330491885704301,0.16057864110644793
46.05,1.2,0.16053924225307062,0.15709773123016685,0.14621900683197409,0.12510504180108795,0.053302161246227026,0.16053924225307062
46.06666666666667,1.2,0.16049987764085002,0.15705977090177575,0.14618535698138158,0.12507918881632535,0.053299407224950836,0.16049987764085002
46.083333333333336,1.2,0.16046054722360975,0.15702184336397335,0.14615173567340037,0.12505335695760128,0.0532966567869558,0.16046054722360975
46.1,1.2,0.16042125095525617,0.15698394857275272,0.14611814287026703,0.12502754619777914,0.05329390992599686,0.16042125095525617
46.11666666666667,1.2,0.16038198878977847,0.1569460864841856,0.14608457853428494,0.12500175650976886,0.05329116663584248,0.16038198878977847
46.13333333333333,1.2,0.16034276068124814,0.15690825705442218,0.1460510426278239,0.12497598786652708,0.05328842691027459,0.16034276068124814
46.15,1.2,0.1603035665838192,0.15687046023969095,0.14601753511332022,0.12495024024105697,0.0532856907430886,0.1603035665838192
46.166666666666664,1.2,0.16026440645172774,0.15683269599629857,0.14598405595327638,0.12492451360640819,0.05328295812809335,0.16026440645172774
46.18333333333333,1.2,0.1602252802392918,0.15679496428062956,0.14595060511026098,0.1248988079356767,0.05328022905911101,0.1602252802392918
46.2,1.2,0.16018618790091116,0.1567572650491464,0.1459171825469086,0.12487312320200472,0.05327750352997716,0.16018618790091116
46.21666666666667,1.2,0.1601471293910674,0.15671959825838905,0.14588378822591952,0.1248474593785806,0.05327478153454066,0.1601471293910674
46.233333333333334,1.2,0.1601081046643231,0.1566819638649749,0.1458504221100599,0.12482181643863872,0.05327206306666366,0.1601081046643231
46.25,1.2,0.16006911367532253,0.15664436182559877,0.14581708416216124,0.12479619435545942,0.05326934812022156,0.16006911367532253
46.266666666666666,1.2,0.1600301563787908,0.1566067920970325,0.14578377434512058,0.12477059310236896,0.05326663668910297,0.1600301563787908
46.28333333333333,1.2,0.15999123272953392,0.1565692546361248,0.14575049262189996,0.12474501265273924,0.05326392876720969,0.15999123272953392
46.3,1.2,0.15995234268243863,0.15653174939980125,0.14571723895552677,0.12471945297998788,0.05326122434845662,0.15995234268243863
46.31666666666667,1.2,0.15991348619247217,0.15649427634506397,0.1456840133090933,0.12469391405757799,0.053258523426771856,0.15991348619247217
46.333333333333336,1.2,0.15987466321468213,0.15645683542899147,0.1456508156457565,0.12466839585901826,0.053255825996096504,0.15987466321468213
46.35,1.2,0.15983587370419622,0.15641942660873864,0.14561764592873822,0.12464289835786262,0.05325313205038475,0.15983587370419622
46.36666666666667,1.2,0.15979711761622215,0.15638204984153636,0.14558450412132462,0.1246174215277103,0.05325044158360376,0.15979711761622215
46.38333333333333,1.2,0.15975839490604765,0.1563447050846915,0.14555139018686647,0.12459196534220576,0.0532477545897337,0.15975839490604765
46.4,1.2,0.15971970552903977,0.15630739229558666,0.14551830408877864,0.12456652977503849,0.053245071062767685,0.15971970552903977
46.416666666666664,1.2,0.1596810494406452,0.15627011143168,0.14548524579054017,0.1245411147999429,0.053242390996711735,0.1596810494406452
46.43333333333333,1.2,0.15964242659638997,0.15623286245050516,0.14545221525569405,0.12451572039069836,0.05323971438558471,0.15964242659638997
46.45,1.2,0.15960383695187902,0.156195645309671,0.14541921244784717,0.12449034652112903,0.05323704122341843,0.15960383695187902
46.46666666666667,1.2,0.15956528046279647,0.15615845996686153,0.14538623733067002,0.1244649931651037,0.0532343715042574,0.15956528046279647
46.483333333333334,1.2,0.159526757084905,0.15612130637983568,0.14535328986789675,0.12443966029653583,0.053231705222158976,0.159526757084905
46.5,1.2,0.15948826677404596,0.15608418450642703,0.14532037002332482,0.12441434788938333,0.053229042371193226,0.15948826677404596
46.516666666666666,1.2,0.15944980948613915,0.15604709430454394,0.14528747776081513,0.12438905591764851,0.053226382945443,0.15944980948613915
46.53333333333333,1.2,0.15941138517718265,0.1560100357321691,0.1452546130442915,0.12436378435537801,0.05322372693900373,0.15941138517718265
46.55,1.2,0.15937299380325248,0.15597300874735948,0.14522177583774104,0.12433853317666277,0.05322107434598357,0.15937299380325248
46.56666666666667,1.2,0.1593346353205027,0.15593601330824625,0.14518896610521342,0.12431330235563767,0.05321842516050329,0.1593346353205027
46.583333333333336,1.2,0.15929630968516503,0.1558990493730344,0.14515618381082135,0.1242880918664818,0.05321577937669623,0.15929630968516503
46.6,1.2,0.15925801685354873,0.15586211690000285,0.14512342891873997,0.12426290168341812,0.053213136988708276,0.15925801685354873
46.61666666666667,1.2,0.1592197567820405,0.15582521584750406,0.1450907013932069,0.12423773178071343,0.05321049799069784,0.1592197567820405
46.63333333333333,1.2,0.15918152942710428,0.1557883461739639,0.1450580011985221,0.1242125821326783,0.053207862376835835,0.15918152942710428
46.65,1.2,0.15914333474528103,0.15575150783788172,0.14502532829904774,0.12418745271366695,0.05320523014130566,0.15914333474528103
46.666666666666664,1.2,0.1591051726931886,0.1557147007978299,0.14499268265920803,0.12416234349807714,0.05320260127830307,0.1591051726931886
46.68333333333333,1.2,0.15906704322752152,0.1556779250124538,0.1449600642434892,0.12413725446035015,0.05319997578203625,0.15906704322752152
46.7,1.2,0.15902894630505096,0.15564118044047173,0.14492747301643916,0.12411218557497067,0.05319735364672581,0.15902894630505096
46.71666666666667,1.2,0.15899088188262434,0.1556044670406745,0.1448949089426675,0.1240871368164666,0.053194734866604594,0.15899088188262434
46.733333333333334,1.2,0.15895284991716543,0.1555677847719255,0.14486237198684532,0.12406210815940913,0.0531921194359178,0.15895284991716543
46.75,1.2,0.15891485036567396,0.15553113359316054,0.14482986211370524,0.12403709957841247,0.05318950734892289,0.15891485036567396
46.766666666666666,1.2,0.1588768831852256,0.15549451346338755,0.14479737928804107,0.12401211104813394,0.053186898599889565,0.1588768831852256
46.78333333333333,1.2,0.1588389483329716,0.1554579243416865,0.1447649234747077,0.12398714254327373,0.05318429318309973,0.1588389483329716
46.8,1.2,0.15880104576613896,0.15542136618720934,0.14473249463862103,0.12396219403857488,0.053181691092847476,0.15880104576613896
46.81666666666667,1.2,0.15876317544202997,0.1553848389591796,0.14470009274475787,0.1239372655088232,0.05317909232343902,0.15876317544202997
46.833333333333336,1.2,0.15872533731802208,0.1553483426168925,0.14466771775815573,0.12391235692884714,0.053176496869192715,0.15872533731802208
46.85,1.2,0.1586875313515679,0.15531187711971456,0.14463536964391288,0.12388746827351768,0.05317390472443901,0.1586875313515679
46.86666666666667,1.2,0.15864975750019483,0.1552754424270837,0.14460304836718785,0.12386259951774839,0.053171315883520386,0.15864975750019483
46.88333333333333,1.2,0.15861201572150513,0.15523903849850879,0.14457075389319957,0.12383775063649513,0.05316873034079131,0.15861201572150513
46.9,1.2,0.15857430597317548,0.15520266529356974,0.14453848618722726,0.12381292160475607,0.05316614809061834,0.15857430597317548
46.916666666666664,1.2,0.1585366282129571,0.15516632277191733,0.1445062452146102,0.12378811239757168,0.05316356912737993,0.1585366282129571
46.93333333333333,1.2,0.15849898239867535,0.15513001089327286,0.14447403094074762,0.12376332299002438,0.05316099344546647,0.15849898239867535
46.95,1.2,0.15846136848822967,0.15509372961742812,0.1444418433310985,0.12373855335723882,0.05315842103928026,0.15846136848822967
46.96666666666667,1.2,0.1584237864395936,0.15505747890424526,0.14440968235118173,0.12371380347438152,0.053155851903235476,0.1584237864395936
46.983333333333334,1.2,0.15838623621081416,0.15502125871365674,0.14437754796657554,0.12368907331666078,0.05315328603175815,0.15838623621081416
47.0,1.2,0.15834871776001216,0.15498506900566483,0.14434544014291775,0.12366436285932678,0.053150723419286124,0.15834871776001216
47.016666666666666,1.2,0.15831123104538186,0.15494890974034187,0.14431335884590546,0.12363967207767132,0.05314816406026898,0.15831123104538186
47.03333333333333,1.2,0.15827377602519066,0.15491278087782978,0.14428130404129497,0.12361500094702782,0.05314560794916811,0.15827377602519066
47.05,1.2,0.1582363526577792,0.15487668237834018,0.1442492756949016,0.12359034944277122,0.053143055080456615,0.1582363526577792
47.06666666666667,1.2,0.15819896090156105,0.154840614202154,0.1442172737725997,0.12356571754031787,0.053140505448619244,0.15819896090156105
47.083333333333336,1.2,0.15816160071502255,0.15480457630962163,0.14418529824032233,0.12354110521512544,0.05313795904815248,0.15816160071502255
47.1,1.2,0.15812427205672266,0.15476856866116243,0.14415334906406135,0.12351651244269289,0.05313541587356442,0.15812427205672266
47.11666666666667,1.2,0.15808697488529302,0.15473259121726474,0.144121426209867,0.12349193919856029,0.05313287591937476,0.15808697488529302
47.13333333333333,1.2,0.1580497091594374,0.1546966439384858,0.1440895296438482,0.12346738545830879,0.05313033918011474,0.1580497091594374
47.15,1.2,0.1580124748379318,0.15466072678545154,0.14405765933217193,0.12344285119756063,0.05312780565032722,0.1580124748379318
47.166666666666664,1.2,0.1579752718796243,0.15462483971885638,0.1440258152410636,0.12341833639197879,0.05312527532456651,0.1579752718796243
47.18333333333333,1.2,0.15793810024343466,0.15458898269946314,0.14399399733680646,0.12339384101726722,0.053122748197398456,0.15793810024343466
47.2,1.2,0.15790095988835467,0.15455315568810282,0.1439622055857419,0.12336936504917054,0.053120224263400344,0.15790095988835467
47.21666666666667,1.2,0.15786385077344742,0.15451735864567467,0.14393043995426896,0.12334490846347397,0.05311770351716089,0.15786385077344742
47.233333333333334,1.2,0.15782677285784733,0.15448159153314572,0.14389870040884453,0.1233204712360034,0.053115185953280256,0.15782677285784733
47.25,1.2,0.1577897261007604,0.15444585431155083,0.14386698691598288,0.12329605334262511,0.053112671566369916,0.1577897261007604
47.266666666666666,1.2,0.15775271046146344,0.15441014694199262,0.1438352994422559,0.12327165475924584,0.05311016035105273,0.15775271046146344
47.28333333333333,1.2,0.1577157258993042,0.15437446938564114,0.14380363795429268,0.12324727546181262,0.05310765230196287,0.1577157258993042
47.3,1.2,0.15767877237370137,0.15433882160373374,0.14377200241877963,0.1232229154263127,0.053105147413745786,0.15767877237370137
47.31666666666667,1.2,0.1576418498441442,0.15430320355757507,0.14374039280246018,0.12319857462877344,0.053102645681058214,0.1576418498441442
47.333333333333336,1.2,0.15760495827019244,0.1542676152085369,0.14370880907213468,0.12317425304526235,0.0531001470985681,0.15760495827019244
47.35,1.2,0.15756809761147608,0.1542320565180578,0.14367725119466035,0.12314995065188683,0.05309765166095461,0.15756809761147608
47.36666666666667,1.2,0.15753126782769533,0.15419652744764326,0.1436457191369512,0.12312566742479425,0.053095159362908095,0.15753126782769533
47.38333333333333,1.2,0.1574944688786205,0.15416102795886524,0.14361421286597773,0.12310140334017171,0.05309267019913002,0.1574944688786205
47.4,1.2,0.15745770072409165,0.1541255580133624,0.14358273234876695,0.1230771583742461,0.053090184164333004,0.15745770072409165
47.416666666666664,1.2,0.15742096332401867,0.15409011757283964,0.14355127755240232,0.12305293250328395,0.05308770125324076,0.15742096332401867
47.43333333333333,1.2,0.157384256638381,0.154054706599068,0.14351984844402338,0.1230287257035913,0.05308522146058806,0.157384256638381
47.45,1.2,0.1573475806272275,0.15401932505388483,0.14348844499082591,0.12300453795151374,0.053082744781120725,0.1573475806272275
47.46666666666667,1.2,0.15731093525067624,0.1539839728991932,0.14345706716006162,0.12298036922343625,0.05308027120959555,0.15731093525067624
47.483333333333334,1.2,0.15727432046891446,0.15394865009696201,0.1434257149190382,0.12295621949578306,0.05307780074078035,0.15727432046891446
47.5,1.2,0.1572377362421985,0.15391335660922584,0.143394388235119,0.12293208874501776,0.053075333369453886,0.1572377362421985
47.516666666666666,1.2,0.15720118253085325,0.15387809239808484,0.14336308707572298,0.12290797694764297,0.05307286909040586,0.15720118253085325
47.53333333333333,1.2,0.15716465929527262,0.15384285742570442,0.1433318114083248,0.12288388408020044,0.05307040789843685,0.15716465929527262
47.55,1.2,0.15712816649591876,0.15380765165431529,0.14330056120045442,0.12285981011927097,0.05306794978835834,0.15712816649591876
47.56666666666667,1.2,0.15709170409332243,0.15377247504621316,0.14326933641969708,0.12283575504147415,0.053065494754992636,0.15709170409332243
47.583333333333336,1.2,0.15705527204808248,0.1537373275637588,0.1432381370336932,0.12281171882346847,0.05306304279317288,0.15705527204808248
47.6,1.2,0.15701887032086595,0.15370220916937774,0.14320696301013836,0.12278770144195122,0.053060593897742994,0.15701887032086595
47.61666666666667,1.2,0.15698249887240776,0.1536671198255602,0.1431758143167829,0.12276370287365829,0.05305814806355768,0.15698249887240776
47.63333333333333,1.2,0.15694615766351067,0.15363205949486092,0.14314469092143212,0.12273972309536416,0.05305570528548238,0.15694615766351067
47.65,1.2,0.15690984665504515,0.153597028139899,0.14311359279194608,0.12271576208388188,0.05305326555839325,0.15690984665504515
47.666666666666664,1.2,0.15687356580794906,0.15356202572335798,0.14308251989623924,0.1226918198160629,0.05305082887717711,0.15687356580794906
47.68333333333333,1.2,0.15683731508322782,0.15352705220798524,0.14305147220228076,0.12266789626879701,0.053048395236731494,0.15683731508322782
47.7,1.2,0.15680109444195378,0.15349210755659232,0.14302044967809402,0.1226439914190123,0.05304596463196448,0.15680109444195378
47.71666666666667,1.2,0.15676490384526667,0.1534571917320547,0.1429894522917567,0.12262010524367506,0.053043537057794854,0.15676490384526667
47.733333333333334,1.2,0.15672874325437305,0.15342230469731133,0.14295848001140066,0.12259623771978966,0.05304111250915192,0.15672874325437305
47.75,1.2,0.1566926126305463,0.15338744641536498,0.1429275328052117,0.12257238882439853,0.05303869098097557,0.1566926126305463
47.766666666666666,1.2,0.15665651193512636,0.1533526168492817,0.1428966106414296,0.12254855853458207,0.0530362724682162,0.15665651193512636
47.78333333333333,1.2,0.15662044112951976,0.1533178159621909,0.14286571348834792,0.12252474682745856,0.053033856965834715,0.15662044112951976
47.8,1.2,0.15658440017519942,0.15328304371728524,0.14283484131431387,0.12250095368018411,0.05303144446880251,0.15658440017519942
47.81666666666667,1.2,0.1565483890337044,0.1532483000778203,0.14280399408772831,0.12247717906995248,0.05302903497210143,0.1565483890337044
47.833333333333336,1.2,0.15651240766663999,0.15321358500711468,0.1427731717770454,0.12245342297399514,0.05302662847072371,0.15651240766663999
47.85,1.2,0.15647645603567728,0.15317889846854965,0.14274237435077283,0.12242968536958111,0.05302422495967205,0.15647645603567728
47.86666666666667,1.2,0.15644053410255324,0.15314424042556912,0.14271160177747144,0.12240596623401695,0.053021824433959454,0.15644053410255324
47.88333333333333,1.2,0.15640464182907052,0.15310961084167962,0.14268085402575517,0.12238226554464655,0.053019426888609306,0.15640464182907052
47.9,1.2,0.1563687791770973,0.15307500968045004,0.14265013106429097,0.12235858327885121,0.05301703231865535,0.1563687791770973
47.916666666666664,1.2,0.15633294610856707,0.1530404369055114,0.14261943286179884,0.1223349194140495,0.05301464071914156,0.15633294610856707
47.93333333333333,1.2,0.1562971425854787,0.1530058924805569,0.14258875938705134,0.12231127392769711,0.05301225208512221,0.1562971425854787
47.95,1.2,0.15626136856989606,0.15297137636934174,0.14255811060887388,0.1222876467972869,0.05300986641166184,0.15626136856989606
47.96666666666667,1.2,0.15622562402394796,0.15293688853568296,0.14252748649614433,0.12226403800034877,0.05300748369383518,0.15622562402394796
47.983333333333334,1.2,0.1561899089098282,0.1529024289434593,0.14249688701779312,0.12224044751444954,0.05300510392672717,0.1561899089098282
48.0,1.2,0.1561542231897953,0.15286799755661104,0.14246631214280292,0.12221687531719291,0.05300272710543292,0.1561542231897953
48.016666666666666,1.2,0.15611856682617198,0.15283359433914004,0.14243576184020873,0.12219332138621944,0.05300035322505769,0.15611856682617198
48.03333333333333,1.2,0.1560829397813458,0.15279921925510936,0.14240523607909764,0.12216978569920639,0.052997982280716845,0.1560829397813458
48.05,1.2,0.15604734201776838,0.1527648722686434,0.1423747348286088,0.12214626823386768,0.05299561426753588,0.15604734201776838
48.06666666666667,1.2,0.1560117734979556,0.1527305533439275,0.1423442580579331,0.12212276896795382,0.05299324918065032,0.1560117734979556
48.083333333333336,1.2,0.1559762341844873,0.15269626244520795,0.14231380573631353,0.12209928787925181,0.05299088701520575,0.1559762341844873
48.1,1.2,0.1559407240400072,0.15266199953679194,0.14228337783304457,0.12207582494558512,0.0529885277663578,0.1559407240400072
48.11666666666667,1.2,0.15590524302722278,0.15262776458304725,0.14225297431747227,0.12205238014481355,0.05298617142927207,0.15590524302722278
48.13333333333333,1.2,0.1558697911089051,0.1525935575484023,0.14222259515899432,0.12202895345483317,0.05298381799912414,0.1558697911089051
48.15,1.2,0.15583436824788877,0.15255937839734587,0.14219224032705963,0.12200554485357629,0.05298146747109953,0.15583436824788877
48.166666666666664,1.2,0.1557989744070716,0.1525252270944271,0.1421619097911685,0.12198215431901138,0.05297911984039372,0.1557989744070716
48.18333333333333,1.2,0.1557636095494148,0.15249110360425522,0.14213160352087223,0.1219587818291429,0.052976775102212034,0.1557636095494148
48.2,1.2,0.15572827363794242,0.15245700789149963,0.14210132148577334,0.12193542736201138,0.0529744332517697,0.15572827363794242
48.21666666666667,1.2,0.15569296663574173,0.15242293992088948,0.14207106365552521,0.1219120908956932,0.0529720942842918,0.15569296663574173
48.233333333333334,1.2,0.1556576885059625,0.15238889965721392,0.14204082999983203,0.12188877240830062,0.05296975819501326,0.1556576885059625
48.25,1.2,0.1556224392118175,0.15235488706532158,0.14201062048844887,0.12186547187798169,0.05296742497917874,0.1556224392118175
48.266666666666666,1.2,0.1555872187165818,0.1523209021101207,0.14198043509118122,0.1218421892829201,0.052965094632042756,0.1555872187165818
48.28333333333333,1.2,0.1555520269835929,0.15228694475657906,0.14195027377788527,0.12181892460133523,0.05296276714886954,0.1555520269835929
48.3,1.2,0.15551686397625072,0.15225301496972354,0.14192013651846758,0.12179567781148196,0.05296044252493307,0.15551686397625072
48.31666666666667,1.2,0.15548172965801724,0.15221911271464034,0.14189002328288494,0.12177244889165063,0.05295812075551702,0.15548172965801724
48.333333333333336,1.2,0.1554466239924164,0.1521852379564746,0.14185993404114444,0.12174923782016708,0.05295580183591474,0.1554466239924164
48.35,1.2,0.15541154694303413,0.15215139066043043,0.14182986876330328,0.12172604457539243,0.052953485761429255,0.15541154694303413
48.36666666666667,1.2,0.15537649847351814,0.15211757079177074,0.14179982741946862,0.12170286913572306,0.05295117252737321,0.15537649847351814
48.38333333333333,1.2,0.15534147854757763,0.15208377831581713,0.14176980997979752,0.12167971147959056,0.052948862129068894,0.15534147854757763
48.4,1.2,0.15530648712898346,0.1520500131979497,0.14173981641449684,0.12165657158546163,0.05294655456184815,0.15530648712898346
48.416666666666664,1.2,0.1552715241815677,0.15201627540360702,0.14170984669382317,0.12163344943183801,0.05294424982105241,0.1552715241815677
48.43333333333333,1.2,0.15523658966922374,0.151982564898286,0.14167990078808262,0.12161034499725645,0.05294194790203262,0.15523658966922374
48.45,1.2,0.15520168355590616,0.15194888164754158,0.14164997866763088,0.12158725826028859,0.052939648800149265,0.15520168355590616
48.46666666666667,1.2,0.15516680580563033,0.151915225616987,0.14162008030287293,0.1215641891995409,0.05293735251077236,0.15516680580563033
48.483333333333334,1.2,0.15513195638247268,0.15188159677229324,0.14159020566426306,0.12154113779365466,0.052935059029281306,0.15513195638247268
48.5,1.2,0.15509713525057023,0.15184799507918922,0.1415603547223048,0.12151810402130578,0.05293276835106505,0.15509713525057023
48.516666666666666,1.2,0.15506234237412064,0.1518144205034615,0.14153052744755065,0.12149508786120486,0.05293048047152187,0.15506234237412064
48.53333333333333,1.2,0.1550275777173821,0.15178087301095428,0.14150072381060214,0.12147208929209699,0.05292819538605954,0.1550275777173821
48.55,1.2,0.15499284124467302,0.1517473525675691,0.14147094378210973,0.12144910829276181,0.05292591309009515,0.15499284124467302
48.56666666666667,1.2,0.1549581329203722,0.151713859139265,0.14144118733277256,0.12142614484201336,0.05292363357905519,0.1549581329203722
48.583333333333336,1.2,0.1549234527089184,0.15168039269205813,0.1414114544333385,0.1214031989187,0.05292135684837545,0.1549234527089184
48.6,1.2,0.15488880057481036,0.15164695319202176,0.141381745054604,0.12138027050170443,0.052919082893501064,0.15488880057481036
48.61666666666667,1.2,0.15485417648260666,0.15161354060528615,0.14135205916741392,0.12135735956994345,0.05291681170988641,0.15485417648260666
48.63333333333333,1.2,0.1548195803969258,0.15158015489803844,0.14132239674266156,0.12133446610236812,0.052914543292995164,0.1548195803969258
48.65,1.2,0.1547850122824456,0.15154679603652255,0.14129275775128852,0.1213115900779635,0.05291227763830026,0.1547850122824456
48.666666666666664,1.2,0.15475047210390347,0.15151346398703885,0.14126314216428443,0.12128873147574869,0.052910014741283845,0.15475047210390347
48.68333333333333,1.2,0.15471595982609612,0.15148015871594445,0.14123354995268714,0.12126589027477667,0.05290775459743725,0.15471595982609612
48.7,1.2,0.1546814754138796,0.15144688018965272,0.14120398108758242,0.12124306645413435,0.052905497202261,0.1546814754138796
48.71666666666667,1.2,0.15464701883216891,0.1514136283746333,0.14117443554010392,0.12122025999294242,0.05290324255126476,0.15464701883216891
48.733333333333334,1.2,0.1546125900459381,0.1513804032374121,0.14114491328143308,0.12119747087035523,0.05290099063996735,0.1546125900459381
48.75,1.2,0.1545781890202201,0.1513472047445709,0.14111541428279903,0.12117469906556093,0.052898741463896705,0.1545781890202201
48.766666666666666,1.2,0.15454381572010653,0.15131403286274753,0.14108593851547843,0.12115194455778114,0.05289649501858979,0.15454381572010653
48.78333333333333,1.2,0.15450947011074762,0.15128088755863567,0.1410564859507955,0.12112920732627103,0.052894251299592715,0.15450947011074762
48.8,1.2,0.15447515215735194,0.15124776879898444,0.1410270565601218,0.12110648735031929,0.052892010302460594,0.15447515215735194
48.81666666666667,1.2,0.15444086182518676,0.15121467655059886,0.1409976503148761,0.12108378460924793,0.05288977202275757,0.15444086182518676
48.833333333333336,1.2,0.15440659907957732,0.1511816107803392,0.1409682671865246,0.12106109908241233,0.052887536456056754,0.15440659907957732
48.85,1.2,0.15437236388590705,0.1511485714551212,0.14093890714658036,0.12103843074920112,0.052885303597940324,0.15437236388590705
48.86666666666667,1.2,0.15433815620961744,0.1511155585419157,0.1409095701666035,0.12101577958903609,0.05288307344399935,0.15433815620961744
48.88333333333333,1.2,0.15430397601620774,0.15108257200774874,0.14088025621820113,0.1209931455813722,0.052880845989833836,0.15430397601620774
48.9,1.2,0.15426982327123512,0.1510496118197014,0.14085096527302712,0.12097052870569741,0.05287862123105271,0.15426982327123512
48.916666666666664,1.2,0.15423569794031425,0.15101667794490953,0.140821697302782,0.12094792894153276,0.05287639916327383,0.15423569794031425
48.93333333333333,1.2,0.15420159998911734,0.15098377035056387,0.14079245227921294,0.12092534626843214,0.052874179782123866,0.15420159998911734
48.95,1.2,0.15416752938337405,0.1509508890039098,0.1407632301741137,0.12090278066598231,0.05287196308323841,0.15416752938337405
48.96666666666667,1.2,0.1541334860888713,0.15091803387224723,0.14073403095932438,0.12088023211380286,0.0528697490622618,0.1541334860888713
48.983333333333334,1.2,0.15409947007145322,0.15088520492293048,0.14070485460673146,0.12085770059154607,0.05286753771484723,0.15409947007145322
49.0,1.2,0.1540654812970209,0.15085240212336826,0.1406757010882676,0.12083518607889693,0.05286532903665668,0.1540654812970209
49.016666666666666,1.2,0.15403151973153242,0.15081962544102334,0.14064657037591172,0.12081268855557295,0.05286312302336089,0.15403151973153242
49.03333333333333,1.2,0.15399758534100258,0.1507868748434129,0.14061746244168863,0.1207902080013242,0.052860919670639356,0.15399758534100258
49.05,1.2,0.153963678091503,0.15075415029810774,0.1405883772576692,0.12076774439593332,0.05285871897418026,0.153963678091503
49.06666666666667,1.2,0.15392979794916178,0.15072145177273283,0.14055931479597011,0.12074529771921517,0.05285652092968054,0.15392979794916178
49.083333333333336,1.2,0.1538959448801636,0.15068877923496676,0.14053027502875387,0.12072286795101714,0.05285432553284576,0.1538959448801636
49.1,1.2,0.15386211885074919,0.15065613265254174,0.14050125792822857,0.12070045507121872,0.05285213277939021,0.15386211885074919
49.11666666666667,1.2,0.15382831982721587,0.1506235119932437,0.14047226346664793,0.12067805905973174,0.05284994266503673,0.15382831982721587
49.13333333333333,1.2,0.1537945477759168,0.15059091722491183,0.1404432916163112,0.12065567989650006,0.05284775518551689,0.1537945477759168
49.15,1.2,0.15376080266326128,0.1505583483154387,0.14041434234956296,0.12063331756149973,0.05284557033657075,0.15376080266326128
49.166666666666664,1.2,0.15372708445571448,0.15052580523277015,0.1403854156387931,0.12061097203473875,0.052843388113947024,0.15372708445571448
49.18333333333333,1.2,0.15369339311979716,0.15049328794490507,0.14035651145643668,0.12058864329625713,0.05284120851340296,0.15369339311979716
49.2,1.2,0.1536597286220859,0.1504607964198954,0.14032762977497398,0.12056633132612668,0.05283903153070432,0.1536597286220859
49.21666666666667,1.2,0.1536260909292128,0.15042833062584587,0.14029877056693024,0.12054403610445108,0.052836857161625415,0.1536260909292128
49.233333333333334,1.2,0.15359248000786532,0.15039589053091404,0.14026993380487568,0.12052175761136583,0.05283468540194903,0.15359248000786532
49.25,1.2,0.1535588958247862,0.1503634761033102,0.1402411194614253,0.12049949582703805,0.05283251624746646,0.1535588958247862
49.266666666666666,1.2,0.15352533834677345,0.15033108731129713,0.14021232750923887,0.12047725073166651,0.0528303496939774,0.15352533834677345
49.28333333333333,1.2,0.15349180754068012,0.15029872412319006,0.14018355792102083,0.12045502230548158,0.05282818573729003,0.15349180754068012
49.3,1.2,0.15345830337341418,0.15026638650735666,0.14015481066952018,0.12043281052874513,0.052826024373220905,0.15345830337341418
49.31666666666667,1.2,0.15342482581193856,0.1502340744322167,0.14012608572753044,0.12041061538175044,0.05282386559759501,0.15342482581193856
49.333333333333336,1.2,0.1533913748232707,0.15020178786624222,0.14009738306788955,0.12038843684482226,0.05282170941234928,0.1533913748232707
49.35,1.2,0.153357950374483,0.1501695267779572,0.14006870266347954,0.12036627489831656,0.05281955579701552,0.153357950374483
49.36666666666667,1.2,0.15332455243270207,0.1501372911359376,0.14004004448722684,0.12034412952262069,0.052817404761115794,0.15332455243270207
49.38333333333333,1.2,0.15329118096510905,0.1501050809088111,0.1400114085121021,0.12032200069815306,0.052815256297382006,0.15329118096510905
49.4,1.2,0.15325783593893932,0.1500728960652572,0.13998279471111968,0.12029988840536333,0.05281311040145982,0.15325783593893932
49.416666666666664,1.2,0.15322451732148254,0.1500407365740069,0.1399542030573382,0.12027779262473219,0.05281096706916296,0.15322451732148254
49.43333333333333,1.2,0.15319122508008234,0.15000860240384278,0.13992563352385984,0.12025571333677135,0.05280882629635004,0.15319122508008234
49.45,1.2,0.15315795918213634,0.14997649352359874,0.13989708608383083,0.12023365052202345,0.05280668807890045,0.15315795918213634
49.46666666666667,1.2,0.15312471959509594,0.14994440990216001,0.1398685607104409,0.12021160416106205,0.052804552412707165,0.15312471959509594
49.483333333333334,1.2,0.1530915062864663,0.14991235150846305,0.1398400573769234,0.12018957423449156,0.05280241929367403,0.1530915062864663
49.5,1.2,0.15305831922380628,0.14988031831149523,0.13981157605655523,0.12016756072294713,0.05280028871771446,0.15305831922380628
49.516666666666666,1.2,0.15302515837472822,0.1498483102802951,0.13978311672265664,0.12014556360709457,0.0527981606807509,0.15302515837472822
49.53333333333333,1.2,0.1529920237068978,0.1498163273839519,0.13975467934859118,0.12012358286763039,0.0527960351787144,0.1529920237068978
49.55,1.2,0.15295891518803406,0.1497843695916058,0.13972626390776574,0.12010161848528175,0.05279391220754454,0.15295891518803406
49.56666666666667,1.2,0.1529258327859092,0.1497524368724475,0.13969787037363027,0.12007967044080622,0.05279179176318915,0.1529258327859092
49.583333333333336,1.2,0.15289277646834853,0.14972052919571827,0.13966949871967785,0.1200577387149919,0.052789673841604344,0.15289277646834853
49.6,1.2,0.15285974620323017,0.1496886465307099,0.1396411489194444,0.12003582328865729,0.0527875584387544,0.15285974620323017
49.61666666666667,1.2,0.15282674195848542,0.14965678884676448,0.13961282094650893,0.1200139241426512,0.05278544555061168,0.15282674195848542
49.63333333333333,1.2,0.15279376370209805,0.14962495611327445,0.13958451477449313,0.11999204125785279,0.0527833351731567,0.15279376370209805
49.65,1.2,0.15276081140210448,0.1495931482996823,0.13955623037706144,0.11997017461517137,0.05278122730237796,0.15276081140210448
49.666666666666664,1.2,0.15272788502659385,0.14956136537548045,0.13952796772792087,0.11994832419554649,0.05277912193427203,0.15272788502659385
49.68333333333333,1.2,0.15269498454370767,0.1495296073102116,0.13949972680082098,0.11992648997994779,0.05277701906484344,0.15269498454370767
49.7,1.2,0.1526621099216397,0.1494978740734679,0.13947150756955393,0.11990467194937493,0.05277491869010469,0.1526621099216397
49.71666666666667,1.2,0.1526292611286359,0.14946616563489157,0.13944331000795407,0.11988287008485754,0.05277282080607625,0.1526292611286359
49.733333333333334,1.2,0.15259643813299442,0.14943448196417425,0.13941513408989817,0.11986108436745524,0.05277072540878651,0.15259643813299442
49.75,1.2,0.1525636409030654,0.14940282303105726,0.13938697978930514,0.11983931477825754,0.05276863249427172,0.1525636409030654
49.766666666666666,1.2,0.15253086940725089,0.14937118880533126,0.13935884708013602,0.11981756129838365,0.052766542058576074,0.15253086940725089
49.78333333333333,1.2,0.15249812361400467,0.14933957925683633,0.13933073593639383,0.11979582390898263,0.05276445409775159,0.15249812361400467
49.8,1.2,0.1524654034918323,0.14930799435546172,0.13930264633212375,0.11977410259123322,0.05276236860785812,0.1524654034918323
49.81666666666667,1.2,0.15243270900929076,0.14927643407114582,0.13927457824141243,0.11975239732634377,0.05276028558496337,0.15243270900929076
49.833333333333336,1.2,0.15240004013498878,0.1492448983738761,0.1392465316383888,0.11973070809555222,0.05275820502514283,0.15240004013498878
49.85,1.2,0.15236739683758618,0.149213387233689,0.13921850649722303,0.11970903488012605,0.05275612692447977,0.15236739683758618
49.86666666666667,1.2,0.15233477908579415,0.14918190062066977,0.1391905027921272,0.11968737766136217,0.05275405127906521,0.15233477908579415
49.88333333333333,1.2,0.15230218684837513,0.1491504385049523,0.1391625204973548,0.11966573642058695,0.05275197808499794,0.15230218684837513
49.9,1.2,0.15226962009414255,0.14911900085671925,0.1391345595872008,0.11964411113915602,0.052749907338384486,0.15226962009414255
49.916666666666664,1.2,0.15223707879196077,0.14908758764620184,0.13910662003600155,0.11962250179845438,0.05274783903533909,0.15223707879196077
49.93333333333333,1.2,0.152204562910745,0.14905619884367965,0.1390787018181346,0.11960090837989625,0.05274577317198362,0.152204562910745
49.95,1.2,0.1521720724194613,0.1490248344194806,0.1390508049080188,0.11957933086492498,0.05274370974444766,0.1521720724194613
49.96666666666667,1.2,0.15213960728712628,0.14899349434398096,0.13902292928011412,0.11955776923501307,0.052741648748868476,0.15213960728712628
49.983333333333334,1.2,0.15210716748280717,0.14896217858760502,0.13899507490892143,0.11953622347166211,0.0527395901813909,0.15210716748280717
50.0,1.2,0.15207475297562154,0.14893088712082536,0.13896724176898273,0.11951469355640262,0.05273753403816743,0.15207475297562154
50.016666666666666,1.2,0.1520423637347373,0.14889961991416226,0.13893942983488072,0.11949317947079419,0.05273548031535816,0.1520423637347373
50.03333333333333,1.2,0.15200999972937282,0.14886837693818394,0.13891163908123902,0.11947168119642515,0.05273342900913077,0.15200999972937282
50.05,1.2,0.1519776609287964,0.14883715816350648,0.13888386948272197,0.11945019871491273,0.05273138011566045,0.1519776609287964
50.06666666666667,1.2,0.15194534730232634,0.14880596356079356,0.13885612101403433,0.11942873200790302,0.052729333631130006,0.15194534730232634
50.083333333333336,1.2,0.15191305881933098,0.1487747931007564,0.13882839364992172,0.11940728105707071,0.05272728955172974,0.15191305881933098
50.1,1.2,0.15188079544922853,0.14874364675415375,0.13880068736516998,0.11938584584411924,0.05272524787365745,0.15188079544922853
50.11666666666667,1.2,0.15184855716148682,0.1487125244917918,0.13877300213460542,0.11936442635078058,0.05272320859311844,0.15184855716148682
50.13333333333333,1.2,0.15181634392562338,0.14868142628452388,0.13874533793309465,0.11934302255881533,0.05272117170632549,0.15181634392562338
50.15,1.2,0.15178415571120524,0.14865035210325062,0.13871769473554454,0.11932163445001258,0.05271913720949885,0.15178415571120524
50.166666666666664,1.2,0.15175199248784893,0.1486193019189197,0.13869007251690202,0.11930026200618982,0.052717105098866165,0.15175199248784893
50.18333333333333,1.2,0.15171985422522027,0.1485882757025259,0.1386624712521542,0.11927890520919296,0.05271507537066256,0.15171985422522027
50.2,1.2,0.15168774089303427,0.14855727342511071,0.13863489091632802,0.11925756404089624,0.05271304802113052,0.15168774089303427
50.21666666666667,1.2,0.15165565246105514,0.1485262950577626,0.13860733148449045,0.11923623848320218,0.052711023046519916,0.15165565246105514
50.233333333333334,1.2,0.1516235888990961,0.1484953405716168,0.13857979293174835,0.1192149285180415,0.052709000443088024,0.1516235888990961
50.25,1.2,0.15159155017701928,0.14846440993785498,0.13855227523324806,0.1191936341273731,0.052706980207099456,0.15159155017701928
50.266666666666666,1.2,0.15155953626473564,0.14843350312770548,0.13852477836417582,0.11917235529318401,0.05270496233482614,0.15155953626473564
50.28333333333333,1.2,0.15152754713220504,0.14840262011244307,0.13849730229975743,0.11915109199748933,0.05270294682254735,0.15152754713220504
50.3,1.2,0.15149558274943575,0.14837176086338877,0.1384698470152581,0.11912984422233211,0.052700933666549626,0.15149558274943575
50.31666666666667,1.2,0.15146364308648477,0.14834092535191004,0.13844241248598266,0.11910861194978338,0.05269892286312685,0.15146364308648477
50.333333333333336,1.2,0.15143172811345737,0.14831011354942028,0.138414998687275,0.11908739516194208,0.0526969144085801,0.15143172811345737
50.35,1.2,0.1513998378005073,0.14827932542737915,0.13838760559451851,0.11906619384093499,0.05269490829921774,0.1513998378005073
50.36666666666667,1.2,0.15136797211783665,0.14824856095729216,0.13836023318313578,0.11904500796891664,0.05269290453135539,0.15136797211783665
50.38333333333333,1.2,0.15133613103569538,0.14821782011071077,0.1383328814285884,0.1190238375280693,0.05269090310131584,0.15133613103569538
50.4,1.2,0.1513043145243818,0.14818710285923217,0.1383055503063771,0.11900268250060297,0.05268890400542912,0.1513043145243818
50.416666666666664,1.2,0.1512725225542419,0.14815640917449935,0.1382782397920415,0.11898154286875526,0.05268690724003238,0.1512725225542419
50.43333333333333,1.2,0.15124075509566987,0.14812573902820078,0.13825094986116024,0.11896041861479129,0.05268491280147002,0.15124075509566987
50.45,1.2,0.15120901211910742,0.14809509239207058,0.13822368048935058,0.11893930972100376,0.05268292068609352,0.15120901211910742
50.46666666666667,1.2,0.15117729359504406,0.14806446923788819,0.1381964316522687,0.11891821616971285,0.05268093089026153,0.15117729359504406
50.483333333333334,1.2,0.15114559949401674,0.1480338695374785,0.13816920332560928,0.11889713794326608,0.0526789434103398,0.15114559949401674
50.5,1.2,0.15111392978661,0.1480032932627115,0.13814199548510575,0.11887607502403841,0.052676958242701175,0.15111392978661
50.516666666666666,1.2,0.1510822844434558,0.14797274038550245,0.13811480810652982,0.11885502739443202,0.052674975383725585,0.1510822844434558
50.53333333333333,1.2,0.15105066343523338,0.14794221087781173,0.1380876411656919,0.11883399503687647,0.05267299482980004,0.15105066343523338
50.55,1.2,0.15101906673266904,0.14791170471164455,0.13806049463844056,0.11881297793382838,0.05267101657731858,0.15101906673266904
50.56666666666667,1.2,0.15098749430653632,0.147881221859051,0.13803336850066267,0.1187919760677716,0.052669040622682295,0.15098749430653632
50.583333333333336,1.2,0.15095594612765584,0.1478507622921261,0.13800626272828342,0.11877098942121708,0.05266706696229928,0.15095594612765584
50.6,1.2,0.15092442216689492,0.1478203259830095,0.137979177297266,0.11875001797670279,0.05266509559258463,0.15092442216689492
50.61666666666667,1.2,0.15089292239516788,0.14778991290388555,0.13795211218361175,0.1187290617167937,0.05266312650996041,0.15089292239516788
50.63333333333333,1.2,0.15086144678343572,0.147759523026983,0.13792506736335988,0.11870812062408168,0.05266115971085571,0.15086144678343572
50.65,1.2,0.1508299953027061,0.14772915632457506,0.13789804281258755,0.11868719468118556,0.05265919519170652,0.1508299953027061
50.666666666666664,1.2,0.1507985679240331,0.14769881276897945,0.13787103850740984,0.11866628387075097,0.05265723294895575,0.1507985679240331
50.68333333333333,1.2,0.15076716461851744,0.14766849233255797,0.1378440544239794,0.11864538817545031,0.052655272979053286,0.15076716461851744
50.7,1.2,0.15073578535730603,0.14763819498771671,0.13781709053848673,0.11862450757798276,0.05265331527845587,0.15073578535730603
50.71666666666667,1.2,0.15070443011159218,0.14760792070690582,0.1377901468271599,0.11860364206107413,0.052651359843627156,0.15070443011159218
50.733333333333334,1.2,0.15067309885261532,0.14757766946261938,0.13776322326626442,0.11858279160747687,0.05264940667103766,0.15067309885261532
50.75,1.2,0.1506417915516609,0.14754744122739555,0.13773631983210335,0.11856195619997004,0.05264745575716475,0.1506417915516609
50.766666666666666,1.2,0.15061050818006047,0.14751723597381616,0.13770943650101708,0.1185411358213592,0.05264550709849266,0.15061050818006047
50.78333333333333,1.2,0.15057924870919143,0.14748705367450685,0.13768257324938338,0.11852033045447637,0.052643560691512416,0.15057924870919143
50.8,1.2,0.15054801311047694,0.14745689430213693,0.1376557300536172,0.11849954008218007,0.05264161653272187,0.15054801311047694
50.81666666666667,1.2,0.15051680135538598,0.14742675782941922,0.13762890689017065,0.11847876468735512,0.05263967461862565,0.15051680135538598
50.833333333333336,1.2,0.15048561341543307,0.14739664422911006,0.13760210373553294,0.11845800425291268,0.052637734945735176,0.15048561341543307
50.85,1.2,0.15045444926217827,0.14736655347400923,0.13757532056623037,0.11843725876179023,0.052635797510568606,0.15045444926217827
50.86666666666667,1.2,0.15042330886722713,0.1473364855369597,0.1375485573588261,0.11841652819695139,0.05263386230965089,0.15042330886722713
50.88333333333333,1.2,0.15039219220223063,0.14730644039084778,0.13752181408992015,0.11839581254138606,0.05263192933951365,0.15039219220223063
50.9,1.2,0.15036109923888474,0.14727641800860286,0.13749509073614946,0.11837511177811014,0.05262999859669526,0.15036109923888474
50.916666666666664,1.2,0.15033002994893094,0.1472464183631974,0.13746838727418756,0.11835442589016575,0.05262807007774079,0.15033002994893094
50.93333333333333,1.2,0.15029898430415556,0.1472164414276468,0.13744170368074474,0.11833375486062088,0.05262614377920198,0.15029898430415556
50.95,1.2,0.15026796227639,0.14718648717500937,0.13741503993256787,0.11831309867256959,0.052624219697637246,0.15026796227639
50.96666666666667,1.2,0.15023696383751062,0.1471565555783863,0.1373883960064402,0.11829245730913185,0.052622297829611656,0.15023696383751062
50.983333333333334,1.2,0.15020598895943846,0.1471266466109213,0.13736177187918167,0.11827183075345349,0.0526203781716969,0.15020598895943846
51.0,1.2,0.15017503761413947,0.14709676024580087,0.13733516752764838,0.11825121898870616,0.052618460720471334,0.15017503761413947
51.016666666666666,1.2,0.15014410977362416,0.14706689645625404,0.13730858292873283,0.11823062199808732,0.05261654547251984,0.15014410977362416
51.03333333333333,1.2,0.15011320540994755,0.14703705521555221,0.13728201805936363,0.11821003976482009,0.05261463242443398,0.15011320540994755
51.05,1.2,0.1500823244952091,0.1470072364970093,0.1372554728965058,0.11818947227215335,0.05261272157281184,0.1500823244952091
51.06666666666667,1.2,0.15005146700155278,0.1469774402739813,0.1372289474171603,0.11816891950336153,0.05261081291425808,0.15005146700155278
51.083333333333336,1.2,0.1500206329011668,0.14694766651986668,0.13720244159836392,0.1181483814417447,0.052608906445383914,0.1500206329011668
51.1,1.2,0.14998982216628343,0.14691791520810588,0.13717595541718974,0.11812785807062844,0.05260700216280706,0.14998982216628343
