time_h,C_r0,C_r0p5,C_r1,C_r1p5,C_r2,C_max
0.016666666666666666,2.55,2.55,2.55,2.5499999999222878,2.327113642749201,2.55
0.03333333333333333,2.55,2.55,2.55,2.5499982228459515,2.242116398511477,2.55
0.05,2.55,2.55,2.549999999999751,2.54993466379507,2.1798544796233155,2.55
0.06666666666666667,2.55,2.55,2.5499999998326235,2.549559485871156,2.1293011413461493,2.55
0.08333333333333333,2.55,2.55,2.549999990925401,2.548532418933366,2.086369706068342,2.55
0.1,2.55,2.5499999999999856,2.5499998630259526,2.546602456344009,2.0488874042797875,2.55
0.11666666666666667,2.55,2.5499999999986906,2.54999901332977,2.543650821711698,2.015473972590357,2.55
0.13333333333333333,2.55,2.5499999999690393,2.5499955464251043,2.5396614764826735,1.9852361077100011,2.55
0.15,2.55,2.5499999996288296,2.549985328023693,2.5346823059178973,1.957652204995172,2.55
0.16666666666666666,2.5499999999999674,2.5499999972363483,2.5499613154762555,2.5287924233840138,1.9323432369888107,2.5499999999999674
0.18333333333333332,2.5499999999993324,2.5499999854755204,2.5499133931523956,2.5220821140566727,1.9090020006173614,2.5499999999993324
0.2,2.54999999999318,2.5499999413007695,2.5498286788784092,2.514641336073913,1.8873308211942168,2.54999999999318
0.21666666666666667,2.5499999999500678,2.5499998063729294,2.5496921280177602,2.5065576456599725,1.8670989342649469,2.5499999999500678
0.23333333333333334,2.5499999997218703,2.549999455903709,2.5494872821662926,2.4979130046885905,1.8481324272354556,2.5499999997218703
0.25,2.5499999987566597,2.5499986559250187,2.549197014699176,2.4887839268574865,1.8302491971499983,2.5499999987566597
0.26666666666666666,2.549999995354039,2.5499970113282955,2.548804221706627,2.4792402326794942,1.8134168813794096,2.549999995354039
0.2833333333333333,2.5499999850287294,2.5499939087995784,2.548292361983,2.4693404817947986,1.7974989553859393,2.5499999850287294
0.3,2.54999995737264,2.5499884593634103,2.547645817397964,2.4591390139865688,1.7824938416170997,2.54999995737264
0.31666666666666665,2.5499998906786416,2.5499794449870263,2.5468502011452214,2.4486783893830784,1.7683158942501362,2.5499998906786416
0.3333333333333333,2.5499997435565964,2.549965272732785,2.545892385421653,2.437998015320808,1.75484515498477,2.5499997435565964
0.35,2.54999944284735,2.5499439381210816,2.5447606936688705,2.427135328580862,1.741977470554504,2.54999944284735
0.36666666666666664,2.5499988673228264,2.5499130003552875,2.543445003520382,2.416126066930331,1.729745212090246,2.5499988673228264
0.38333333333333336,2.5499978269487875,2.5498695704337564,2.541936757391028,2.4049957821091,1.7181410106679464,2.5499978269487875
0.4,2.5499960378254323,2.5498103102903658,2.5402286449761906,2.3937690054439544,1.7070041524738122,2.5499960378254323
0.4166666666666667,2.5499930931719463,2.5497314398171516,2.538314763303013,2.3824724839296794,1.696256359191723,2.5499930931719463
0.43333333333333335,2.5499884310289884,2.5496287574016434,2.5361907960527947,2.3711340899966893,1.6859319376728596,2.5499884310289884
0.45,2.5499812998455775,2.5494976749676113,2.5338539831646822,2.3597723649391815,1.676007942703728,2.5499812998455775
0.4666666666666667,2.5499707234078715,2.549333259378582,2.5313026480620477,2.348405947234834,1.6664450755686655,2.5499707234078715
0.48333333333333334,2.54995546623809,2.549130274877268,2.5285363369580467,2.337048233632596,1.6573334819064058,2.54995546623809
0.5,2.5499340008256794,2.548883232014025,2.525555284120191,2.3257039070137724,1.6486234715968533,2.5499340008256794
0.5166666666666667,2.549904477623045,2.548586420950604,2.522360057451979,2.3143811239798193,1.6402499953623766,2.549904477623045
0.5333333333333333,2.5498646975053028,2.548233943221947,2.5189519708637036,2.3030900702699943,1.6321129928233682,2.5498646975053028
0.55,2.5498120882431365,2.5478197600987906,2.5153333486064513,2.291849006734777,1.6241855373488157,2.5498120882431365
0.5666666666666667,2.549743687391958,2.5473377635337053,2.511507947644853,2.280669520462003,1.6165318576761245,2.549743687391958
0.5833333333333334,2.5496561348025804,2.546781851697412,2.507479955240415,2.269557199822582,1.6090961746099797,2.5496561348025804
0.6,2.5495456726608743,2.546145960570224,2.5032538782108533,2.258521465749148,1.6018572961695887,2.5495456726608743
0.6166666666666667,2.5494081499924586,2.5454241091970196,2.498834996190669,2.247568699329889,1.5948807656369286,2.5494081499924586
0.6333333333333333,2.5492390361041344,2.544610455986982,2.4942287372533505,2.236698536589694,1.5881081146433529,2.5492390361041344
0.65,2.5490334408184876,2.5436993079526378,2.4894403909688414,2.2259159339448678,1.5815305356418565,2.5490334408184876
0.6666666666666666,2.548786135504291,2.542685141646058,2.484475659629309,2.215220591886744,1.5751494341152383,2.548786135504291
0.6833333333333333,2.548491581251868,2.5415626318366167,2.4793400778925827,2.204616984724683,1.5689542319446272,2.548491581251868
0.7,2.5481439601258615,2.5403266673270064,2.474039601101609,2.194105281433022,1.5629338234217238,2.5481439601258615
0.7166666666666667,2.5477372125139244,2.5389723820692573,2.468579995583271,2.1836903029926162,1.5569952836748064,2.5477372125139244
0.7333333333333333,2.547265076744962,2.537495172322436,2.4629679103444246,2.1733810769077215,1.5512107605514267,2.547265076744962
0.75,2.546721139165776,2.5358907998025746,2.457210403716963,2.163173413420173,1.5455948246321563,2.546721139165776
0.7666666666666667,2.5460988989348285,2.534155367553783,2.4513133837875585,2.153067808872778,1.5400456926481503,2.5460988989348285
0.7833333333333333,2.545391806825042,2.53228525133173,2.4452834080015613,2.1430734150637116,1.5345571221491432,2.545391806825042
0.8,2.5445933073062275,2.530277232848543,2.4391281795955804,2.1331928402170695,1.5292057511678865,2.5445933073062275
0.8166666666666667,2.5436969199803885,2.5281285712890034,2.4328547337972113,2.123420144829632,1.5239451807780429,2.5436969199803885
0.8333333333333334,2.542696304389965,2.5258368772369506,2.426469391142568,2.113761011804579,1.518712870367768,2.542696304389965
0.85,2.5415852849412484,2.5234001360273126,2.4199795903640853,2.104216169724059,1.5135765386736744,2.5415852849412484
0.8666666666666667,2.5403579132557708,2.520816811783436,2.4133923505197856,2.0947834284888325,1.508580827172488,2.5403579132557708
0.8833333333333333,2.5390085321649423,2.5180857624064776,2.406713563615104,2.0854496393337776,1.5037381965456393,2.5390085321649423
0.9,2.5375317906485764,2.5152060352202126,2.3999472692124786,2.076213589285816,1.4989501026941752,2.5375317906485764
0.9166666666666666,2.5359225984769855,2.512176793797858,2.3930985282704853,2.0670776935918616,1.4942344430147012,2.5359225984769855
0.9333333333333333,2.5341761367889406,2.50899752921206,2.386172765420321,2.0580425290618285,1.4895418417710569,2.5341761367889406
0.95,2.5322879303303676,2.5056680887173175,2.3791756427841753,2.0491131811264247,1.4848854926267072,2.5322879303303676
0.9666666666666667,2.5302539020892367,2.5021887497587803,2.3721133609941862,2.0402891882795027,1.4802461553195438,2.5302539020892367
0.9833333333333333,2.5280704404438588,2.4985602319625944,2.364991812928251,2.031574207638243,1.4756204670404138,2.5280704404438588
1.0,2.5257344349488617,2.494783691200851,2.357817399089881,2.022965317950179,1.4710965206636242,2.5257344349488617
1.0166666666666666,2.5232433173146696,2.490860704639778,2.3505948005865283,2.0144497697085857,1.4666598092742544,2.5232433173146696
1.0333333333333334,2.520595035734713,2.486792904034176,2.34332699542999,2.006026780349724,1.462252803748336,2.520595035734713
1.05,2.517787918603668,2.4825819469258255,2.336018026527592,1.9976952910780055,1.4579204044880474,2.517787918603668
1.0666666666666667,2.514820660954933,2.4782297334343824,2.328671572101107,1.98945135775632,1.4536158670874124,2.514820660954933
1.0833333333333333,2.5116923636128976,2.4737383077874764,2.3212909861600446,1.981296627469182,1.4493177001114503,2.5116923636128976
1.1,2.5084025139045627,2.469109912744261,2.3138803906273844,1.9732325475118515,1.4450510239065082,2.5084025139045627
1.1166666666666667,2.5049510229189416,2.4643471218090545,2.306443909635899,1.965258061694602,1.4407791583244431,2.5049510229189416
1.1333333333333333,2.501338272983799,2.4594527854082724,2.2989855768523313,1.9573753412701418,1.4364818530192518,2.501338272983799
1.15,2.4975651167275323,2.454430066629622,2.291510093088312,1.9495849357116177,1.4322445262466597,2.4975651167275323
1.1666666666666667,2.493632911369321,2.4492825050570604,2.2840212683187024,1.9418767509065225,1.428048837840732,2.493632911369321
1.1833333333333333,2.489543507780164,2.444013666712922,2.276521119372309,1.9342488139103284,1.4238699985552696,2.489543507780164
1.2,2.485299072993458,2.4386270228413354,2.26901218061618,1.926696019750443,1.4197819522292097,2.485299072993458
1.2166666666666666,2.4809020169614664,2.43312605036419,2.2614956259835535,1.9192107183893443,1.4156848861622622,2.4809020169614664
1.2333333333333334,2.4763549319413536,2.4275139861494464,2.253972841595457,1.9118025123885203,1.4115258795303256,2.4763549319413536
1.25,2.4716605115405272,2.421794267776973,2.2464482068593816,1.904474751717991,1.4073993459588123,2.4716605115405272
1.2666666666666666,2.4668217866220314,2.415970917490857,2.238925028050849,1.8972195049279064,1.4033206400619544,2.4668217866220314
1.2833333333333334,2.461842251910861,2.410047998290903,2.2314045950923425,1.890031370437507,1.3992856717046174,2.461842251910861
1.3,2.4567256419103374,2.4040293213971937,2.223887567906054,1.8829034675019947,1.3952973649454818,2.4567256419103374
1.3166666666666667,2.451475735884576,2.3979184058807768,2.2163741673178925,1.8758360393742832,1.391328052980945,2.451475735884576
1.3333333333333333,2.4460962565034374,2.3917186133577957,2.20886548249665,1.8688273309530299,1.3873613522134842,2.4460962565034374
1.35,2.440590921786494,2.3854333114942694,2.201362528964139,1.861879687667871,1.3833620606970998,2.440590921786494
1.3666666666666667,2.434963505201619,2.3790659381247248,2.19386753834198,1.8549964611276097,1.379397629700055,2.434963505201619
1.3833333333333333,2.4292179362715536,2.372620231204534,2.1863824972137667,1.8481714168023247,1.3754203835896726,2.4292179362715536
1.4,2.42335838179044,2.36609991743889,2.178908692648984,1.84141177507311,1.3713738405341322,2.42335838179044
1.4166666666666667,2.4173891288784755,2.3595088903511647,2.1714498299532607,1.8347186106234146,1.3673398616790005,2.4173891288784755
1.4333333333333333,2.411314733308278,2.352851517866212,2.164008315658606,1.8280834797127996,1.3633822825260302,2.411314733308278
1.45,2.4051400695036675,2.3461320162565484,2.1565837360706355,1.8214928722066657,1.3594615741121179,2.4051400695036675
1.4666666666666666,2.3988699735232126,2.339353844218236,2.1491745189061136,1.8149498655793952,1.3554826790795902,2.3988699735232126
1.4833333333333334,2.3925088737756823,2.332520083015094,2.141782207596217,1.8084603031710478,1.351530042605076,2.3925088737756823
1.5,2.386060993660691,2.325634201056175,2.1344085672988817,1.8020184437616078,1.3475686851531312,2.386060993660691
1.5166666666666666,2.3795306726067653,2.3186996780839424,2.1270539839339655,1.7956253341365482,1.3436455796831839,2.3795306726067653
1.5333333333333334,2.3729222568499155,2.31171985801372,2.119719057674625,1.7892730318650205,1.339753673710558,2.3729222568499155
1.55,2.3662400302456525,2.304697825132015,2.1124029718598814,1.782963456215291,1.3358157900123406,2.3662400302456525
1.5666666666666667,2.359488061195675,2.2976364082774907,2.105106806101489,1.776699283993306,1.3318808574857035,2.359488061195675
1.5833333333333333,2.3526702853313246,2.2905386533408922,2.097831892707811,1.7704794286345986,1.3279664545692718,2.3526702853313246
1.6,2.3457906977060627,2.2834076734675497,2.090578579028242,1.7642977979461643,1.324070185315151,2.3457906977060627
1.6166666666666667,2.338853293510059,2.2762462937699564,2.083346570359053,1.7581575973155221,1.3201130680943474,2.338853293510059
1.6333333333333333,2.331861890494511,2.2690572406895138,2.076137587126947,1.752062965471934,1.3161607953846455,2.331861890494511
1.65,2.3248202738064863,2.2618436039694725,2.068953450654596,1.746008673432141,1.3122810907139109,2.3248202738064863
1.6666666666666667,2.317732388516794,2.254608445381657,2.0617929528544865,1.739979162839742,1.3084819927854614,2.317732388516794
1.6833333333333333,2.310602051918125,2.247353879669723,2.0546527306914184,1.7339757150370552,1.3046473185417329,2.310602051918125
1.7,2.3034324234006034,2.240081340031379,2.0475327208353495,1.7280074245168353,1.300744365732312,2.3034324234006034
1.7166666666666666,2.2962261889978732,2.2327926763802166,2.0404353102739643,1.7220804794307805,1.2968798884212485,2.2962261889978732
1.7333333333333334,2.288986163119948,2.2254903864213924,2.0333618151471717,1.7161833747794106,1.2930582520480816,2.288986163119948
1.75,2.281715461388496,2.218176697474874,2.026310572687094,1.710316370624482,1.2892128272849048,2.281715461388496
1.7666666666666666,2.2744170234009218,2.2108533387152933,2.0192820145858223,1.704483220260483,1.285321496697906,2.2744170234009218
1.7833333333333334,2.2670935489175412,2.2035222545570328,2.012277619103412,1.6986876551700116,1.2814043470662393,2.2670935489175412
1.8,2.2597477919108235,2.196185732615638,2.005299409921424,1.6929307013322155,1.2774550488692382,2.2597477919108235
1.8166666666666667,2.2523827251559716,2.188846339099314,1.9983490287537637,1.6872091574821273,1.2735854701872746,2.2523827251559716
1.8333333333333333,2.2450015218750585,2.1815066047038623,1.9914258422771027,1.6815088921695267,1.269732980100922,2.2450015218750585
1.85,2.237607262421679,2.1741682446572903,1.9845274779114794,1.6758353129336938,1.265826335204462,2.237607262421679
1.8666666666666667,2.230202464650789,2.16683258060668,1.9776553914976451,1.670194654615798,1.2619147366480539,2.230202464650789
1.8833333333333333,2.2227893975317286,2.1595014930909864,1.9708110933484007,1.6645827583769413,1.258038187104059,2.2227893975317286
1.9,2.2153705000788757,2.152176898799166,1.963993947277531,1.658994110008929,1.2541497206325554,2.2153705000788757
1.9166666666666667,2.207948164443523,2.1448602357114686,1.9572033621639409,1.6534322736333,1.2502979889069281,2.207948164443523
1.9333333333333333,2.20052450518594,2.137552858638715,1.9504392528393901,1.6478884326117045,1.2464917779024414,2.20052450518594
1.95,2.193101468764751,2.13025578981162,1.9436994275438617,1.6423634366540218,1.2426608626206164,2.193101468764751
1.9666666666666666,2.185680629139474,2.122969600893139,1.9369837022330119,1.6368619973510343,1.2388031115550222,2.185680629139474
1.9833333333333334,2.178263267278306,2.115695105299232,1.9302931670388448,1.6313885500772503,1.2349503213350472,2.178263267278306
2.0,2.1708507338770766,2.1084335126839573,1.92362893251462,1.6259397852086441,1.2310934241384845,2.1708507338770766
2.0166666666666666,2.1634446012160358,2.1011860710626684,1.9169907301856894,1.6205142697325434,1.227241256890792,2.1634446012160358
2.033333333333333,2.15604646429594,2.093953802971293,1.910378461653168,1.615112233124802,1.223349086044838,2.15604646429594
2.05,2.1486578043954276,2.086737691791713,1.9037930898325959,1.609739997534163,1.2194614079124264,2.1486578043954276
2.066666666666667,2.1412800953263322,2.079539087916535,1.8972362630510782,1.6043923608201358,1.2155675742850915,2.1412800953263322
2.0833333333333335,2.1339150191147604,2.072359401163328,1.8907078795127803,1.599069769711008,1.2116958231295454,2.1339150191147604
2.1,2.126564271127588,2.0651998356397927,1.8842079592262448,1.5937655171764966,1.207846827271722,2.126564271127588
2.1166666666666667,2.119229422472801,2.0580612765845947,1.8777351129826787,1.5884805659730816,1.2039610478824063,2.119229422472801
2.1333333333333333,2.1119117344363985,2.0509442947498338,1.8712896752712438,1.5832187821013903,1.2000763733866202,2.1119117344363985
2.15,2.1046122657516246,2.0438497052164797,1.8648724891506065,1.5779786695441624,1.1962345518258615,2.1046122657516246
2.1666666666666665,2.097332137407549,2.0367783903969117,1.8584827750705868,1.5727530063762956,1.1923832398050387,2.097332137407549
2.183333333333333,2.09007241508676,2.0297307438900996,1.8521191549190372,1.5675455976364865,1.1885709890411573,2.09007241508676
2.2,2.082833845306245,2.0227069918387066,1.8457811154715391,1.5623490431946312,1.1847888611771447,2.082833845306245
2.216666666666667,2.0756169729960865,2.015707088725051,1.8394667109434775,1.5571688169300142,1.1809547099890334,2.0756169729960865
2.2333333333333334,2.0684220368656154,2.0087308573188714,1.833177055622655,1.552011082282149,1.1771293264485858,2.0684220368656154
2.25,2.0612492587554727,2.001778718411622,1.8269131553681324,1.5468732555113198,1.1732967170263444,2.0612492587554727
2.2666666666666666,2.0540991546167837,1.994851204880034,1.8206754387291435,1.5417592854416502,1.1694937105965015,2.0540991546167837
2.283333333333333,2.046972393232785,1.9879489735346718,1.8144639993239629,1.5366573019365863,1.165721216548313,2.046972393232785
2.3,2.039869716053352,1.9810722260659408,1.8082765032612356,1.531571532479467,1.1619465747388074,2.039869716053352
2.316666666666667,2.032791512809385,1.974220790597791,1.8021132516131142,1.5265029963133903,1.1581337823770081,2.032791512809385
2.3333333333333335,2.025737973096118,1.9673947618900884,1.795975010658255,1.5214596171031376,1.1543158765464205,2.025737973096118
2.35,2.018709387962221,1.960594685323636,1.7898635191080077,1.5164358631900838,1.1505328791267029,2.018709387962221
2.3666666666666667,2.011706369594855,1.9538212119816847,1.7837777854998613,1.5114274886168264,1.1467834708322766,2.011706369594855
2.3833333333333333,2.004729544108117,1.9470744788755612,1.7777163222660548,1.5064301170683225,1.1430366878776559,2.004729544108117
2.4,1.9977792190384323,1.9403541879620734,1.7716779951220276,1.5014500563909583,1.1392710898408778,1.9977792190384323
2.4166666666666665,1.9908553666409308,1.9336601474767008,1.765664063249725,1.4964912417306147,1.135480507782739,1.9908553666409308
2.433333333333333,1.983958023814698,1.9269926886677182,1.7596757920783292,1.4915549881080061,1.131691534708095,1.983958023814698
2.45,1.9770875361969877,1.9203523988619926,1.7537139093528455,1.4866382623507846,1.1279135454831681,1.9770875361969877
2.466666666666667,1.9702444712509741,1.913739790314557,1.7477778002166973,1.4817368037666157,1.1241665639250693,1.9702444712509741
2.4833333333333334,1.9634293524045152,1.9071550032231497,1.7418666002508816,1.4768521648406616,1.1203808158049473,1.9634293524045152
2.5,1.9566424697590339,1.9005980764117647,1.7359810143674164,1.4719881247026683,1.1166483410236148,1.9566424697590339
2.5166666666666666,1.9498840629394085,1.894069348368467,1.7301207953170572,1.4671321370886017,1.113003350033672,1.9498840629394085
2.533333333333333,1.943154418932839,1.887568596174118,1.7242825895891079,1.4622845582282833,1.109296288167766,1.943154418932839
2.55,1.936453354584723,1.8810949649377484,1.7184666365613765,1.4574587878198662,1.1055548622625733,1.936453354584723
2.566666666666667,1.9297803997021539,1.8746483761725872,1.7126751375628593,1.4526518528869525,1.101826749497805,1.9297803997021539
2.5833333333333335,1.9231354911419993,1.8682291703785299,1.7069081896651301,1.4478654177466734,1.09812908685331,1.9231354911419993
2.6,1.9165188368748618,1.8618376356877127,1.7011659099284526,1.4430928637745088,1.0944323051448464,1.9165188368748618
2.6166666666666667,1.9099307076460512,1.8554738166157174,1.6954471659972734,1.4383369582791246,1.0907455386029075,1.9099307076460512
2.6333333333333333,1.9033711982338917,1.8491375922819522,1.6897520328418958,1.4335942967136672,1.0870989848619894,1.9033711982338917
2.65,1.8968403025547294,1.8428287933391232,1.684079268904148,1.4288635747496623,1.0834592809495218,1.8968403025547294
2.6666666666666665,1.8903378623504214,1.8365469699305432,1.6784282194187794,1.4241476521522116,1.0797862383946035,1.8903378623504214
2.683333333333333,1.8838635471461775,1.8302917772390315,1.6727999691522695,1.419454239098371,1.0761354286227918,1.8838635471461775
2.7,1.8774171379372857,1.8240634433310663,1.6671955153571276,1.4147743768989756,1.0724771883201922,1.8774171379372857
2.716666666666667,1.8709987373777814,1.8178620470607778,1.6616137574370247,1.410114917472753,1.0687815106737397,1.8709987373777814
2.7333333333333334,1.8646083897970551,1.8116876376544977,1.6560567177214838,1.4054783114475882,1.065125525621482,1.8646083897970551
2.75,1.8582462944672358,1.8055408019384722,1.6505246335313961,1.4008553614296027,1.061483580906149,1.8582462944672358
2.7666666666666666,1.8519128674649723,1.7994216977300805,1.6450158355407396,1.3962457864421292,1.057885740369744,1.8519128674649723
2.783333333333333,1.8456082637146687,1.7933300520607147,1.6395293756475902,1.3916455150804201,1.0543083297987237,1.8456082637146687
2.8,1.8393323293592616,1.7872653390672486,1.6340636916287266,1.3870568397772431,1.0507126376218106,1.8393323293592616
2.816666666666667,1.833084616767818,1.7812269247658814,1.6286193632295651,1.3824870696310434,1.0471336243096192,1.833084616767818
2.8333333333333335,1.8268646528548098,1.7752147059347418,1.6231971302270425,1.3779303503276314,1.0435508211189994,1.8268646528548098
2.85,1.8206722320438273,1.76922855503856,1.6177963993322972,1.373393218886457,1.039934196377482,1.8206722320438273
2.8666666666666667,1.8145071813906548,1.7632684418705535,1.6124185470137005,1.3688745565203218,1.0363449240081828,1.8145071813906548
2.8833333333333333,1.8083695099428483,1.7573346235023708,1.60706372577758,1.3643736082279854,1.032781905701398,1.8083695099428483
2.9,1.8022593776733526,1.751427254726907,1.601731266871215,1.3598832246019075,1.0292170201602697,1.8022593776733526
2.9166666666666665,1.796176877541808,1.7455460747725617,1.5964202247361998,1.3554125527881586,1.0255971789687093,1.796176877541808
2.933333333333333,1.7901218612685559,1.7396910248065853,1.5911328483967768,1.3509634630937066,1.022030847136842,1.7901218612685559
2.95,1.7840943950823405,1.733862630629866,1.5858693351145767,1.3465268811207767,1.0185320141848968,1.7840943950823405
2.966666666666667,1.7780947928013089,1.7280609472351989,1.5806270559170426,1.3420952316465407,1.0150816747120512,1.7780947928013089
2.9833333333333334,1.7721230149434894,1.7222851577011986,1.5754036254365333,1.3376726167948947,1.011607657725433,1.7721230149434894
3.0,1.7661784350137875,1.7165343042695342,1.5701991906797543,1.3332644239882425,1.0081238850090763,1.7661784350137875
3.0166666666666666,1.7602603813033362,1.7108079851341584,1.5650143571040742,1.328870529946426,1.0046592559164145,1.7602603813033362
3.033333333333333,1.7543682101897218,1.7051058073638599,1.5598488695859265,1.32449192439804,1.0011766147681251,1.7543682101897218
3.05,1.7485015240004511,1.6994275142973243,1.554703419261784,1.3201339163167074,0.9976755235634622,1.7485015240004511
3.066666666666667,1.7426600804809889,1.693773250919217,1.549579722465047,1.3157971334529561,0.9942129638813412,1.7426600804809889
3.0833333333333335,1.7368439804492397,1.6881434852276644,1.5444778924260973,1.3114740395933602,0.990766465400109,1.7368439804492397
3.1,1.7310535106151057,1.682538287916159,1.53939655491828,1.3071652661097861,0.9873106666159853,1.7310535106151057
3.1166666666666667,1.725288728744566,1.676957440155239,1.5343360835069721,1.302875734734304,0.9838070834632688,1.725288728744566
3.1333333333333333,1.719549569976277,1.6714010732619413,1.5292979311246784,1.2986065020500472,0.9803676752065885,1.719549569976277
3.15,1.7138361787468195,1.6658696110866673,1.524281937009028,1.2943488876657723,0.976948836116003,1.7138361787468195
3.1666666666666665,1.708148810037381,1.6603630150658344,1.5192866712036073,1.290105798575408,0.9735505248569105,1.708148810037381
3.183333333333333,1.7024874465219098,1.6548810307302957,1.5143117917489763,1.2858725871078176,0.9701490602023859,1.7024874465219098
3.2,1.6968518962416226,1.6494232670349815,1.5093565688801818,1.281657402308191,0.9667033523899904,1.6968518962416226
3.216666666666667,1.691241828860625,1.6439895698591842,1.5044228921103355,1.277461485179905,0.9633019555308118,1.691241828860625
3.2333333333333334,1.6856571546644668,1.6385802548434363,1.4995103322914165,1.2732757662901317,0.9599112869003245,1.6856571546644668
3.25,1.6800979550490438,1.6331951194357754,1.4946176046258808,1.2691072145017386,0.9564880711325544,1.6800979550490438
3.2666666666666666,1.674564074689505,1.6278339951058407,1.489746122182427,1.2649558970473882,0.9531236483346883,1.674564074689505
3.283333333333333,1.669055451669004,1.622497072643315,1.4848953882515703,1.2608144703276594,0.9498225284233324,1.669055451669004
3.3,1.6635721081956703,1.6171840726060323,1.4800633018328855,1.2566813711164184,0.9464865348034079,1.6635721081956703
3.316666666666667,1.658113742213354,1.6118942901891262,1.4752496942695486,1.2525663134229257,0.9431269366501933,1.658113742213354
3.3333333333333335,1.6526798508729803,1.6066275317720957,1.4704563460207627,1.248468182374554,0.9398079846858176,1.6526798508729803
3.35,1.647270243634167,1.6013839575783586,1.465682501628362,1.244379448655701,0.9365574989531398,1.647270243634167
3.3666666666666667,1.6418848566603323,1.5961631819255546,1.4609260590554003,1.2402993991998565,0.9332761958667787,1.6418848566603323
3.3833333333333333,1.6365232962404965,1.5909644445707112,1.4561868400709201,1.2362364624152669,0.9299463645871725,1.6365232962404965
3.4,1.631184988655718,1.5857874810324943,1.451466985733418,1.23219584329033,0.9266108041261375,1.631184988655718
3.4166666666666665,1.625869720126094,1.5806327382682115,1.4467682618673257,1.228176088810227,0.9233051173195189,1.625869720126094
3.433333333333333,1.6205777727970125,1.575500826201183,1.4420907572273487,1.22417189208304,0.9200083029731222,1.6205777727970125
3.45,1.6153095872192986,1.5703920013432797,1.4374336260047413,1.220181419711425,0.9167443357050421,1.6153095872192986
3.466666666666667,1.6100654105720635,1.5653061895668472,1.4327957208177593,1.2161997905257613,0.9134996553603137,1.6100654105720635
3.4833333333333334,1.6048451978985268,1.560242941721412,1.4281760831038377,1.2122327358475085,0.9102445008451346,1.6048451978985268
3.5,1.599648621743847,1.5552019277609601,1.4235752684097511,1.208277261790086,0.9070598231265296,1.599648621743847
3.5166666666666666,1.5944753919952759,1.5501829002115934,1.4189920664091198,1.2043310586015203,0.9038803771411689,1.5944753919952759
3.533333333333333,1.5893251560963955,1.5451852943155124,1.4144257434967766,1.200397831678919,0.9006565292183774,1.5893251560963955
3.55,1.5841974115595487,1.5402086769451173,1.4098771574026792,1.196481925196562,0.8974655059694286,1.5841974115595487
3.566666666666667,1.5790917846283743,1.535253033475668,1.4053465699876055,1.1925767437178085,0.8943222936363449,1.5790917846283743
3.5833333333333335,1.5740081128861076,1.5303181226943403,1.4008324630245506,1.1886825833526697,0.8912000688129154,1.5740081128861076
3.6,1.5689460837851055,1.5254034214018013,1.3963346462623338,1.1848023480149847,0.8880267009816002,1.5689460837851055
3.6166666666666667,1.5639052708327483,1.520508636789564,1.3918542503013112,1.180943060541683,0.8848315622942625,1.5639052708327483
3.6333333333333333,1.558885437517339,1.5156340409139342,1.387393156937353,1.1771023720329183,0.8817095344369694,1.558885437517339
3.65,1.553886763783219,1.5107800848060458,1.3829503307190323,1.1732700945851549,0.8786056761521923,1.553886763783219
3.6666666666666665,1.5489094618846873,1.5059464759178778,1.3785239745067754,1.1694518941700376,0.8754576099819547,1.5489094618846873
3.683333333333333,1.5439533321589178,1.5011328423257893,1.3741152076676433,1.165650415583592,0.872351855262598,1.5439533321589178
3.7,1.539018168216268,1.496339265134612,1.3697243672648147,1.161862151176759,0.8692667276064461,1.539018168216268
3.716666666666667,1.5341039392100948,1.4915657039194077,1.3653505350183144,1.1580841567194602,0.8662275291856822,1.5341039392100948
3.7333333333333334,1.5292105262614535,1.4868117846483715,1.3609924763959416,1.1543156179850982,0.8631678693084962,1.5292105262614535
3.75,1.5243375732522086,1.4820769550269262,1.3566502870372594,1.1505638091578252,0.8601190433549575,1.5243375732522086
3.7666666666666666,1.5194846507177056,1.4773610783888516,1.3523248561788659,1.146824729021613,0.8570618906588231,1.5194846507177056
3.783333333333333,1.5146515579787514,1.4726641017751332,1.3480162502338324,1.14310544748751,0.8539780081551648,1.5146515579787514
3.8,1.5098382046713565,1.4679862197940672,1.3437257847421842,1.1394004648078533,0.8509582948386885,1.5098382046713565
3.816666666666667,1.5050447353510852,1.4633276396483605,1.3394522390780548,1.1357075767621243,0.8479135746676091,1.5050447353510852
3.8333333333333335,1.5002712197672066,1.4586881673166716,1.3351957349883674,1.132032691503549,0.8448520219936022,1.5002712197672066
3.85,1.4955175967475247,1.4540679382746866,1.3309576133993546,1.1283744409390124,0.8418206047369574,1.4955175967475247
3.8666666666666667,1.4907840042718528,1.4494672799271937,1.3267374576881121,1.1247268724936093,0.8388593834934714,1.4907840042718528
3.8833333333333333,1.486070622731353,1.4448860700092192,1.322533261482293,1.1210849291162173,0.8359159499217114,1.486070622731353
3.9,1.481377284803791,1.440323606784097,1.318343670344126,1.1174536319086963,0.8329794843485647,1.481377284803791
3.9166666666666665,1.4767034411992142,1.4357792786728654,1.314168922007557,1.113832403554629,0.8300645555337923,1.4767034411992142
3.933333333333333,1.4720485433845736,1.4312526580891596,1.3100086595867986,1.1102239210487692,0.8271276586640444,1.4720485433845736
3.95,1.4674121138337852,1.4267434271771071,1.3058637187216227,1.1066322640075839,0.8242023149251836,1.4674121138337852
3.966666666666667,1.4627938570168157,1.422251653675325,1.3017347841236266,1.1030553114631312,0.8212457034606127,1.4627938570168157
3.9833333333333334,1.4581937353613106,1.4177774523415394,1.297622409539823,1.09949932942467,0.8182616302576342,1.4581937353613106
4.0,1.4536118552593928,1.4133212540954259,1.2935283190343996,1.0959609463309756,0.8153495945254001,1.4536118552593928
4.016666666666667,1.4490486114794079,1.4088835924922387,1.2894514367255425,1.0924320233386036,0.8124557614691853,1.4490486114794079
4.033333333333333,1.4445043471526013,1.4044643176718568,1.2853903547331278,1.0889146997850483,0.8095678669904508,1.4445043471526013
4.05,1.4399790094216316,1.4000631171469393,1.2813450258229482,1.0854095284942222,0.8066894244445806,1.4399790094216316
4.066666666666666,1.435472395676426,1.395679797130285,1.2773154346511832,1.0819168631032985,0.8038207267913497,1.435472395676426
4.083333333333333,1.430984312910863,1.3913142111705286,1.2733015395637954,1.0784369114710528,0.8009618717932463,1.430984312910863
4.1,1.4265145968004458,1.3869662359260588,1.2693032824951855,1.074969775173404,0.7981129031059963,1.4265145968004458
4.116666666666666,1.4220631060676416,1.3826357618395777,1.2653205974815638,1.071515494351663,0.7952738444722102,1.4220631060676416
4.133333333333334,1.417629715551398,1.3783226879072645,1.2613534160567454,1.0680740743941168,0.7924447091015842,1.417629715551398
4.15,1.413214311039657,1.3740269184866531,1.2574016697707,1.0646455009300544,0.7896255026607615,1.413214311039657
4.166666666666667,1.4088167857756484,1.3697483613622214,1.2534652910807211,1.0612297483203799,0.7868162247214979,1.4088167857756484
4.183333333333334,1.4044370381520548,1.3654869266092806,1.249544213513774,1.0578267845273197,0.7840168698471308,1.4044370381520548
4.2,1.4000749701917004,1.361242525949828,1.2456383715650343,1.0544365739265622,0.7812274285381633,1.4000749701917004
4.216666666666667,1.3957304865434257,1.3570150723984504,1.2417477005364934,1.0510590789298333,0.7784478880487611,1.3957304865434257
4.233333333333333,1.3914034938184665,1.3528044800714845,1.2378721363915763,1.0476942609131177,0.7756782330649215,1.3914034938184665
4.25,1.3870939001545521,1.3486106640838478,1.2340116156459953,1.0443420807387889,0.7729184462483613,1.3870939001545521
4.266666666666667,1.3828016149332327,1.3444335404906895,1.2301660752936396,1.0410024990413858,0.770168508661592,1.3828016149332327
4.283333333333333,1.3785265486000389,1.3402730262507265,1.2263354527598211,1.0376754763773692,0.7674284000944105,1.3785265486000389
4.3,1.3742686125528747,1.3361290391994491,1.2225196858736556,1.034360973298072,0.7646980993120265,1.3742686125528747
4.316666666666666,1.370027719074782,1.3320014980265418,1.2187187128528247,1.0310589503805199,0.7619775842427109,1.370027719074782
4.333333333333333,1.365803781294741,1.3278903222550726,1.2149324722957617,1.0277693682361901,0.7592668321196707,1.365803781294741
4.35,1.361596713165483,1.3237954322215426,1.211160903177899,1.0244921875091055,0.7565658195887573,1.361596713165483
4.366666666666666,1.3574064294510348,1.3197167490565778,1.207403944849818,1.0212273688695506,0.7538745227908749,1.3574064294510348
4.383333333333334,1.3532328457193203,1.3156541946662839,1.2036615370360118,1.0179748730067435,0.751192917425758,1.3532328457193203
4.4,1.3490758783369283,1.311607691714348,1.1999336198335353,1.0147346606220924,0.7485209788020456,1.3490758783369283
4.416666666666667,1.3449354444643487,1.307577163604936,1.1962201337101876,1.0115066924237424,0.7458586818772697,1.3449354444643487
4.433333333333334,1.3408114620507523,1.303562534466411,1.1925210195021037,1.008290929122599,0.7432060012903988,1.3408114620507523
4.45,1.3367038498278747,1.2995637291358326,1.1888362184107417,1.0050873314297757,0.740562911388848,1.3367038498278747
4.466666666666667,1.332612527302874,1.2955806731442006,1.1851656719993366,1.0018958600553018,0.7379293862513484,1.332612527302874
4.483333333333333,1.3285374147501692,1.291613292702368,1.1815093221889084,0.9987164757078787,0.7353053997076849,1.3285374147501692
4.5,1.3244784332023904,1.2876615146875579,1.1778671112539243,0.9955491390954941,0.7326909253560357,1.3244784332023904
4.516666666666667,1.3204355044405678,1.2837252666304133,1.1742389818177061,0.992393810926706,0.7300859365784453,1.3204355044405678
4.533333333333333,1.3164085509837322,1.2798044767025196,1.1706248768476686,0.9892504519124483,0.7274904065548293,1.3164085509837322
4.55,1.312397496078051,1.2758990737043432,1.1670247396504538,0.986119022768227,0.7249043082757963,1.312397496078051
4.566666666666666,1.3084022636856465,1.2720089870535387,1.1634385138670227,0.9829994842166059,0.7223276145545013,1.3084022636856465
4.583333333333333,1.304422778473193,1.2681341467735892,1.1598661434677449,0.9798917969898984,0.7197602980376961,1.304422778473193
4.6,1.300458965800386,1.2642744834827437,1.1563075727475243,0.9767959218330025,0.7172023312160946,1.300458965800386
4.616666666666666,1.2965107517083598,1.2604299283832314,1.152762746320986,0.9737118195063252,0.7146536864341486,1.2965107517083598
4.633333333333334,1.292578062908109,1.256600413250728,1.1492316091177428,0.9706394507887601,0.7121143358993082,1.292578062908109
4.65,1.2886608267689565,1.2527858704240618,1.145714106377757,0.9675787764806849,0.7095842516908215,1.2886608267689565
4.666666666666667,1.2847589713071152,1.2489862327951453,1.1422101836468046,0.9645297574069582,0.7070634057681199,1.2847589713071152
4.683333333333334,1.280872425174355,1.2452014337991253,1.1387197867720513,0.9614923544198941,0.7045517699788278,1.280872425174355
4.7,1.27700111764681,1.2414314074047392,1.135242861897739,0.9584665284022045,0.7020493160664271,1.27700111764681
4.716666666666667,1.2731449786139368,1.2376760881048772,1.1317793554609885,0.9554522402698948,0.6995560156775978,1.2731449786139368
4.733333333333333,1.2693039385676301,1.2339354109073393,1.1283292141877155,0.9524494509751107,0.697071840369264,1.2693039385676301
4.75,1.2654779285915196,1.2302093113257913,1.1248923850886603,0.949458121508922,0.6945967616153549,1.2654779285915196
4.766666666666667,1.261666880350435,1.2264977253709053,1.1214688154555283,0.9464782129040485,0.6921307508133077,1.261666880350435
4.783333333333333,1.2578707260800628,1.2228005895416927,1.1180584528572393,0.943509686237519,0.689673779290314,1.2578707260800628
4.8,1.2540893985767823,1.2191178408170196,1.1146612451362814,0.9405525026332608,0.6872258183093366,1.2540893985767823
4.816666666666666,1.2503228311876955,1.2154494166473038,1.11127714040517,0.9376066232646245,0.6847868390748949,1.2503228311876955
4.833333333333333,1.2465709578008433,1.2117952549463922,1.1079060870430038,0.9346720093568354,0.6823568127386398,1.2465709578008433
4.85,1.2428337128356115,1.2081552940836153,1.104548033692117,0.9317486221893778,0.6799357104047223,1.2428337128356115
4.866666666666666,1.2391110312333278,1.2045294728760145,1.1012029292548262,0.9288364230983088,0.6775235031349643,1.2391110312333278
4.883333333333334,1.2354028484480482,1.200917730580743,1.0978707228902642,0.925935373478503,0.6751201619538449,1.2354028484480482
4.9,1.231709100437528,1.1973200068876353,1.094551364011302,0.9230454347858281,0.6727256578533032,1.231709100437528
4.916666666666667,1.228029723654386,1.1937362419119415,1.0912448022815526,0.9201665685392537,0.6703399617973702,1.228029723654386
4.933333333333334,1.224364655037447,1.1901663761872279,1.0879509876124558,0.9172987363228926,0.667963044726633,1.224364655037447
4.95,1.2207138320032733,1.1866103506584378,1.08466987016044,0.914441899787976,0.665594877562541,1.2207138320032733
4.966666666666667,1.217077192437874,1.1830681066751105,1.0814014003241574,0.9115960206547652,0.663235431211556,1.217077192437874
4.983333333333333,1.2134546746885972,1.179539585984756,1.078145528741793,0.9087610607143981,0.660884676569156,1.2134546746885972
5.0,1.2098462175561957,1.1760247307263807,1.0749022062884388,0.905936981830675,0.658542584523695,1.2098462175561957
5.016666666666667,1.2062517602870702,1.172523483424167,1.07167138407354,0.903123745941782,0.6562091259601265,1.2062517602870702
5.033333333333333,1.2026712425656836,1.1690357869812962,1.0684530134383996,0.9003213150619562,0.6538842717635936,1.2026712425656836
5.05,1.1991046045071456,1.1655615846739162,1.0652470459537504,0.8975296512830906,0.6515679928228922,1.1991046045071456
5.066666666666666,1.1955517866499643,1.1621008201452527,1.0620534334173812,0.8947487167762834,0.6492602600338084,1.1955517866499643
5.083333333333333,1.192012729948961,1.1586534373998538,1.0588721278518263,0.891978473793331,0.6469610443023404,1.192012729948961
5.1,1.1884873757683474,1.1552193807979765,1.0557030815021051,0.8892188846681657,0.6446703165478027,1.1884873757683474
5.116666666666666,1.184975665874964,1.1517985950501004,1.0525462468335198,0.8864699118182418,0.64238804770582,1.184975665874964
5.133333333333334,1.1814775424316675,1.1483910252115725,1.0494015765295024,0.8837315177458682,0.6401142087312159,1.1814775424316675
5.15,1.17799294799088,1.1449966166773815,1.0462690234895136,0.8810036650394917,0.6378487706007943,1.17799294799088
5.166666666666667,1.1745218254882805,1.1416153151770518,1.043148540826988,0.878286316374929,0.6355917043160236,1.1745218254882805
5.183333333333334,1.1710641182366492,1.1382470667696616,1.0400400818673285,0.8755794345165533,0.6333429809056246,1.1710641182366492
5.2,1.1676197699198518,1.134891817838979,1.0369436001459444,0.8728829823184314,0.6311025714280624,1.1676197699198518
5.216666666666667,1.164188724586968,1.1315495150887132,1.0338590494063329,0.8701969227254165,0.6288704469739507,1.164188724586968
5.233333333333333,1.1607709266465576,1.1282201055378787,1.0307863835982052,0.8675212187741965,0.6266465786683674,1.1607709266465576
5.25,1.157366320861059,1.124903536516271,1.0277255568756514,0.8648558335942986,0.624430937673086,1.157366320861059
5.266666666666667,1.1539748523413271,1.121599755660048,1.024676523595346,0.8622007304090513,0.6222234951887261,1.1539748523413271
5.283333333333333,1.150596466541293,1.118308710907419,1.0216392383147914,0.8595558725365063,0.6200242224568242,1.150596466541293
5.3,1.147231109252755,1.1150303504944339,1.0186136557906007,0.8569212233903201,0.6178330907618287,1.147231109252755
5.316666666666666,1.143878726600294,1.1117646229508749,1.0155997309768117,0.854296746480596,0.6156500714330211,1.143878726600294
5.333333333333333,1.1405392650363062,1.108511477096243,1.0125974190232419,0.8516824054146898,0.6134751358463663,1.1405392650363062
5.35,1.1372126713361586,1.105270862035843,1.0096066752738726,0.849078163897977,0.6113082554262924,1.1372126713361586
5.366666666666666,1.1338988925934554,1.1020427271569582,1.006627455265269,0.8464839857345856,0.6091494016474062,1.1338988925934554
5.383333333333334,1.130597876215424,1.0988270221251182,1.003659714725028,0.8438998348280937,0.6069985460361413,1.130597876215424
5.4,1.1273095699184021,1.0956236968804536,1.0007034095702632,0.8413256751821927,0.6048556601723472,1.1273095699184021
5.416666666666667,1.1240339217234414,1.0924327016341366,0.9977584959061132,0.8387614709013187,0.6027207156908139,1.1240339217234414
5.433333333333334,1.1207708799520089,1.0892539868649065,0.9948249300242836,0.8362071861912512,0.6005936842827411,1.1207708799520089
5.45,1.1175203932217976,1.0860875033156758,0.991902668401614,0.8336627853596816,0.5984745376971505,1.1175203932217976
5.466666666666667,1.1142824104426292,1.0829332019902163,0.9889916676986747,0.8311282328167503,0.5963632477422427,1.1142824104426292
5.483333333333333,1.111056880812463,1.079791034149923,0.9860918847583884,0.8286034930755558,0.5942597862867003,1.111056880812463
5.5,1.107843753813491,1.0766609513106538,0.9832032766046779,0.8260885307526348,0.592164125260942,1.107843753813491
5.516666666666667,1.1046429792083332,1.0735429052396417,0.9803258004411395,0.8235833105684145,0.5900762366583256,1.1046429792083332
5.533333333333333,1.1014545070363193,1.0704368479524788,0.9774594136497394,0.8210877973476387,0.5879960925363034,1.1014545070363193
5.55,1.0982782876098582,1.067342731710173,0.9746040737895352,0.8186019560197677,0.5859236650175315,1.0982782876098582
5.566666666666666,1.095114271510896,1.064260509016267,0.9717597385954181,0.8161257516193521,0.5838589262909336,1.095114271510896
5.583333333333333,1.0919624095874543,1.061190132614028,0.9689263659768796,0.8136591492863832,0.5818018486127221,1.0919624095874543
5.6,1.0888226529502527,1.0581315554837027,0.9661039140167986,0.8112021142666195,0.5797524043073771,1.0888226529502527
5.616666666666666,1.0856949529694104,1.0550847308398295,0.9632923409702487,0.808754611911889,0.5777105657685843,1.0856949529694104
5.633333333333334,1.082579261271223,1.0520496121286174,0.9604916052633279,0.8063166076803708,0.5756763054601333,1.082579261271223
5.65,1.0794755297350165,1.049026153025381,0.9577016654920059,0.8038880671368533,0.5736495959167793,1.0794755297350165
5.666666666666667,1.0763837104900753,1.046014307432035,0.9549224804209924,0.8014689559529726,0.5716304097450664,1.0763837104900753
5.683333333333334,1.0733037559126395,1.0430140294746444,0.9521540089826224,0.7990592399074294,0.569618719624116,1.0733037559126395
5.7,1.0702356186229731,1.0400252735010294,0.9493962102757616,0.7966588848861869,0.5676144983063809,1.0702356186229731
5.716666666666667,1.0671792514825003,1.0370479940784234,0.9466490435647277,0.7942678568826491,0.5656177186183652,1.0671792514825003
5.733333333333333,1.0641346075910065,1.0340821459911846,0.9439124682782302,0.7918861219978208,0.5636283534613128,1.0641346075910065
5.75,1.0611016402839055,1.0311276842385562,0.9411864440083255,0.7895136464404486,0.5616463758118652,1.0611016402839055
5.766666666666667,1.0580803031295665,1.0281845640324758,0.9384709305093897,0.7871503965271454,0.5596717587226863,1.0580803031295665
5.783333333333333,1.0550705499267046,1.0252527407954335,0.9357658876971067,0.7847963386824977,0.5577044753230622,1.0550705499267046
5.8,1.0520723347018286,1.0223321701583776,0.9330712756474707,0.7824514394391553,0.5557444988194692,1.0520723347018286
5.816666666666666,1.0490856117067486,1.0194228079586627,0.9303870545958056,0.7801156654379076,0.5537918024961158,1.0490856117067486
5.833333333333333,1.0461103354161367,1.0165246102380445,0.9277131849357971,0.7777889834277412,0.5518463597154584,1.0461103354161367
5.85,1.0431464605251457,1.0136375332407157,0.9250496272185399,0.7754713602658854,0.5499081439186917,1.0431464605251457
5.866666666666666,1.0401939419470776,1.0107615334113857,0.9223963421515985,0.7731627629178408,0.5479771286262126,1.0401939419470776
5.883333333333334,1.0372527348111071,1.007896567393398,0.919753290598082,0.7708631584573967,0.5460532874380624,1.0372527348111071
5.9,1.034322794460053,1.00504259202689,0.9171204335757305,0.7685725140666311,0.5441365940343448,1.034322794460053
5.916666666666667,1.0314040764481998,1.0021995643469892,0.9144977322560157,0.7662907970359014,0.5422270221756212,1.0314040764481998
5.933333333333334,1.0284965365391665,0.9993674415820483,0.9118851479632537,0.7640179747638194,0.5403245457032845,1.0284965365391665
5.95,1.0256001307038218,0.9965461811519154,0.9092826421737287,0.7617540147572162,0.5384291385399125,1.0256001307038218
5.966666666666667,1.022714815118245,0.9937357406662404,0.9066901765148299,0.7594988846310926,0.5365407746896002,1.022714815118245
5.983333333333333,1.01984054616173,0.9909360779228155,0.9041077127641988,0.7572525521085613,0.5346594282382736,1.01984054616173
6.0,1.0169772804148323,0.9881471509059493,0.9015352128488889,0.7550149850207744,0.5327850733539833,1.0169772804148323
6.016666666666667,1.0141249746574585,0.9853689177848737,0.8989726388445347,0.7527861513068425,0.53091768428718,1.0141249746574585
6.033333333333333,1.0112835858669944,0.9826013369121822,0.8964199529745323,0.7505660190137421,0.529057235370974,1.0112835858669944
6.05,1.0084530712164737,0.9798443668222996,0.8938771176092303,0.7483545562962137,0.527203701021375,1.0084530712164737
6.066666666666666,1.0056333880727855,0.9770979662299808,0.8913440952651307,0.7461517314166497,0.5253570557375163,1.0056333880727855
6.083333333333333,1.002824493994918,0.9743620940288398,0.8888208486040992,0.743957512744972,0.5235172741018644,1.002824493994918
6.1,1.0000263467322386,0.9716367092899068,0.8863073404325861,0.7417718687585021,0.5216843307804111,1.0000263467322386
6.116666666666666,0.9972389042228087,0.9689217712602127,0.8838035337008547,0.7395947680418213,0.5198582005228513,0.9972389042228087
6.133333333333334,0.9944621245917358,0.966217239361401,0.8813093915022215,0.7374261792866225,0.5180388581627471,0.9944621245917358
6.15,0.9916959661495541,0.9635230731883654,0.8788248770723026,0.7352660712915532,0.5162262786176771,0.9916959661495541
6.166666666666667,0.9889403873906428,0.9608392325079134,0.8763499537882702,0.7331144129620522,0.5144204368893722,0.9889403873906428
6.183333333333334,0.9861953469916717,0.9581656772574543,0.8738845851681181,0.7309711733101762,0.5126213080638383,0.9861953469916717
6.2,0.9834608038100795,0.955502367543712,0.8714287348699337,0.7288363214544215,0.5108288673114673,0.9834608038100795
6.216666666666667,0.9807367168825827,0.9528492636414602,0.8689823666911802,0.7267098266195358,0.509043089887135,0.9807367168825827
6.233333333333333,0.9780230454237128,0.9502063259922817,0.8665454445679842,0.7245916581363254,0.5072639511302867,0.9780230454237128
6.25,0.9753197488243804,0.9475735152033494,0.8641179325744338,0.7224817854414547,0.5054914264650132,0.9753197488243804
6.266666666666667,0.9726267866504703,0.9449507920462286,0.8616997949218816,0.7203801780772388,0.5037254914001142,0.9726267866504703
6.283333333333333,0.9699441186414592,0.9423381174557011,0.8592909959582571,0.7182868056914308,0.5019661215291518,0.9699441186414592
6.3,0.9672717047090642,0.9397354525286097,0.8568915001673849,0.7162016380370022,0.5002132925304928,0.9672717047090642
6.316666666666666,0.9646095049359122,0.9371427585227221,0.8545012721683107,0.7141246449719181,0.49846698016734364,0.9646095049359122
6.333333333333333,0.9619574795742373,0.9345599968556153,0.8521202767146341,0.7120557964589067,0.4967271602877722,0.9619574795742373
6.35,0.9593155890446002,0.931987129103578,0.8497484786938467,0.7099950625652233,0.4949938088247228,0.9593155890446002
6.366666666666666,0.9566837939346331,0.929424117000532,0.8473858431266797,0.7079424134624087,0.49326690179602234,0.9566837939346331
6.383333333333334,0.9540620549978046,0.9268709224369716,0.8450323351664549,0.7058978194260436,0.49154641530437587,0.9540620549978046
6.4,0.9514503331522102,0.9243275074589197,0.8426879200984435,0.7038612508354969,0.48983232553735606,0.9514503331522102
6.416666666666667,0.9488485894793808,0.9217938342669023,0.8403525633392308,0.7018326781736709,0.4881246087673834,0.9488485894793808
6.433333333333334,0.9462567852231155,0.9192698652149391,0.838026230436087,0.6998120720267402,0.48642324135169895,0.9462567852231155
6.45,0.9436748817883327,0.916755562809549,0.8357088870663434,0.6977994030838878,0.48472819973232967,0.9436748817883327
6.466666666666667,0.9411028407399421,0.9142508897087729,0.8334004990367745,0.6957946421370366,0.48303946043604634,0.9411028407399421
6.483333333333333,0.9385406238017351,0.9117558087212121,0.8311010322829864,0.6937977600805765,0.48135700007431514,0.9385406238017351
6.5,0.9359881928552962,0.9092702828050799,0.82881045286881,0.6918087279110885,0.4796807953432417,0.9359881928552962
6.516666666666667,0.9334455099389309,0.9067942750672695,0.8265287269856997,0.689827516727064,0.478010823023509,0.9334455099389309
6.533333333333333,0.930912537246611,0.9043277487624348,0.8242558209521369,0.6878540977286218,0.4763470599803098,0.930912537246611
6.55,0.9283892371269405,0.9018706672920862,0.8219917012130402,0.6858884422172208,0.47468948316327136,0.9283892371269405
6.566666666666666,0.9258755720821346,0.8994229942036984,0.819736334339179,0.6839305215953702,0.47303806960637634,0.9258755720821346
6.583333333333333,0.923371504767018,0.8969846931898339,0.8174896870265933,0.6819803073663357,0.4713927964278765,0.923371504767018
6.6,0.9208769979880382,0.8945557280872755,0.815251726096017,0.6800377711338438,0.4697536408302024,0.9208769979880382
6.616666666666666,0.9183920147022953,0.8921360628761749,0.8130224184923078,0.6781028846017818,0.4681205800998659,0.9183920147022953
6.633333333333334,0.9159165180165849,0.8897256616792116,0.8108017312838802,0.6761756195738968,0.46649359160736065,0.9159165180165849
6.65,0.9134504711864597,0.8873244887607641,0.8085896316621437,0.6742559479534909,0.4648726528070551,0.9134504711864597
6.666666666666667,0.9109938376153015,0.8849325085260923,0.8063860869409456,0.6723438417431135,0.46325774123708185,0.9109938376153015
6.683333333333334,0.908546580853411,0.8825496855205319,0.8041910645560182,0.6704392730442534,0.46164883451922323,0.908546580853411
6.7,0.906108664597108,0.8801759844286994,0.80200453206443,0.6685422140570256,0.46004591035879117,0.906108664597108
6.716666666666667,0.9036800526878486,0.8778113700737074,0.7998264571440421,0.6666526370798584,0.45844894654450447,0.9036800526878486
6.733333333333333,0.9012607091113518,0.8754558074163914,0.7976568075929673,0.6647705145091773,0.45685792094836075,0.9012607091113518
6.75,0.8988505979967422,0.8731092615545457,0.795495551329034,0.6628958188390865,0.45527281152550575,0.8988505979967422
6.766666666666667,0.8964496836157032,0.8707716977221704,0.7933426563892556,0.6610285226610502,0.45369359631409806,0.8964496836157032
6.783333333333333,0.8940579303816424,0.868443081288727,0.7911980909293008,0.6591685986635696,0.4521202534351705,0.8940579303816424
6.8,0.8916753028488695,0.8661233777584042,0.7890618232229709,0.6573160196318615,0.45055276109248926,0.8916753028488695
6.816666666666666,0.8893017657117858,0.8638125527693927,0.7869338216616786,0.6554707584475312,0.44899109757240724,0.8893017657117858
6.833333333333333,0.8869372838040848,0.8615105720931695,0.7848140547539322,0.6536327880882483,0.4474352412437177,0.8869372838040848
6.85,0.8845818220979624,0.8592174016337899,0.7827024911248218,0.651802081627417,0.44588517055750154,0.8845818220979624
6.866666666666666,0.8822353457033407,0.8569330074271897,0.7805990995155119,0.6499786122338482,0.44434086404697387,0.8822353457033407
6.883333333333334,0.8798978198670994,0.8546573556404948,0.778503848782734,0.6481623531714282,0.44280230032732754,0.8798978198670994
6.9,0.8775692099723189,0.8523904125713385,0.7764167078982858,0.6463532777987873,0.4412694580955729,0.8775692099723189
6.916666666666667,0.8752494815375337,0.8501321446471887,0.7743376459485316,0.6445513595689669,0.43974231613037634,0.8752494815375337
6.933333333333334,0.8729386002159935,0.8478825184246808,0.7722666321339087,0.6427565720290859,0.4382208532918957,0.8729386002159935
6.95,0.8706365317949358,0.8456415005889599,0.7702036357684336,0.6409688888200051,0.4367050485216133,0.8706365317949358
6.966666666666667,0.8683432421948679,0.8434090579530296,0.7681486262792152,0.639188283675992,0.4351948808421675,0.8683432421948679
6.983333333333333,0.8660586974688552,0.8411851574571085,0.7661015732059688,0.637414730424384,0.433690329357181,0.8660586974688552
7.0,0.8637828638018218,0.8389697661679933,0.7640624462005343,0.6356482029852504,0.4321913732510877,0.8637828638018218
7.016666666666667,0.8615157075098573,0.8367628512784302,0.7620312150263967,0.6338886753710551,0.43069799178895835,0.8615157075098573
7.033333333333333,0.859257195039533,0.8345643801064915,0.7600078495582117,0.6321361216863165,0.4292101643163225,0.859257195039533
7.05,0.857007292967226,0.83237432009496,0.7579923197813319,0.6303905161272689,0.4277278702589905,0.857007292967226
7.066666666666666,0.8547659679984514,0.8301926388107193,0.7559845957913374,0.628651832981522,0.4262510891228729,0.8547659679984514
7.083333333333333,0.8525331869672024,0.8280193039441514,0.7539846477935696,0.6269200466277206,0.4247798004937981,0.8525331869672024
7.1,0.8503089168352977,0.8258542833085394,0.7519924461026669,0.6251951315352027,0.4233139840373294,0.8503089168352977
7.116666666666666,0.8480931246917375,0.8236975448394772,0.7500079611421046,0.6234770622636592,0.421853619498579,0.8480931246917375
7.133333333333334,0.8458857777520644,0.8215490565942847,0.748031163443736,0.6217658134627908,0.42039868670202224,0.8458857777520644
7.15,0.843686843357735,0.8194087867514293,0.7460620236473383,0.6200613598719669,0.41894916555130984,0.843686843357735
7.166666666666667,0.8414962889754946,0.8172767036099523,0.7441005125001598,0.6183636763198826,0.41750503602907846,0.8414962889754946
7.183333333333334,0.8393140821967618,0.8151527755889028,0.7421466008564706,0.6166727377242163,0.41606627819676034,0.8393140821967618
7.2,0.8371401907370182,0.8130369712267742,0.7402002596771153,0.6149885190912867,0.41463287219439265,0.8371401907370182
7.216666666666667,0.8349745824352047,0.8109292591809489,0.7382614600290693,0.6133109955157099,0.4132047982404243,0.8349745824352047
7.233333333333333,0.8328172252531251,0.8088296082271467,0.7363301730849974,0.6116401421800566,0.41178203663152274,0.8328172252531251
7.25,0.8306680872748545,0.8067379872588786,0.7344063701228144,0.6099759343545086,0.41036456774237956,0.8306680872748545
7.266666666666667,0.8285271367061562,0.8046543652869064,0.7324900225252495,0.6083183473965166,0.4089523720255151,0.8285271367061562
7.283333333333333,0.8263943418739008,0.8025787114387062,0.7305811017794123,0.6066673567504556,0.4075454300110823,0.8263943418739008
7.3,0.8242696712254952,0.8005109949579374,0.7286795794763614,0.6050229379472836,0.40614372230666934,0.8242696712254952
7.316666666666666,0.8221530933283149,0.7984511852039167,0.7267854273106761,0.6033850666041973,0.4047472295971026,0.8221530933283149
7.333333333333333,0.8200445768691417,0.7963992516510958,0.7248986170800301,0.6017537184242912,0.4033559326442474,0.8200445768691417
7.35,0.8179440906536092,0.7943551638885453,0.7230191206847678,0.6001288691962121,0.4019698122868094,0.8179440906536092
7.366666666666666,0.8158516036056515,0.7923188916194411,0.721146910127483,0.5985104947938202,0.4005888494401346,0.8158516036056515
7.383333333333334,0.8137670847669569,0.7902904046605572,0.7192819575125995,0.5968985711758443,0.39921302509600903,0.8137670847669569
7.4,0.8116905032964294,0.7882696729417611,0.7174242350459556,0.5952930743855415,0.3978423203224581,0.8116905032964294
7.416666666666667,0.8096218284696526,0.7862566665055148,0.7155737150343888,0.5936939805503545,0.39647671626354447,0.8096218284696526
7.433333333333334,0.8075610296783589,0.7842513555063793,0.7137303698853246,0.5921012658815714,0.3951161941391673,0.8075610296783589
7.45,0.8055080764299055,0.7822537102105234,0.7118941721063665,0.5905149066739845,0.39376073524485944,0.8055080764299055
7.466666666666667,0.8034629383467533,0.780263700995236,0.7100650943048894,0.5889348793055498,0.3924103209515842,0.8034629383467533
7.483333333333333,0.8014255851659505,0.7782812983484435,0.7082431091876333,0.5873611602370467,0.3910649327055334,0.8014255851659505
7.5,0.7993959867386217,0.77630647286823,0.7064281895603021,0.5857937260117386,0.3897245520279232,0.7993959867386217
7.516666666666667,0.797374113029461,0.7743391952623617,0.7046203083271612,0.5842325532550341,0.3883891605147912,0.797374113029461
7.533333333333333,0.7953599341162296,0.7723794363478154,0.7028194384906408,0.5826776186741482,0.38705873983679157,0.7953599341162296
7.55,0.7933534201892575,0.7704271670503096,0.7010255531509386,0.5811288990577634,0.38573327173899175,0.7933534201892575
7.566666666666666,0.7913545415509495,0.7684823584038407,0.6992386255056258,0.5795863712756935,0.38441273804066756,0.7913545415509495
7.583333333333333,0.789363268615296,0.7665449815502218,0.6974586288492555,0.5780500122785457,0.38309712063509915,0.789363268615296
7.6,0.7873795719073867,0.7646150077386249,0.6956855365729724,0.576519799097384,0.38178640148936566,0.7873795719073867
7.616666666666666,0.785403422062929,0.7626924083251273,0.6939193221641258,0.5749957088433943,0.38048056264414104,0.785403422062929
7.633333333333334,0.7834347898277709,0.7607771547722606,0.6921599592058831,0.5734777187075486,0.37917958621348874,0.7834347898277709
7.65,0.7814736460574262,0.7588692186485636,0.6904074213768463,0.5719658059602701,0.3778834543846567,0.7814736460574262
7.666666666666667,0.7795199617166049,0.7569685716281378,0.688661682450671,0.5704599479511006,0.37659214941787217,0.7795199617166049
7.683333333333334,0.7775737078787472,0.7550751854902075,0.6869227162956864,0.5689601221083661,0.3753056536461369,0.7775737078787472
7.7,0.7756348557255599,0.7531890321186806,0.6851904968745173,0.567466305938845,0.37402394947502154,0.7756348557255599
7.716666666666667,0.7737033765465584,0.7513100835017157,0.68346499824371,0.5659784770274364,0.37274701938246085,0.7737033765465584
7.733333333333333,0.7717792417386098,0.7494383117312895,0.6817461945533569,0.5644966130368292,0.37147484591854807,0.7717792417386098
7.75,0.7698624228054822,0.7475736890027685,0.6800340600467265,0.5630206917071714,0.37020741170533,0.7698624228054822
7.766666666666667,0.7679528913573953,0.7457161876144844,0.6783285690598924,0.5615506908557415,0.3689446994366023,0.7679528913573953
7.783333333333333,0.7660506191105745,0.7438657799673101,0.6766296960213668,0.5600865883766195,0.36768669187770325,0.7660506191105745
7.8,0.76415557788681,0.7420224385642413,0.6749374154517336,0.5586283622403588,0.3664333718653101,0.76415557788681
7.816666666666666,0.7622677396130176,0.7401861360099792,0.6732517019632853,0.5571759904936604,0.36518472230723337,0.7622677396130176
7.833333333333333,0.7603870763208027,0.7383568450105161,0.6715725302596605,0.5557294512590456,0.363940726182212,0.7603870763208027
7.85,0.7585135601460289,0.7365345383727252,0.6698998751354839,0.5542887227345314,0.362701366539709,0.7585135601460289
7.866666666666666,0.7566471633283869,0.7347191890039511,0.6682337114760082,0.5528537831933069,0.3614666264997068,0.7566471633283869
7.883333333333334,0.75478785821097,0.7329107699116046,0.6665740142567576,0.5514246109834081,0.3602364892525023,0.75478785821097
7.9,0.7529356172398503,0.7311092542027593,0.6649207585431731,0.5500011845273973,0.35901093805850315,0.7529356172398503
7.916666666666667,0.7510904129636574,0.7293146150837511,0.6632739194902597,0.5485834823220406,0.3577899562480233,0.7510904129636574
7.933333333333334,0.7492522180331622,0.72752682585978,0.6616334723422359,0.5471714829379875,0.3565735272210789,0.7492522180331622
7.95,0.7474210052008616,0.7257458599345156,0.6599993924321838,0.5457651650194512,0.35536163444718444,0.7474210052008616
7.966666666666667,0.7455967473205674,0.7239716908097029,0.6583716551817025,0.5443645072838901,0.35415426146514917,0.7455967473205674
7.983333333333333,0.7437794173469959,0.7222042920847727,0.6567502361005624,0.5429694885216899,0.3529513918828737,0.7437794173469959
8.0,0.7419689883353636,0.7204436374564536,0.655135110786361,0.5415800875958472,0.3517530093771464,0.7419689883353636
8.016666666666667,0.7401654334409822,0.7186897007183863,0.6535262549241814,0.5401962834416539,0.35055909769344,0.7401654334409822
8.033333333333333,0.7383687259188583,0.7169424557607402,0.6519236442862515,0.5388180550663819,0.3493696406457096,0.7383687259188583
8.05,0.736578839123295,0.7152018765698329,0.6503272547316057,0.5374453815489705,0.3481846221161888,0.736578839123295
8.066666666666666,0.7347957465074962,0.7134679372277518,0.6487370622057482,0.5360782420397128,0.34700402605518804,0.7347957465074962
8.083333333333334,0.7330194216231739,0.7117406119119776,0.6471530427403179,0.534716615759945,0.3458278364808916,0.7330194216231739
8.1,0.7312498381201562,0.7100198748950101,0.6455751724527548,0.533360482001736,0.34465603747915596,0.7312498381201562
8.116666666666667,0.729486969746001,0.7083057005439977,0.6440034275459683,0.5320098201275774,0.3434886132033076,0.729486969746001
8.133333333333333,0.7277307903456093,0.7065980633203666,0.6424377843080072,0.5306646095700758,0.3423255478739412,0.7277307903456093
8.15,0.7259812738608419,0.7048969377794543,0.6408782191117318,0.5293248298316453,0.3411668257787186,0.7259812738608419
8.166666666666666,0.7242383943301384,0.703202298570144,0.6393247084144865,0.5279904604842023,0.340012431272167,0.7242383943301384
8.183333333333334,0.7225021258881392,0.7015141204345026,0.6377772287577754,0.5266614811688594,0.33886234877547816,0.7225021258881392
8.2,0.7207724427653088,0.6998323782074181,0.6362357567669383,0.5253378715956225,0.33771656277630757,0.7207724427653088
8.216666666666667,0.7190493192875621,0.6981570468162426,0.6347002691508301,0.5240196115430881,0.33657505782857394,0.7190493192875621
8.233333333333333,0.7173327298758925,0.6964881012804347,0.6331707427014991,0.5227066808581415,0.3354378185522582,0.7173327298758925
8.25,0.7156226490460021,0.6948255167112052,0.6316471542938702,0.5213990594556569,0.3343048296332041,0.7156226490460021
8.266666666666667,0.7139190514079359,0.6931692683111639,0.6301294808854266,0.520096727318198,0.33317607582291753,0.7139190514079359
8.283333333333333,0.7122219116657145,0.6915193313739696,0.6286176995158959,0.5187996644957205,0.3320515419383672,0.7122219116657145
8.3,0.7105312046169734,0.6898756812839814,0.6271117873069351,0.5175078511052744,0.3309312128617849,0.7105312046169734
8.316666666666666,0.7088469051526005,0.6882382935159113,0.6256117214618198,0.5162212673307099,0.329815073540466,0.7088469051526005
8.333333333333334,0.7071689882563783,0.6866071436344807,0.6241174792651325,0.5149398934223821,0.32870310898657046,0.7071689882563783
8.35,0.7054974290046269,0.6849822072940761,0.6226290380824548,0.5136637096968582,0.32759530427692396,0.7054974290046269
8.366666666666667,0.7038322025658499,0.6833634602384099,0.6211463753600596,0.5123926965366252,0.3264916445528184,0.7038322025658499
8.383333333333333,0.7021732842003812,0.6817508783001792,0.6196694686246049,0.5111268343898003,0.3253921150198145,0.7021732842003812
8.4,0.700520649260035,0.6801444374007306,0.6181982954828302,0.5098661037698407,0.32429670094754215,0.700520649260035
8.416666666666666,0.6988742731877569,0.6785441135497241,0.6167328336212536,0.5086104852552557,0.3232053876695031,0.6988742731877569
8.433333333333334,0.6972341315172773,0.6769498828447988,0.6152730608058705,0.5073599594893197,0.32211816058287235,0.6972341315172773
8.45,0.6956001998727669,0.6753617214712427,0.6138189548818542,0.506114507179787,0.32103500514830047,0.6956001998727669
8.466666666666667,0.6939724539684939,0.6737796057016615,0.6123704937732575,0.5048741090986072,0.3199559068897156,0.6939724539684939
8.483333333333333,0.6923508696084835,0.6722035118956511,0.6109276554827163,0.5036387460816422,0.3188808513941263,0.6923508696084835
8.5,0.690735422686178,0.6706334164994711,0.6094904180911542,0.5024083990283846,0.3178098243114238,0.690735422686178
8.516666666666667,0.6891260891841007,0.6690692960457197,0.6080587597574898,0.5011830489016773,0.31674281135418453,0.6891260891841007
8.533333333333333,0.6875228451735197,0.667511127153012,0.6066326587183432,0.4999626767274343,0.3156797982974731,0.6875228451735197
8.55,0.6859256668141152,0.6659588865256569,0.6052120932877465,0.49874726359436267,0.31462077097864577,0.6859256668141152
8.566666666666666,0.6843345303536477,0.6644125509533394,0.6037970418568541,0.49753679065368667,0.3135657152971524,0.6843345303536477
8.583333333333334,0.6827494121276272,0.6628720973108017,0.6023874828936555,0.4963312391188721,0.3125146172143403,0.6827494121276272
8.6,0.6811702885589868,0.6613375025575269,0.6009833949426882,0.4951305902653528,0.31146746275325754,0.6811702885589868
8.616666666666667,0.6795971361577544,0.6598087437374254,0.5995847566247537,0.4939348254302579,0.31042423799845603,0.6795971361577544
8.633333333333333,0.6780299315207298,0.658285797978521,0.5981915466366342,0.4927439260121412,0.3093849290957948,0.6780299315207298
8.65,0.6764686513311599,0.6567686424926404,0.5968037437508102,0.4915578734707107,0.308349522252244,0.6764686513311599
8.666666666666666,0.674913272358419,0.6552572545751028,0.5954213268151805,0.49037664932656105,0.30731800373568785,0.674913272358419
8.683333333333334,0.6733637714576892,0.653751611604412,0.5940442747527827,0.4892002351609058,0.3062903598747284,0.6733637714576892
8.7,0.6718201255696409,0.6522516910419507,0.5926725665615162,0.4880286126153124,0.30526657705848914,0.6718201255696409
8.716666666666667,0.6702823117201181,0.6507574704316741,0.591306181313866,0.4868617633914374,0.30424664173641913,0.6702823117201181
8.733333333333333,0.6687503070198232,0.6492689273998079,0.5899450981566271,0.4856996692507639,0.3032305404180956,0.6687503070198232
8.75,0.6672240886640041,0.6477860396545454,0.5885892963106321,0.48454231201434006,0.30221825967302846,0.6672240886640041
8.766666666666667,0.6657036339321422,0.6463087849857478,0.5872387550704788,0.48338967356251894,0.30120978613046334,0.6657036339321422
8.783333333333333,0.6641889201876435,0.6448371412646452,0.5858934538042595,0.4822417358347,0.30020510647918586,0.6641889201876435
8.8,0.6626799248775297,0.6433710864435389,0.5845533719532923,0.48109848082907164,0.2992042074673247,0.6626799248775297
8.816666666666666,0.6611766255321313,0.6419105985555067,0.5832184890318524,0.47995989060235544,0.2982070759021548,0.6611766255321313
8.833333333333334,0.6596789997647833,0.6404556557141068,0.5818887846269065,0.47882594726955197,0.29721369864990166,0.6596789997647833
8.85,0.6581870252715204,0.6390062361130866,0.5805642383978479,0.4776966330036875,0.2962240626355442,0.6581870252715204
8.866666666666667,0.6567006798307757,0.6375623180260903,0.5792448300762313,0.47657193003556264,0.2952381548426178,0.6567006798307757
8.883333333333333,0.6552199413030798,0.6361238798063693,0.5779305394655121,0.4754518206535022,0.294255962313018,0.6552199413030798
8.9,0.6537447876307616,0.6346908998864933,0.5766213464407844,0.4743362872031066,0.2932774721468032,0.6537447876307616
8.916666666666666,0.6522751968376507,0.6332633567780637,0.5753172309485216,0.4732253120870046,0.29230267150199807,0.6522751968376507
8.933333333333334,0.6508111470287813,0.6318412290714273,0.574018173006318,0.47211887776460737,0.2913315475943953,0.6508111470287813
8.95,0.6493526163900969,0.6304244954353925,0.5727241527026317,0.47101696675186455,0.2903640876973594,0.6493526163900969
8.966666666666667,0.6478995831881579,0.629013134616946,0.5714351501965294,0.4699195616210212,0.28940027914162814,0.6478995831881579
8.983333333333333,0.646452025769849,0.6276071254409713,0.5701511457174306,0.4688266450003765,0.28844010931511577,0.646452025769849
9.0,0.6450099225620884,0.6262064468099686,0.5688721195648566,0.46773819957404394,0.2874835656627139,0.6450099225620884
9.016666666666667,0.6435732520715401,0.6248110777037763,0.5675980521081767,0.46665420808171265,0.2865306356860944,0.6435732520715401
9.033333333333333,0.6421419928843248,0.6234209971792927,0.5663289237863594,0.46557465331841075,0.2855813069435101,0.6421419928843248
9.05,0.6407161236657344,0.6220361843702005,0.5650647151077213,0.4644995181342697,0.28463556704959686,0.6407161236657344
9.066666666666666,0.6392956231599466,0.6206566184866917,0.5638054066496815,0.46342878543429056,0.28369340367517376,0.6392956231599466
9.083333333333334,0.6378804701897418,0.6192822788151948,0.5625509790585127,0.46236243817811157,0.28275480454704466,0.6378804701897418
9.1,0.6364706436562202,0.6179131447181012,0.5613014130490975,0.4613004593797768,0.2818197574477981,0.6364706436562202
9.116666666666667,0.6350661225385216,0.6165491956334956,0.5600566894046836,0.46024283210750705,0.28088825021560737,0.6350661225385216
9.133333333333333,0.6336668858935453,0.6151904110748859,0.5588167889766407,0.45918953948347174,0.2799602707440308,0.6336668858935453
9.15,0.6322729128556726,0.6138367706309352,0.5575816926842193,0.4581405646835628,0.2790358069818105,0.6322729128556726
9.166666666666666,0.6308841826364884,0.612488253965194,0.5563513815143108,0.457095890937169,0.278114846932672,0.6308841826364884
9.183333333333334,0.6295006745245073,0.6111448408158351,0.5551258365212075,0.4560555015269535,0.2771973786551225,0.6295006745245073
9.2,0.6281223678848983,0.6098065109953892,0.5539050388263651,0.45501937978863116,0.2762833902622491,0.6281223678848983
9.216666666666667,0.6267492421592111,0.6084732443904809,0.5526889696181665,0.4539875091107486,0.2753728699215167,0.6267492421592111
9.233333333333333,0.6253812768651061,0.6071450209615672,0.5514776101516854,0.45295987293446516,0.27446580585456537,0.6253812768651061
9.25,0.6240184515960816,0.6058218207426764,0.5502709417484536,0.4519364547533358,0.27356218633700713,0.6240184515960816
9.266666666666667,0.622660746021206,0.6045036238411492,0.5490689457962266,0.4509172381130952,0.27266199969822236,0.622660746021206
9.283333333333333,0.6213081398848495,0.6031904104373789,0.5478716037487523,0.4499022066114433,0.2717652343211556,0.6213081398848495
9.3,0.6199606130064166,0.6018821607845559,0.546678897125541,0.44889134389783286,0.2708718786421113,0.6199606130064166
9.316666666666666,0.6186181452800812,0.6005788552084104,0.5454908075116355,0.4478846336732584,0.2699819211505477,0.6186181452800812
9.333333333333334,0.6172807166745217,0.599280474106958,0.5443073165573826,0.44688205969004624,0.2690953503888722,0.6172807166745217
9.35,0.6159483072326577,0.5979869979502466,0.5431284059782073,0.44588360575164654,0.26821215495223427,0.6159483072326577
9.366666666666667,0.6146208970713882,0.5966984072801029,0.5419540575543855,0.44488925571242693,0.2673323234883186,0.6146208970713882
9.383333333333333,0.6132984663813311,0.5954146827098823,0.5407842531308201,0.44389899347746725,0.2664558446971379,0.6132984663813311
9.4,0.6119809954265625,0.5941358049242178,0.5396189746168178,0.4429128030023563,0.26558270733082423,0.6119809954265625
9.416666666666666,0.6106684645443591,0.5928617546787713,0.5384582039858665,0.44193066829298994,0.26471290019342036,0.6106684645443591
9.433333333333334,0.6093608541449403,0.5915925127999859,0.5373019232754137,0.4409525734053707,0.26384641214067034,0.6093608541449403
9.45,0.6080581447112124,0.5903280601848391,0.5361501145866474,0.4399785024454089,0.2629832320798088,0.6080581447112124
9.466666666666667,0.606760316798513,0.589068377800597,0.535002760084276,0.4390084395687258,0.2621233489693503,0.606760316798513
9.483333333333333,0.6054673510343574,0.5878134466845701,0.533859841996312,0.4380423689804574,0.2612667518188776,0.6054673510343574
9.5,0.6041792281181861,0.5865632479438698,0.5327213426138542,0.4370802749350609,0.26041342968882913,0.6041792281181861
9.516666666666667,0.6028959288211125,0.585317762755166,0.5315872442908728,0.4361221417361218,0.25956337169028554,0.6028959288211125
9.533333333333333,0.6016174339856721,0.5840769723644458,0.5304575294439949,0.4351679537361629,0.25871656698475565,0.6016174339856721
9.55,0.6003437245255742,0.5828408580867741,0.5293321805522913,0.4342176953364552,0.25787300478396186,0.6003437245255742
9.566666666666666,0.5990747814254519,0.5816094013060535,0.5282111801570639,0.43327135098682973,0.2570326743496239,0.5990747814254519
9.583333333333334,0.5978105857406163,0.5803825834747872,0.5270945108616358,0.4323289051854914,0.2561955649932426,0.5978105857406163
9.6,0.5965511185968091,0.5791603861138418,0.5259821553311401,0.4313903424788343,0.2553616660758822,0.5965511185968091
9.616666666666667,0.5952963611899582,0.5779427908122113,0.5248740962923115,0.4304556474612584,0.25453096700795164,0.5952963611899582
9.633333333333333,0.5940462947859331,0.5767297792267829,0.5237703165332785,0.4295248047749881,0.2537034572489859,0.5940462947859331
9.65,0.592800900720302,0.5755213330821023,0.5226707989033574,0.42859779910989226,0.25287912630742493,0.592800900720302
9.666666666666666,0.5915601603980898,0.5743174341701418,0.5215755263128452,0.42767461520330546,0.25205796374039285,0.5915601603980898
9.683333333333334,0.5903240552935372,0.5731180643500682,0.5204844817328163,0.42675523783985136,0.2512399591534754,0.5903240552935372
9.7,0.5890925669498608,0.5719232055480126,0.5193976481949183,0.42583965185126715,0.25042510220049685,0.5890925669498608
9.716666666666667,0.5878656769790137,0.57073283975684,0.5183150087911699,0.42492784211623014,0.24961338258329563,0.5878656769790137
9.733333333333333,0.5866433670614486,0.5695469490359215,0.5172365466737594,0.42401979356018504,0.24880479005149872,0.5866433670614486
9.75,0.5854256189458797,0.5683655155109057,0.5161622450548444,0.42311549115517366,0.24799931440229536,0.5854256189458797
9.766666666666667,0.5842124144490481,0.5671885213734934,0.5150920872063522,0.42221491991966575,0.24719694548020965,0.5842124144490481
9.783333333333333,0.5830037354554858,0.5660159488812107,0.5140260564597817,0.42131806491839147,0.24639767317687156,0.5830037354554858
9.8,0.5817995639172822,0.5648477803571845,0.5129641362060061,0.42042491126217535,0.2456014874307873,0.5817995639172822
9.816666666666666,0.5805998818538516,0.5636839981899198,0.5119063098950766,0.41953544410777194,0.24480837822710835,0.5805998818538516
9.833333333333334,0.5794046713517012,0.5625245848330758,0.5108525610360273,0.418649648657703,0.24401833559739924,0.5794046713517012
9.85,0.578213914564199,0.5613695228052449,0.5098028731966804,0.41776751016009595,0.24323134961940415,0.578213914564199
9.866666666666667,0.5770275937113456,0.560218794689731,0.5087572300034542,0.4168890139085246,0.2424474104168125,0.5770275937113456
9.883333333333333,0.5758456910795442,0.5590723831343309,0.5077156151411693,0.4160141452418503,0.24166650815902302,0.5758456910795442
9.9,0.5746681890213722,0.5579302708511149,0.5066780123528581,0.415142889544066,0.24088863306090672,0.5746681890213722
9.916666666666666,0.5734950699553546,0.5567924406162076,0.505644405439575,0.4142752322441405,0.24011377538256862,0.5734950699553546
9.933333333333334,0.572326316365738,0.555658875269573,0.5046147782602062,0.4134111588158652,0.23934192542910807,0.572326316365738
9.95,0.5711619108022647,0.5545295577147964,0.5035891147312815,0.41255065477770214,0.23857307355037763,0.5711619108022647
9.966666666666667,0.5700018358799489,0.5534044709188706,0.5025673988267878,0.4116937056926333,0.237807210140741,0.5700018358799489
9.983333333333333,0.568846074278853,0.5522835979119811,0.5015496145779813,0.4108402971680118,0.23704432563882938,0.568846074278853
10.0,0.567694608743865,0.5511669217872923,0.5005357460732032,0.40999041485541443,0.2362844105272964,0.567694608743865
10.016666666666667,0.5665474220844776,0.5500544257007358,0.49952577745769483,0.40914404445049574,0.23552745533257158,0.5665474220844776
10.033333333333333,0.5654044971745664,0.5489460928707981,0.4985196929334137,0.4083011716928437,0.2347734506246129,0.5654044971745664
10.05,0.564265816952171,0.5478419065783103,0.49751747675885116,0.4074617823658368,0.23402238701665715,0.564265816952171
10.066666666666666,0.5631313644192759,0.5467418501662383,0.4965191132488508,0.4066258622965028,0.23327425516496952,0.5631313644192759
10.083333333333334,0.5620011226415916,0.5456459070394735,0.49552458677442734,0.405793397355379,0.2325290457685915,0.5620011226415916
10.1,0.5608750747483396,0.5445540606646251,0.49453388176258706,0.4049643734563734,0.23178674956908715,0.5608750747483396
10.116666666666667,0.5597532039320335,0.5434662945698125,0.4935469826961485,0.4041387765566288,0.23104735735028806,0.5597532039320335
10.133333333333333,0.5586354934482654,0.5423825923444596,0.4925638741135647,0.4033165926563866,0.23031085993803677,0.5586354934482654
10.15,0.5575219266154906,0.5413029376390885,0.4915845406087458,0.4024978077988537,0.22957724819992878,0.5575219266154906
10.166666666666666,0.5564124868148138,0.5402273141651156,0.49060896683088273,0.40168240807006966,0.22884651304505277,0.5564124868148138
10.183333333333334,0.5553071574897777,0.5391557056946471,0.4896371374842722,0.40087037959877625,0.22811864542372937,0.5553071574897777
10.2,0.5542059221461482,0.5380880960602765,0.4886690373281416,0.400061708556288,0.2273936363272485,0.5542059221461482
10.216666666666667,0.5531087643517061,0.5370244691548822,0.48770465117647577,0.3992563811563641,0.22667147678760513,0.5531087643517061
10.233333333333333,0.5520156677360352,0.5359648089314265,0.48674396389784413,0.39845438365508234,0.22595215787723327,0.5520156677360352
10.25,0.5509266159903129,0.5349090994027546,0.4857869604152286,0.39765570235071407,0.22523567070873832,0.5509266159903129
10.266666666666667,0.5498415928671021,0.5338573246413953,0.484833625705853,0.39686032358360057,0.22452200643462816,0.5498415928671021
10.283333333333333,0.5487605821801428,0.5328094687793623,0.48388394480101193,0.3960682337360313,0.22381115624704248,0.5487605821801428
10.3,0.5476835678041451,0.5317655160079553,0.48293790278590254,0.39527941923212306,0.22310311137748004,0.5476835678041451
10.316666666666666,0.5466105336745832,0.5307254505775639,0.4819954847994551,0.39449386653770124,0.22239786309652493,0.5466105336745832
10.333333333333334,0.5455414637874901,0.52968925679747,0.48105667603416574,0.3937115621601816,0.22169540271357097,0.5455414637874901
10.35,0.5444763421992526,0.5286569190356529,0.4801214617359294,0.39293249264845465,0.22099572157654407,0.5444763421992526
10.366666666666667,0.5434151530264066,0.5276284217185938,0.47918982720387393,0.3921566445927701,0.2202988110716234,0.5434151530264066
10.383333333333333,0.5423578804454364,0.526603749331082,0.4782617577901946,0.3913840046246241,0.21960466262296102,0.5423578804454364
10.4,0.5413045086925696,0.5255828864160219,0.4773372388999899,0.3906145594166468,0.21891326769239877,0.5413045086925696
10.416666666666666,0.5402550220635777,0.5245658175742391,0.47641625599109794,0.38984829568249196,0.218224617779185,0.5402550220635777
10.433333333333334,0.5392094049135742,0.5235525274642903,0.4754987945739332,0.3890852001767276,0.21753870441968845,0.5392094049135742
10.45,0.5381676416568147,0.5225430008022707,0.47458484021132497,0.3883252596947282,0.21685551918711082,0.5381676416568147
10.466666666666667,0.5371297167664983,0.5215372223616247,0.4736743785183557,0.38756846107256837,0.2161750536911978,0.5371297167664983
10.483333333333333,0.5360956147745685,0.5205351769729556,0.47276739516220084,0.38681479118691753,0.21549729957794805,0.5360956147745685
10.5,0.5350653202715154,0.5195368495238372,0.47186387586196893,0.3860642369549365,0.21482224852932089,0.5350653202715154
10.516666666666667,0.5340388179061794,0.5185422249586256,0.4709638063885425,0.3853167853341748,0.21414989226294193,0.5340388179061794
10.533333333333333,0.5330160923855538,0.5175512882782713,0.4700671725644203,0.3845724233224701,0.2134802225318069,0.5330160923855538
10.55,0.531997128474591,0.516564024540134,0.4691739602635594,0.38383113795784773,0.21281323112398465,0.531997128474591
10.566666666666666,0.5309819109960059,0.5155804188577942,0.46828415541121876,0.38309291631842346,0.21214890986231716,0.5309819109960059
10.583333333333334,0.5299704248300826,0.5146004564008706,0.4673977439838032,0.38235774552230545,0.21148725060411872,0.5299704248300826
10.6,0.5289626549144814,0.5136241223948339,0.4665147120087082,0.3816256127274992,0.21082824524087343,0.5289626549144814
10.616666666666667,0.5279585862440457,0.5126514021208235,0.4656350455641655,0.3808965051318126,0.21017188569793036,0.5279585862440457
10.633333333333333,0.5269582038706103,0.5116822809154645,0.4647587307790891,0.3801704099727634,0.20951816393419792,0.5269582038706103
10.65,0.5259614929028099,0.510716744170685,0.46388575383292235,0.3794473145274869,0.2088670719418357,0.5259614929028099
10.666666666666666,0.5249684385058889,0.5097547773335345,0.46301610095548573,0.3787272061126459,0.20821860174594511,0.5249684385058889
10.683333333333334,0.5239790259015116,0.5087963659060033,0.46214975842682504,0.37801007208434045,0.2075727454042586,0.5239790259015116
10.7,0.5229932403675727,0.5078414954448411,0.46128671257706044,0.3772958998380209,0.20692949500682645,0.5229932403675727
10.716666666666667,0.5220110672380092,0.5068901515613785,0.46042694978623666,0.3765846768084007,0.2062888426757028,0.5220110672380092
10.733333333333333,0.5210324919026126,0.5059423199213473,0.4595704564841727,0.3758763904693705,0.2056507805646293,0.5210324919026126
10.75,0.5200574998068418,0.5049979862447019,0.4587172191503137,0.375171028333914,0.2050153008587179,0.5200574998068418
10.766666666666667,0.519086076451637,0.5040571363054429,0.45786722431358223,0.37446857795402544,0.20438239577413145,0.519086076451637
10.783333333333333,0.5181182073932326,0.5031197559314384,0.45702045855223095,0.37376902692062675,0.20375205755776277,0.5181182073932326
10.8,0.5171538782429743,0.5021858310042491,0.456176908493696,0.373072362863487,0.20312427848691275,0.5171538782429743
10.816666666666666,0.5161930746671334,0.5012553474589513,0.4553365608144505,0.37237857345114367,0.2024990508689661,0.5161930746671334
10.833333333333334,0.5152357823867225,0.5003282912839631,0.45449940223985896,0.3716876463908232,0.20187636704106626,0.5152357823867225
10.85,0.5142819871773144,0.49940464852086874,0.4536654195440328,0.3709995694283645,0.20125621936978838,0.5142819871773144
10.866666666666667,0.5133316748688576,0.498484405264246,0.45283459954968563,0.37031433034814254,0.200638600250811,0.5133316748688576
10.883333333333333,0.5123848313454953,0.49756754766149214,0.4520069291279901,0.36963191697299347,0.2000235021085863,0.5123848313454953
10.9,0.5114414425453844,0.4966540619126518,0.4511823951984344,0.3689523171641409,0.1994109173960089,0.5114414425453844
10.916666666666666,0.5105014944605153,0.4957439342702449,0.45036098472868036,0.36827551882112314,0.19880083859408323,0.5105014944605153
10.933333333333334,0.5095649731365309,0.4948371510390954,0.4495426847344215,0.36760150988172147,0.19819325821158984,0.5095649731365309
10.95,0.5086318646725488,0.4939336985761607,0.448727482279242,0.36693027832189,0.19758816878474955,0.5086318646725488
10.966666666666667,0.5077021552209812,0.4930335632903616,0.44791536447447594,0.36626181215568576,0.19698556287688737,0.5077021552209812
10.983333333333333,0.506775830987358,0.4921367316424126,0.4471063184790678,0.36559609943520066,0.19638543307809436,0.506775830987358
11.0,0.5058528782301488,0.49124319014465334,0.44630033149943293,0.36493312825049423,0.1957877720048888,0.5058528782301488
11.016666666666667,0.5049332832605866,0.49035292536088027,0.4454973907893187,0.36427288672952696,0.19519257229987547,0.5049332832605866
11.033333333333333,0.504017032442491,0.4894659239061787,0.44469748364966655,0.3636153630380952,0.1945998266314047,0.504017032442491
11.05,0.5031041121920932,0.48858217244675617,0.4439005974284744,0.3629605453797673,0.19400952769322938,0.5031041121920932
11.066666666666666,0.5021945089778609,0.48770165769977564,0.44310671952065955,0.3623084219958199,0.1934216682041615,0.5021945089778609
11.083333333333334,0.5012882093203235,0.48682436643318966,0.44231583736792246,0.3616589811651759,0.19283624090772758,0.5012882093203235
11.1,0.5003851997918993,0.48595028546557506,0.4415279384586107,0.3610122112043429,0.1922532385718227,0.5003851997918993
11.116666666666667,0.49948546701672125,0.48507940166596836,0.44074301032758395,0.36036810046735335,0.1916726539883641,0.49948546701672125
11.133333333333333,0.49858899767046483,0.4842117019537011,0.43996104055607876,0.35972663734570487,0.19109447997294354,0.49858899767046483
11.15,0.49769577848017643,0.48334717329823684,0.43918201677157487,0.35908781026830183,0.19051870936447896,0.49769577848017643
11.166666666666666,0.4968057962241009,0.48248580271900765,0.4384059266476613,0.3584516077013978,0.18994533502486521,0.4968057962241009
11.183333333333334,0.49591903773151225,0.48162757728525174,0.43763275790390327,0.35781801814853914,0.18937434983862436,0.49591903773151225
11.2,0.49503548988254137,0.4807724841158515,0.43686249830570956,0.3571870301505091,0.1888057467125547,0.49503548988254137
11.216666666666667,0.49415513960800816,0.47992051037917227,0.43609513566420055,0.35655863228527307,0.18823951857537982,0.49415513960800816
11.233333333333333,0.4932779738892512,0.4790716432929013,0.4353306578360767,0.3559328131679244,0.1876756583773965,0.4932779738892512
11.25,0.49240397975796,0.4782258701238873,0.43456905272348745,0.3553095614506317,0.1871141590901225,0.49240397975796
11.266666666666667,0.49153314429600603,0.47738317818798115,0.43381030827390055,0.354688865822586,0.18655501370594352,0.49153314429600603
11.283333333333333,0.4906654546352761,0.4765435548498761,0.43305441247997245,0.3540707150099498,0.18599821523776028,0.4906654546352761
11.3,0.4898008979575051,0.47570698752294943,0.43230135337941844,0.35345509777580597,0.18544375671863456,0.4898008979575051
11.316666666666666,0.4889394614941092,0.47487346366910443,0.4315511190548836,0.35284200292010826,0.18489163120143548,0.4889394614941092
11.333333333333334,0.48808113252602137,0.47404297079861224,0.4308036976338146,0.3522314192796319,0.18434183175848554,0.48808113252602137
11.35,0.4872258983835241,0.473215496469955,0.4300590772883313,0.3516233357279255,0.18379435148120601,0.4872258983835241
11.366666666666667,0.48637374644608644,0.4723910282896694,0.4293172462350995,0.35101774117526324,0.18324918347976327,0.48637374644608644
11.383333333333333,0.4855246641421988,0.47156955391219024,0.4285781927352035,0.35041462456859834,0.18270632088271377,0.4855246641421988
11.4,0.4846786389492097,0.47075106103969516,0.42784190509401965,0.3498139748915165,0.18216575683665048,0.4846786389492097
11.416666666666666,0.4838356583931623,0.46993553742194943,0.42710837166109017,0.3492157811641909,0.18162748450584817,0.4838356583931623
11.433333333333334,0.482995710048632,0.46912297085615123,0.42637758082999744,0.3486200324433373,0.18109149707191013,0.482995710048632
11.45,0.4821587815385644,0.46831334918677786,0.4256495210382387,0.3480267178221698,0.18055778773341422,0.4821587815385644
11.466666666666667,0.48132486053411316,0.4675066603054319,0.42492418076710137,0.3474358264303577,0.1800263497055596,0.48132486053411316
11.483333333333333,0.4804939347544799,0.4667028921506884,0.42420154854153835,0.3468473474339826,0.17949717621981445,0.4804939347544799
11.5,0.4796659919667528,0.4659020327079419,0.4234816129300444,0.3462612700354964,0.17897026052356332,0.4796659919667528
11.516666666666667,0.4788410199857468,0.4651040700092547,0.4227643625445326,0.3456775834736794,0.17844559587975567,0.4788410199857468
11.533333333333333,0.4780190066738443,0.4643089921332052,0.42204978604021104,0.3450962770236,0.1779231755665551,0.4780190066738443
11.55,0.47719993994083576,0.46351678720473644,0.4213378721154604,0.3445173399965737,0.17740299287698913,0.47719993994083576
11.566666666666666,0.47638380774376154,0.4627274433950056,0.42062860951171166,0.3439407617401237,0.1768850411186,0.47638380774376154
11.583333333333334,0.47557059808675334,0.46194094892123416,0.4199219870133243,0.34336653163794184,0.17636931361309646,0.47557059808675334
11.6,0.47476029902087746,0.4611572920465574,0.41921799344746463,0.3427946391098492,0.1758558036960065,0.47476029902087746
11.616666666666667,0.4739528986439769,0.46037646107987606,0.4185166176839852,0.3422250736117587,0.1753445047163313,0.4739528986439769
11.633333333333333,0.4731483851005152,0.45959844437570685,0.4178178486353038,0.3416578246356371,0.17483541003620046,0.4731483851005152
11.65,0.47234674658142056,0.4588232303340343,0.4171216752562835,0.3410928817094677,0.17432851303052843,0.47234674658142056
11.666666666666666,0.47154797132392995,0.4580508074001632,0.4164280865441127,0.34053023439721375,0.17382380708667244,0.47154797132392995
11.683333333333334,0.470752047611434,0.45728116406457076,0.4157370715381854,0.33996987229878217,0.17332128560409205,0.470752047611434
11.7,0.4699589637733227,0.4565142888627599,0.4150486193199828,0.3394117850499879,0.17282094199400996,0.4699589637733227
11.716666666666667,0.4691687081848308,0.45575017037511273,0.4143627190129542,0.33885596232251813,0.17232276967907506,0.4691687081848308
11.733333333333333,0.46838126926688456,0.45498879722674423,0.4136793597823982,0.33830239382389765,0.17182676209302675,0.46838126926688456
11.75,0.467596635485948,0.45423015808735695,0.41299853083534577,0.33775106929745413,0.1713329126803615,0.467596635485948
11.766666666666667,0.4668147953538708,0.45347424167109573,0.4123202214204418,0.3372019785222839,0.17084121489600135,0.4668147953538708
11.783333333333333,0.46603573742773574,0.45272103673640296,0.41164442082782804,0.33665511131321807,0.17035166220496442,0.46603573742773574
11.8,0.4652594503097066,0.45197053208587407,0.41097111838902667,0.33611045752078905,0.1698642480820379,0.4652594503097066
11.816666666666666,0.4644859226468774,0.4512227165661139,0.41030030347682306,0.33556800703119744,0.16937896601145275,0.4644859226468774
11.833333333333334,0.463715143131121,0.45047757906759317,0.4096319655051499,0.3350277497662789,0.16889580948656158,0.463715143131121
11.85,0.4629471004989389,0.4497351085245055,0.40896609392897154,0.334489675683472,0.16841477200951854,0.4629471004989389
11.866666666666667,0.4621817835313111,0.4489952939146246,0.408302678244168,0.3339537747757853,0.16793584709096182,0.4621817835313111
11.883333333333333,0.46141918105354707,0.4482581242591626,0.4076417079874201,0.33342003707176626,0.16745902824969913,0.46141918105354707
11.9,0.46065928193513567,0.4475235886226276,0.4069831727360944,0.33288845263546835,0.16698430901239583,0.46065928193513567
11.916666666666666,0.4599020750895976,0.4467916761126828,0.40632706210812886,0.33235901156642045,0.16651168291326618,0.4599020750895976
11.933333333333334,0.4591475494743361,0.44606237588000547,0.40567336576191826,0.33183170399959483,0.16604114349376706,0.4591475494743361
11.95,0.4583956940904909,0.4453356771181465,0.40502207339620055,0.3313065201053766,0.16557268430229563,0.4583956940904909
11.966666666666667,0.45764649798278856,0.44461156906339006,0.4043731747499431,0.33078345008953236,0.1651062988938897,0.45764649798278856
11.983333333333333,0.4568999502393976,0.44389004099461404,0.4037266596022294,0.33026248419317955,0.1646419808299315,0.4568999502393976
12.0,0.45615603999178084,0.44317108223315094,0.4030825177721461,0.329743612692756,0.164179723677855,0.45615603999178084
12.016666666666667,0.4554147564145501,0.4424546821426484,0.4024407391186702,0.3292268258999892,0.16371952101085677,0.4554147564145501
12.033333333333333,0.4546760887253204,0.4417408301289314,0.4018013135405566,0.3287121141618661,0.16326136640761044,0.4546760887253204
12.05,0.45394002618456425,0.4410295156398637,0.401164230976226,0.32819946786060283,0.16280525345198504,0.45394002618456425
12.066666666666666,0.4532065580954677,0.4403207281652102,0.4005294814036532,0.3276888774136145,0.16235117573276694,0.4532065580954677
12.083333333333334,0.45247567380378595,0.4396144572364996,0.39989705484025506,0.3271803332734855,0.16189912684338606,0.45247567380378595
12.1,0.4517473626976987,0.4389106924268876,0.39926694134277985,0.32667382592793875,0.16144910038164606,0.4517473626976987
12.116666666666667,0.4510216142076674,0.4382094233510203,0.3986391310071955,0.3261693458998065,0.16100108994945833,0.4510216142076674
12.133333333333333,0.4502984178062921,0.43751063966489784,0.39801361396857926,0.3256668837469999,0.1605550891525809,0.4502984178062921
12.15,0.44957776300816854,0.43681433106573886,0.3973903804010074,0.3251664300624795,0.16011109160036124,0.44957776300816854
12.166666666666666,0.4488596393697459,0.43612048729184494,0.3967694205174442,0.32466797547422466,0.15966909090548362,0.4488596393697459
12.183333333333334,0.44814403648918544,0.43542909812246555,0.39615072456963274,0.32417151064520455,0.15922908068372119,0.44814403648918544
12.2,0.4474309440062185,0.4347401533776637,0.39553428284798475,0.3236770262733475,0.15879105455369236,0.4474309440062185
12.216666666666667,0.44672035160200596,0.43405364291818094,0.3949200856814713,0.3231845130915113,0.15835500613662237,0.44672035160200596
12.233333333333333,0.4460122489989973,0.4333695566453044,0.3943081234375133,0.3226939618674529,0.1579209290561096,0.4460122489989973
12.25,0.4453066259607904,0.4326878845007325,0.3936983865218729,0.32220536340379863,0.1574888169378963,0.4453066259607904
12.266666666666667,0.444603472291992,0.43200861646644184,0.3930908653785443,0.32171870853801376,0.15705866340964525,0.444603472291992
12.283333333333333,0.4439027778380781,0.4313317425645548,0.3924855504896455,0.3212339881423721,0.15663046210072085,0.4439027778380781
12.3,0.4432045324852551,0.4306572528572068,0.3918824323753098,0.32075119312392597,0.15620420664197548,0.4432045324852551
12.316666666666666,0.44250872616032083,0.429985137446414,0.391281501593578,0.32027031442447507,0.15577989066554163,0.44250872616032083
12.333333333333334,0.44181534883052687,0.42931538647394196,0.3906827487402902,0.31979134302053625,0.1553575078046289,0.44181534883052687
12.35,0.4411243905034401,0.42864799012117394,0.39008616444897837,0.3193142699233124,0.1549370516933266,0.4411243905034401
12.366666666666667,0.44043584122680557,0.42798293860897996,0.389491739390759,0.3188390861786614,0.1545185159664121,0.44043584122680557
12.383333333333333,0.4397496910884097,0.42732022219758625,0.3888994642742256,0.3183657828670652,0.15410189425916454,0.4397496910884097
12.4,0.4390659302159431,0.4266598311864447,0.3883093298453421,0.31789435110359787,0.1536871802071843,0.4390659302159431
12.416666666666666,0.4383845487768645,0.42600175591410283,0.38772132688733574,0.31742478203789437,0.15327436744621833,0.4383845487768645
12.433333333333334,0.43770553697826486,0.4253459867580744,0.3871354462205906,0.3169570668541185,0.15286344961199133,0.43770553697826486
12.45,0.43702888506673204,0.4246925141347099,0.38655167870254126,0.31649119677093085,0.15245442034004272,0.43702888506673204
12.466666666666667,0.43635458332821503,0.4240413284990676,0.38597001522756635,0.31602716304145667,0.15204727326556972,0.43635458332821503
12.483333333333333,0.4356826220878898,0.4233924203447851,0.38539044672688305,0.3155649569532526,0.15164200202327618,0.4356826220878898
12.5,0.43501299171002483,0.4227457802039506,0.3848129641684407,0.3151045698282745,0.15123860024722818,0.43501299171002483
12.516666666666667,0.4343456825978464,0.4221013986469756,0.38423755855681574,0.31464599302284374,0.1508370615707149,0.4343456825978464
12.533333333333333,0.4336806851934059,0.4214592662824666,0.3836642209331058,0.3141892179276139,0.1504373796261166,0.4336806851934059
12.55,0.43301798997744584,0.4208193737570983,0.38309294237482455,0.3137342359675368,0.1500395480447782,0.43301798997744584
12.566666666666666,0.4323575874692674,0.42018171175548646,0.382523713995797,0.31328103860182877,0.14964356045688942,0.4323575874692674
12.583333333333334,0.4316994682265972,0.41954627100006114,0.38195652694605386,0.31282961732393544,0.14924941049137164,0.4316994682265972
12.6,0.431043622845456,0.4189130422509406,0.3813913724117276,0.3123799636614975,0.14885709177577033,0.431043622845456
12.616666666666667,0.4303900419600262,0.4182820163058053,0.3808282416149474,0.31193206917631533,0.14846659793615508,0.4303900419600262
12.633333333333333,0.42973871624252047,0.4176531839997721,0.3802671258137348,0.3114859254643131,0.14807792259702512,0.42973871624252047
12.65,0.4290896364030511,0.4170265362052688,0.37970801630189943,0.31104152415550324,0.147691059381222,0.4290896364030511
12.666666666666666,0.42844279318949857,0.4164020638319096,0.37915090440893534,0.3105988569139496,0.1473060019098485,0.42844279318949857
12.683333333333334,0.42779817738738163,0.41577975782636994,0.37859578149991646,0.3101579154377312,0.14692274380219422,0.42779817738738163
12.7,0.4271557798197271,0.41515960917226225,0.37804263897539314,0.30971869145890446,0.1465412786756683,0.4271557798197271
12.716666666666667,0.42651559134694017,0.41454160889001207,0.37749146827128865,0.3092811767434657,0.14616160014573765,0.42651559134694017
12.733333333333333,0.42587760286667514,0.41392574803673376,0.3769422608587955,0.3088453630913134,0.14578370182587305,0.42587760286667514
12.75,0.42524180531370653,0.4133120177061078,0.3763950082442723,0.30841124233620915,0.14540757732750123,0.42524180531370653
12.766666666666667,0.4246081896598002,0.412700409028257,0.37584970196914025,0.3079788063457388,0.14503322025996393,0.4246081896598002
12.783333333333333,0.423976746913585,0.4120909131696239,0.3753063336097806,0.3075480470212733,0.14466062423048337,0.423976746913585
12.8,0.4233474681204254,0.41148352133284827,0.3747648947774313,0.30711895629792807,0.1442897828441349,0.4233474681204254
12.816666666666666,0.42272034436229333,0.4108782247566449,0.37422537711808446,0.3066915261445231,0.1439206897038258,0.42272034436229333
12.833333333333334,0.4220953667576411,0.4102750147156817,0.3736877723123838,0.3062657485635417,0.14355333841028142,0.4220953667576411
12.85,0.4214725264612747,0.4096738825204579,0.37315207207552176,0.305841615591089,0.14318772256203738,0.4214725264612747
12.866666666666667,0.42085181466422666,0.40907481951718283,0.37261826815713767,0.3054191192968501,0.14282383575543886,0.42085181466422666
12.883333333333333,0.4202332225936307,0.40847781708765496,0.3720863523412151,0.3049982517840474,0.14246167158464657,0.4202332225936307
12.9,0.41961674151259504,0.4078828666491413,0.37155631644598,0.30457900518939734,0.14210122364164915,0.41961674151259504
12.916666666666666,0.41900236272007724,0.40728995965425646,0.3710281523237984,0.3041613716830673,0.1417424855162824,0.41900236272007724
12.933333333333334,0.4183900775507592,0.40669908759084317,0.3705018518610748,0.3037453434686307,0.14138545079625517,0.4183900775507592
12.95,0.41777987737492145,0.40611024198185197,0.3699774069781505,0.30333091278302293,0.14103011306718166,0.41777987737492145
12.966666666666667,0.4171717535983197,0.4055234143852217,0.3694548096292015,0.30291807189649556,0.14067646591262034,0.4171717535983197
12.983333333333333,0.41656569766205975,0.4049385963937606,0.36893405180213745,0.30250681311257044,0.1403245029141196,0.41656569766205975
13.0,0.4159617010424741,0.40435577963502706,0.3684151255185,0.30209712876799355,0.1399742176512695,0.4159617010424741
13.016666666666667,0.4153597552509982,0.4037749557712107,0.3678980228333613,0.30168901123268754,0.13962560370176025,0.4153597552509982
13.033333333333333,0.4147598518340473,0.40319611649901455,0.3673827358352234,0.30128245290970435,0.1392786546414472,0.4147598518340473
13.05,0.4141619823728935,0.4026192535495364,0.3668692566459166,0.30087744623517654,0.1389333640444217,0.4141619823728935
13.066666666666666,0.4135661384835431,0.40204435868815136,0.3663575774204985,0.3004739836782687,0.1385897254830887,0.4135661384835431
13.083333333333334,0.41297231181661465,0.40147142371439404,0.36584769034715336,0.3000720577411278,0.13824773252825065,0.41297231181661465
13.1,0.41238049405721666,0.40090044046184137,0.3653395876470912,0.29967166095883285,0.13790737874919695,0.41238049405721666
13.116666666666667,0.4117906769248264,0.40033140079799573,0.36483326157444695,0.2992727858993446,0.13756865771380022,0.4117906769248264
13.133333333333333,0.4112028521731679,0.39976429662416807,0.36432870441618015,0.29887542516345345,0.13723156298861838,0.4112028521731679
13.15,0.41061701159009195,0.3991991198753616,0.36382590849197427,0.2984795713847278,0.1368960881390024,0.41061701159009195
13.166666666666666,0.41003314699745497,0.3986358625201556,0.36332486615413595,0.29808521722946124,0.13656222672921048,0.41003314699745497
13.183333333333334,0.40945125025099843,0.39807451656058934,0.3628255697874956,0.29769235539661904,0.13622997232252776,0.40945125025099843
13.2,0.4088713132402292,0.39751507403204694,0.3623280118093062,0.2973009786177845,0.13589931848139167,0.4088713132402292
13.216666666666667,0.40829332788830003,0.3969575270031416,0.3618321846691436,0.2969110796571034,0.13557025876752332,0.40829332788830003
13.233333333333333,0.4077172861518895,0.39640186757560053,0.3613380808488064,0.2965226513112299,0.135242786742064,0.4077172861518895
13.25,0.4071431800210838,0.3958480878841507,0.3608456928622163,0.2961356864092691,0.1349168959657177,0.4071431800210838
13.266666666666667,0.40657100151925724,0.39529618009640366,0.36035501325531744,0.2957501778127215,0.13459257999889856,0.40657100151925724
13.283333333333333,0.40600074270295444,0.3947461364127415,0.3598660346059773,0.2953661184154248,0.13426983240188378,0.40600074270295444
13.3,0.40543239566177147,0.3941979490662031,0.35937874952388665,0.29498350114349625,0.13394864673497187,0.40543239566177147
13.316666666666666,0.40486595251823887,0.3936516103223702,0.3588931506504601,0.2946023189552739,0.1336290165586459,0.40486595251823887
13.333333333333334,0.40430140542770354,0.3931071124792539,0.3584092306587363,0.2942225648412568,0.13331093543374173,0.40430140542770354
13.35,0.40373874657821174,0.3925644478671816,0.35792698225327846,0.29384423182404523,0.1329943969216212,0.40373874657821174
13.366666666666667,0.4031779681903921,0.3920236088486838,0.3574463981700752,0.29346731295827977,0.13267939458435005,0.4031779681903921
13.383333333333333,0.40261906251733914,0.39148458781838197,0.3569674711764408,0.29309180133057966,0.13236592198488048,0.40261906251733914
13.4,0.40206202184449696,0.3909473772028756,0.35649019407091653,0.2927176900594808,0.13205397268723834,0.40206202184449696
13.416666666666666,0.40150683848954327,0.39041196946063017,0.3560145596831707,0.2923449722953725,0.13174354025671497,0.40150683848954327
13.433333333333334,0.40095350480227376,0.38987835708186547,0.3555405608739001,0.2919736412204344,0.13143461826006292,0.40095350480227376
13.45,0.40040201316448626,0.389346532588444,0.3550681905347308,0.29160369004857156,0.1311272002656963,0.40040201316448626
13.466666666666667,0.3998523559898664,0.38881648853375916,0.354597441588119,0.29123511202535,0.13082127984389494,0.3998523559898664
13.483333333333333,0.39930452572387237,0.38828821750262443,0.35412830698725234,0.29086790042793054,0.13051685056701282,0.39930452572387237
13.5,0.39875851484362046,0.38776171211116267,0.3536607797159509,0.2905020485650026,0.1302139060096899,0.39875851484362046
13.516666666666667,0.39821431585777095,0.38723696500669524,0.3531948527885685,0.2901375497767173,0.12991243974906835,0.39821431585777095
13.533333333333333,0.3976719213064145,0.38671396886763165,0.35273051924989396,0.2897743974346191,0.1296124453650115,0.3976719213064145
13.55,0.39713132376095767,0.3861927164033596,0.3522677721750523,0.28941258494157796,0.12931391644032703,0.39713132376095767
13.566666666666666,0.3965925158240107,0.3856732003541352,0.35180660466940655,0.2890521057317195,0.1290168465609931,0.3965925158240107
13.583333333333334,0.39605549012927405,0.3851554134909729,0.3513470098684588,0.2886929532703557,0.12872122931638777,0.39605549012927405
13.6,0.3955202393414254,0.3846393486155367,0.350888980937752,0.2883351210539137,0.12842705829952145,0.3955202393414254
13.616666666666667,0.3949867561560077,0.3841249985600309,0.3504325110727714,0.28797860260986496,0.12813432710727243,0.3949867561560077
13.633333333333333,0.3944550332993167,0.383612356187091,0.3499775934988465,0.287623391496653,0.12784302934062503,0.3944550332993167
13.65,0.39392506352828943,0.3831014143896752,0.3495242214710522,0.2872694813036209,0.12755315860491045,0.39392506352828943
13.666666666666666,0.39339683963039246,0.3825921660909563,0.34907238827411147,0.28691686565093777,0.1272647085100503,0.39339683963039246
13.683333333333334,0.39287035442351065,0.38208460424421326,0.3486220872222964,0.2865655381895247,0.12697767267080248,0.39287035442351065
13.7,0.392345600755836,0.38157872183272346,0.3481733116593304,0.2862154926009802,0.12669204470700904,0.392345600755836
13.716666666666667,0.39182257150575756,0.38107451186965513,0.3477260549582904,0.28586672259750445,0.1264078182438465,0.39182257150575756
13.733333333333333,0.39130125958175044,0.3805719673979599,0.34728031052150854,0.28551922192182344,0.1261249869120782,0.39130125958175044
13.75,0.3907816579222657,0.3800710814902656,0.3468360717804746,0.28517298434711214,0.12584354434830822,0.3907816579222657
13.766666666666667,0.3902637594956213,0.37957184724876947,0.34639333219573765,0.2848280036769168,0.12556348419523694,0.3902637594956213
13.783333333333333,0.3897475572998914,0.3790742578051316,0.34595208525680887,0.2844842737450771,0.1252848001019187,0.3897475572998914
13.8,0.38923304436279826,0.37857830632036815,0.3455123244820635,0.28414178841564736,0.12500748572402037,0.38923304436279826
13.816666666666666,0.3887202137416022,0.3780839859847458,0.34507404341864306,0.28380054158281676,0.1247315347240815,0.3887202137416022
13.833333333333334,0.38820905852299376,0.377591290017675,0.34463723564235815,0.2834605271708295,0.12445694077177538,0.38820905852299376
13.85,0.38769957182298487,0.37710021166760516,0.34420189475759044,0.2831217391339037,0.12418369754417158,0.38769957182298487
13.866666666666667,0.38719174678680063,0.3766107442119184,0.3437680143971956,0.28278417145615076,0.12391179872599878,0.38719174678680063
13.883333333333333,0.38668557658877206,0.376122880956825,0.3433355882224055,0.28244781815149195,0.12364123800990892,0.38668557658877206
13.9,0.38618105443222767,0.3756366152372579,0.34290460992273125,0.28211267326357714,0.12337200909674167,0.38618105443222767
13.916666666666666,0.3856781735493868,0.3751519404167682,0.34247507321586546,0.2817787308657004,0.12310410569578933,0.3856781735493868
13.933333333333334,0.3851769272012526,0.37466884988742066,0.34204697184758537,0.2814459850607164,0.12283752152506242,0.3851769272012526
13.95,0.3846773086775047,0.37418733706968965,0.3416202995916554,0.2811144299809559,0.12257225031155503,0.3846773086775047
13.966666666666667,0.38417931129639354,0.37370739541235454,0.3411950502497303,0.28078405978814047,0.1223082857915109,0.38417931129639354
13.983333333333333,0.3836829284046336,0.3732290183923962,0.34077121765125784,0.2804548686732964,0.12204562171068878,0.3836829284046336
14.0,0.38318815337729767,0.3727521995148938,0.34034879565338183,0.28012685085666866,0.12178425182462807,0.38318815337729767
14.016666666666667,0.38269497961771143,0.37227693231292086,0.3399277781408454,0.27980000058763355,0.12152416989891413,0.38269497961771143
14.033333333333333,0.38220340055734775,0.37180321034744257,0.33950815902589393,0.27947431214461116,0.12126536970944304,0.38220340055734775
14.05,0.3817134096557219,0.37133102720721284,0.33908993224817835,0.27914977983497724,0.12100784504268605,0.3817134096557219
14.066666666666666,0.3812250004002865,0.37086037650867143,0.3386730917746583,0.2788263979949742,0.12075158969595312,0.3812250004002865
14.083333333333334,0.380738166306327,0.3703912518958419,0.33825763159950556,0.27850416098962183,0.1204965974776559,0.380738166306327
14.1,0.38025290091685765,0.36992364704022923,0.3378435457440073,0.2781830632126274,0.12024286220756972,0.38025290091685765
14.116666666666667,0.37976919780251706,0.3694575556407179,0.3374308282564697,0.27786309908629525,0.11999037771709464,0.37976919780251706
14.133333333333333,0.37928705056146517,0.3689929714234703,0.3370194732121213,0.2775442630614352,0.11973913784951537,0.37928705056146517
14.15,0.3788064528192789,0.3685298881418251,0.3366094747130167,0.2772265496172717,0.11948913646025996,0.3788064528192789
14.166666666666666,0.37832739822884964,0.368068299576196,0.33620082688794023,0.2769099532613511,0.1192403674171573,0.37832739822884964
14.183333333333334,0.37784988047028023,0.36760819953397106,0.3357935238923095,0.27659446852944924,0.11899282460069266,0.37784988047028023
14.2,0.37737389325078197,0.36714958184941116,0.3353875599080794,0.27628008998547815,0.11874650190426242,0.37737389325078197
14.216666666666667,0.3768994303045723,0.36669244038355026,0.3349829291436458,0.2759668122213924,0.11850139323442671,0.3768994303045723
14.233333333333333,0.3764264853927732,0.3662367690240947,0.3345796258337498,0.2756546298570948,0.11825749251116027,0.3764264853927732
14.25,0.37595505230330856,0.36578256168532297,0.33417764423938107,0.275343537540342,0.1180147936681018,0.37595505230330856
14.266666666666667,0.37548512485080343,0.365329812307986,0.33377697864768274,0.2750335299466486,0.11777329065280087,0.37548512485080343
14.283333333333333,0.37501669687648165,0.36487851485920764,0.3333776233718549,0.27472460177919217,0.11753297742696334,0.37501669687648165
14.3,0.37454976224806596,0.3644286633323848,0.33297957275105927,0.2744167477687168,0.11729384796669418,0.37454976224806596
14.316666666666666,0.37408431485967625,0.3639802517470887,0.3325828211503232,0.2741099626734361,0.11705589626273835,0.37408431485967625
14.333333333333334,0.3736203486317295,0.36353327414896586,0.33218736296044443,0.27380424127893704,0.1168191163207194,0.3736203486317295
14.35,0.3731578575108394,0.363087724609639,0.33179319259789497,0.27349957839808137,0.11658350216137534,0.3731578575108394
14.366666666666667,0.3726968354697164,0.362643597226609,0.33140030450472613,0.2731959688709085,0.11634904782079247,0.3726968354697164
14.383333333333333,0.37223727650706795,0.362200886123156,0.33100869314847303,0.2728934075645365,0.11611574735063654,0.37223727650706795
14.4,0.37177917464749877,0.36175958544824205,0.3306183530220592,0.2725918893730636,0.11588359481838095,0.37177917464749877
14.416666666666666,0.3713225239414121,0.3613196893764129,0.33022927864370155,0.27229140921746886,0.11565258430753278,0.3713225239414121
14.433333333333334,0.3708673184649101,0.36088119210770025,0.3298414645568149,0.2719919620455127,0.11542270991785558,0.3708673184649101
14.45,0.3704135523196961,0.3604440878675246,0.3294549053299174,0.2716935428316364,0.1151939657655899,0.3704135523196961
14.466666666666667,0.369961219632975,0.3600083709065979,0.32906959555653514,0.2713961465768623,0.11496634598367,0.369961219632975
14.483333333333333,0.36951031455735595,0.3595740355008269,0.32868552985510757,0.2710997683086927,0.11473984472193863,0.36951031455735595
14.5,0.36906083127075423,0.35914107595121614,0.32830270286889274,0.2708044030810087,0.11451445614735797,0.36906083127075423
14.516666666666667,0.36861276397629306,0.3587094865837718,0.32792110926587226,0.2705100459739689,0.11429017444421807,0.36861276397629306
14.533333333333333,0.36816610690220725,0.3582792617494047,0.3275407437386572,0.2702166920939071,0.11406699381434166,0.36816610690220725
14.55,0.36772085430174484,0.3578503958238353,0.3271616010043933,0.2699243365732307,0.1138449084772862,0.36772085430174484
14.566666666666666,0.3672770004530712,0.35742288320749716,0.32678367580466644,0.2696329745703179,0.1136239126705422,0.3672770004530712
14.583333333333334,0.3668345396591717,0.3569967183254414,0.32640696290540877,0.2693426012694146,0.11340400064972889,0.3668345396591717
14.6,0.3663934662477559,0.3565718956272417,0.32603145709680414,0.26905321188053194,0.1131851666887857,0.3663934662477559
14.616666666666667,0.36595377457116074,0.3561484095868987,0.325657153193194,0.26876480163934224,0.11296740508016143,0.36595377457116074
14.633333333333333,0.3655154590062554,0.35572625470274555,0.32528404603298366,0.2684773658070756,0.11275071013499888,0.3655154590062554
14.65,0.36507851395434526,0.3553054254973528,0.3249121304785482,0.2681908996704158,0.11253507618331682,0.36507851395434526
14.666666666666666,0.3646429338410767,0.35488591651743406,0.3245414014161387,0.2679053985413962,0.11232049757418822,0.3646429338410767
14.683333333333334,0.3642087131163418,0.354467722333752,0.3241718537557885,0.267620857757295,0.1121069686759148,0.3642087131163418
14.7,0.36377584625418363,0.35405083754102384,0.3238034824312197,0.26733727268053054,0.11189448387619814,0.36377584625418363
14.716666666666667,0.36334432775270176,0.35363525675782803,0.32343628239974975,0.26705463869855633,0.11168303758230744,0.36334432775270176
14.733333333333333,0.3629141521339577,0.35322097462651036,0.3230702486421979,0.2667729512237559,0.11147262422124318,0.3629141521339577
14.75,0.36248531394388106,0.3528079858130906,0.3227053761627922,0.2664922056933372,0.1112632382398975,0.36248531394388106
14.766666666666667,0.3620578077521753,0.3523962850071697,0.32234165998907605,0.26621239756922693,0.11105487410439327,0.3620578077521753
14.783333333333333,0.36163162815222466,0.3519858669218364,0.3219790951718155,0.26593352233796486,0.11084752630359329,0.36163162815222466
14.8,0.3612067697610006,0.35157672629357506,0.32161767678490616,0.2656555755105977,0.110641189344068,0.3612067697610006
14.816666666666666,0.3607832272189685,0.35116885788217267,0.3212573999252806,0.26537855262257265,0.11043585775380728,0.3607832272189685
14.833333333333334,0.36036099518999515,0.3507622564706271,0.3208982597128153,0.26510244923363135,0.11023152608144343,0.36036099518999515
14.85,0.3599400683612561,0.3503569168650547,0.3205402512902388,0.2648272609277031,0.11002818889638274,0.3599400683612561
14.866666666666667,0.35952044144314316,0.34995283389459875,0.3201833698230386,0.2645529833127983,0.10982584078894067,0.35952044144314316
14.883333333333333,0.3591021091691725,0.3495500024113378,0.31982761049936925,0.26427961202090156,0.10962447637047307,0.3591021091691725
14.9,0.358685066295893,0.3491484172901944,0.3194729685299603,0.26400714270786446,0.10942409027350354,0.358685066295893
14.916666666666666,0.3582693076027941,0.34874807342884384,0.3191194391480238,0.2637355710532989,0.10922467715184678,0.3582693076027941
14.933333333333334,0.35785482789221507,0.3483489657476234,0.3187670176091631,0.2634648927604697,0.10902623168072802,0.35785482789221507
14.95,0.35744162198925367,0.34795108918944173,0.3184156991912803,0.26319510355618714,0.10882874855689892,0.35744162198925367
14.966666666666667,0.3570296847416753,0.34755443871968805,0.31806547919448547,0.2629261991906997,0.10863222249874957,0.3570296847416753
14.983333333333333,0.3566190110198224,0.3471590093261424,0.31771635294100453,0.2626581754375866,0.10843664824641666,0.3566190110198224
15.0,0.3562095957165245,0.3467647960188853,0.3173683157750883,0.2623910280936502,0.10824202056188817,0.3562095957165245
15.016666666666667,0.35580143374700757,0.34637179383020833,0.31702136306292084,0.26212475297880844,0.1080483342291041,0.35580143374700757
15.033333333333333,0.35539452004880445,0.34597999781452404,0.3166754901925291,0.2618593459359869,0.10785558405405368,0.35539452004880445
15.05,0.3549888495816655,0.3455894030482772,0.31633069257369145,0.26159480283101155,0.1076637648648688,0.3549888495816655
15.066666666666666,0.35458441732746876,0.34520000462985523,0.3159869656378471,0.2613311195525006,0.10747287151191373,0.35458441732746876
15.083333333333334,0.3541812182901315,0.34481179767949993,0.31564430483800543,0.2610682920117569,0.10728289886787137,0.3541812182901315
15.1,0.35377924749552064,0.34442477733921795,0.3153027056486558,0.2608063161426599,0.10709384182782566,0.35377924749552064
15.116666666666667,0.353378499991365,0.34403893877269337,0.31496216356567686,0.26054518790155834,0.10690569530934038,0.353378499991365
15.133333333333333,0.352978970847166,0.3436542771651987,0.31462267410624656,0.260284903267162,0.1067184542525347,0.352978970847166
15.15,0.3525806551541106,0.3432707877235073,0.3142842328087522,0.2600254582404339,0.10653211362015452,0.3525806551541106
15.166666666666666,0.35218354802498253,0.34288846567580566,0.31394683523270067,0.2597668488444828,0.10634666839764095,0.35218354802498253
15.183333333333334,0.35178764459407524,0.34250730627160564,0.31361047695862854,0.2595090711244553,0.10616211359319472,0.35178764459407524
15.2,0.3513929400171044,0.34212730478165754,0.31327515358801283,0.2592521211474281,0.1059784442378375,0.3513929400171044
15.216666666666667,0.3509994294711207,0.34174845649786256,0.31294086074318134,0.2589959950023003,0.10579565538546946,0.3509994294711207
15.233333333333333,0.35060710815442325,0.34137075673318656,0.3126075940672236,0.25874068879968604,0.10561374211292347,0.35060710815442325
15.25,0.35021597128647247,0.34099420082157283,0.3122753492239022,0.25848619867180633,0.1054326995200161,0.35021597128647247
15.266666666666667,0.34982601410780434,0.3406187841178562,0.31194412189756326,0.25823252077238246,0.10525252272959476,0.34982601410780434
15.283333333333333,0.3494372318799437,0.34024450199767653,0.31161390779304843,0.2579796512765278,0.10507320688758204,0.3494372318799437
15.3,0.3490496198853188,0.3398713498573931,0.31128470263560587,0.2577275863806407,0.10489474716301633,0.3490496198853188
15.316666666666666,0.3486631734271753,0.3394993231139987,0.31095650217080234,0.2574763223022975,0.10471713874808931,0.3486631734271753
15.333333333333334,0.3482778878294914,0.3391284172050342,0.31062930216443463,0.2572258552801452,0.10454037685818024,0.3482778878294914
15.35,0.3478937584368921,0.3387586275885034,0.31030309840244213,0.2569761815737945,0.10436445673188696,0.3478937584368921
15.366666666666667,0.3475107806145646,0.3383899497427878,0.3099778866908185,0.2567272974637127,0.10418937363105366,0.3475107806145646
15.383333333333333,0.34712894974817365,0.3380223791665621,0.30965366285552426,0.2564791992511173,0.10401512284079559,0.34712894974817365
15.4,0.3467482612437771,0.3376559113787094,0.3093304227423996,0.2562318832578689,0.10384169966952073,0.3467482612437771
15.416666666666666,0.3463687105277418,0.3372905419182371,0.30900816221707683,0.25598534582636534,0.10366909944894814,0.3463687105277418
15.433333333333334,0.3459902930466595,0.3369262663441926,0.3086868771648934,0.2557395833194346,0.1034973175341237,0.3459902930466595
15.45,0.34561300426726327,0.3365630802355795,0.30836656349080527,0.25549459212022896,0.10332634930343225,0.34561300426726327
15.466666666666667,0.3452368396763442,0.33620097919127406,0.30804721711929994,0.25525036863211936,0.10315619015860752,0.3452368396763442
15.483333333333333,0.34486179478066814,0.33583995882994155,0.3077288339943101,0.2550069092785887,0.10298683552473845,0.34486179478066814
15.5,0.3444878651068925,0.3354800147899535,0.3074114100791274,0.2547642105031268,0.1028182808502732,0.3444878651068925
15.516666666666667,0.34411504620148375,0.33512114272930427,0.3070949413563163,0.2545222687691247,0.10265052160701993,0.34411504620148375
15.533333333333333,0.34374333363063536,0.3347633383255285,0.3067794238276283,0.2542810805597693,0.10248355329014502,0.34374333363063536
15.55,0.3433727229801848,0.33440659727561906,0.30646485351391595,0.2540406423779382,0.10231737141816855,0.3433727229801848
15.566666666666666,0.3430032098555319,0.33405091529594394,0.3061512264550478,0.253800950746095,0.10215197153295674,0.3430032098555319
15.583333333333334,0.3426347898815576,0.333696288122165,0.30583853870982275,0.2535620022061845,0.1019873491997124,0.3426347898815576
15.6,0.34226745870254166,0.33334271150915584,0.30552678635588526,0.25332379331952803,0.10182350000696201,0.34226745870254166
15.616666666666667,0.3419012119820822,0.3329901812309203,0.30521596548964036,0.25308632066671954,0.10166041956654075,0.3419012119820822
15.633333333333333,0.3415360454030139,0.33263869308051086,0.30490607222616894,0.2528495808475212,0.10149810351357481,0.3415360454030139
15.65,0.34117195466732786,0.3322882428699484,0.3045971026991433,0.2526135704807597,0.10133654750646114,0.34117195466732786
15.666666666666666,0.34080893549609104,0.33193882643014017,0.30428905306074305,0.25237828620422326,0.101175747226845,0.34080893549609104
15.683333333333334,0.34044698362936554,0.33159043961080004,0.30398191948157094,0.25214372467455737,0.10101569837959477,0.34044698362936554
15.7,0.340086094826129,0.3312430782803678,0.3036756981505693,0.2519098825671624,0.1008563966927747,0.340086094826129
15.716666666666667,0.3397262648641948,0.330896738325929,0.3033703852749358,0.25167675657609057,0.10069783791761519,0.3397262648641948
15.733333333333333,0.33936748954013246,0.33055141565313495,0.3030659770800411,0.2514443434139436,0.10054001782848085,0.33936748954013246
15.75,0.3390097646691878,0.33020710618612314,0.30276246980934496,0.25121263981177017,0.10038293222283641,0.3390097646691878
15.766666666666667,0.33865308608520506,0.329863805867438,0.3024598597243132,0.25098164251896415,0.10022657692121015,0.33865308608520506
15.783333333333333,0.3382974496405469,0.32952151065795116,0.30215814310433553,0.250751348303163,0.1000709477671556,0.3382974496405469
15.8,0.3379428512060166,0.32918021653678275,0.30185731624664275,0.2505217539501459,0.09991604062721086,0.3379428512060166
15.816666666666666,0.3375892866707793,0.32883991950122293,0.3015573754662246,0.2502928562637332,0.09976185139085597,0.3375892866707793
15.833333333333334,0.3372367519422843,0.32850061556665267,0.30125831709574746,0.2500646520656852,0.09960837597046818,0.3372367519422843
15.85,0.33688524294618666,0.32816230076646624,0.300960137485473,0.24983713819560172,0.09945561030127553,0.33688524294618666
15.866666666666667,0.3365347556262702,0.3278249711519926,0.3006628330031762,0.24961031151082191,0.09930355034130808,0.3365347556262702
15.883333333333333,0.3361852859443699,0.32748862279241775,0.3003664000340641,0.24938416888632436,0.09915219207134765,0.3361852859443699
15.9,0.3358368298802944,0.3271532517747074,0.300070834980695,0.24915870721462746,0.09900153149487542,0.3358368298802944
15.916666666666666,0.3354893834317499,0.3268188542035293,0.29977613426289684,0.24893392340569015,0.09885156463801793,0.3354893834317499
15.933333333333334,0.33514294261426275,0.32648542620117615,0.2994822943176876,0.24870981438681286,0.09870228754949137,0.33514294261426275
15.95,0.33479750346110365,0.32615296390748916,0.2991893115991938,0.24848637710253907,0.09855369630054382,0.33479750346110365
15.966666666666667,0.3344530620232112,0.32582146347978075,0.2988971825785712,0.2482636085145568,0.09840578698489631,0.3344530620232112
15.983333333333333,0.3341096143691159,0.3254909210927588,0.29860590374392426,0.24804150560160082,0.09825855571868183,0.3341096143691159
16.0,0.3337671565848646,0.32516133293844995,0.298315471600227,0.24782006535935494,0.09811199864038293,0.3337671565848646
16.016666666666666,0.3334256847739455,0.32483269522612424,0.2980258826692428,0.2475992848003548,0.09796611191076786,0.3334256847739455
16.033333333333335,0.3330851950572119,0.3245050041822188,0.2977371334894461,0.2473791609538909,0.09782089171282493,0.3330851950572119
16.05,0.3327456835728084,0.32417825605026307,0.29744922061594264,0.24715969086591189,0.09767633425169583,0.3327456835728084
16.066666666666666,0.33240714647609554,0.32385244709080313,0.29716214062039115,0.24694087159892858,0.09753243575460702,0.33240714647609554
16.083333333333332,0.3320695799395755,0.3235275735813268,0.29687589009092485,0.24672270023191795,0.09738919247080005,0.3320695799395755
16.1,0.3317329801528177,0.32320363181618905,0.29659046563207303,0.24650517386022758,0.09724660067146051,0.3317329801528177
16.116666666666667,0.33139734332238524,0.32288061810653745,0.2963058638646833,0.24628828959548066,0.0971046566496456,0.33139734332238524
16.133333333333333,0.33106266567176096,0.32255852878023805,0.29602208142584374,0.24607204456548107,0.09696335672021038,0.33106266567176096
16.15,0.3307289434412734,0.32223736018180094,0.29573911496880534,0.245856435914119,0.09682269721973287,0.3307289434412734
16.166666666666668,0.33039617288802453,0.32191710867230694,0.29545696116290476,0.245641460801277,0.09668267450643803,0.33039617288802453
16.183333333333334,0.330064350285816,0.32159777062933403,0.2951756166934878,0.24542711640273618,0.09654328496012032,0.330064350285816
16.2,0.3297334719250765,0.3212793424468837,0.2948950782618319,0.2452133999100831,0.09640452498206534,0.3297334719250765
16.216666666666665,0.32940353411278944,0.32096182053530825,0.2946153425850704,0.2450003085306167,0.09626639099497031,0.32940353411278944
16.233333333333334,0.32907453317242025,0.3206452013212378,0.29433640639611575,0.24478783948725585,0.09612887944286365,0.32907453317242025
16.25,0.32874646544384506,0.3203294812475079,0.2940582664435839,0.24457599001844738,0.09599198679102319,0.32874646544384506
16.266666666666666,0.32841932728327783,0.32001465677308677,0.2937809194917186,0.2443647573780739,0.09585570952589376,0.32841932728327783
16.283333333333335,0.32809311506319966,0.31970072437300384,0.2935043623203155,0.244154138835363,0.09572004415500357,0.32809311506319966
16.3,0.327767825172287,0.31938768053827726,0.2932285917246477,0.24394413167479584,0.09558498720687991,0.327767825172287
16.316666666666666,0.3274434540153407,0.31907552177584286,0.2929536045153902,0.24373473319601696,0.09545053523096372,0.3274434540153407
16.333333333333332,0.3271199980132151,0.3187642446084822,0.29267939751854555,0.24352594071374362,0.09531668479752341,0.3271199980132151
16.35,0.3267974536027474,0.3184538455747518,0.2924059675753691,0.24331775155767665,0.09518343249756801,0.3267974536027474
16.366666666666667,0.3264758172366873,0.31814432122891245,0.2921333115422954,0.24311016307241057,0.09505077494275922,0.3264758172366873
16.383333333333333,0.3261550853836267,0.31783566814085784,0.29186142629086365,0.24290317261734481,0.09491870876532303,0.3261550853836267
16.4,0.3258352545279303,0.31752788289604494,0.2915903087076448,0.24269677756659525,0.09478723061796039,0.3258352545279303
16.416666666666668,0.3255163211696652,0.3172209620954232,0.29131995569416747,0.2424909753089059,0.09465633717375722,0.3255163211696652
16.433333333333334,0.325198281824532,0.31691490235536524,0.2910503641668454,0.2422857632475612,0.09452602512609384,0.325198281824532
16.45,0.3248811330237955,0.3166097003075964,0.2907815310569043,0.24208113880029875,0.0943962911885538,0.3248811330237955
16.466666666666665,0.32456487131421546,0.31630535259912607,0.2905134533103094,0.24187709939922225,0.09426713209483176,0.32456487131421546
16.483333333333334,0.32424949325797847,0.3160018558921778,0.2902461278876932,0.2416736424907151,0.09413854459864138,0.32424949325797847
16.5,0.3239349954326288,0.3156992068641209,0.2899795517642833,0.24147076553535424,0.09401052547362207,0.3239349954326288
16.516666666666666,0.32362137443100086,0.3153974022074013,0.2897137219298307,0.24126846600782448,0.09388307151324551,0.32362137443100086
16.533333333333335,0.32330862686115036,0.3150964386294734,0.2894486353885384,0.2410667413968331,0.09375617953072184,0.32330862686115036
16.55,0.32299674934628736,0.31479631285273135,0.2891842891589898,0.24086558920502515,0.09362984635890487,0.32299674934628736
16.566666666666666,0.3226857385247085,0.3144970216144416,0.2889206802740783,0.24066500694889897,0.09350406885019738,0.3226857385247085
16.583333333333332,0.3223755910497292,0.31419856166667476,0.28865780578093614,0.24046499215872208,0.09337884387645566,0.3223755910497292
16.6,0.32206630358961735,0.3139009297762383,0.2883956627408643,0.24026554237844763,0.0932541683288938,0.32206630358961735
16.616666666666667,0.32175787282752605,0.313604122724609,0.2881342482292619,0.24006665516563117,0.09313003911798759,0.32175787282752605
16.633333333333333,0.3214502954614272,0.3133081373078662,0.2878735593355569,0.23986832809134792,0.09300645317337795,0.3214502954614272
16.65,0.32114356820404527,0.313012970336625,0.28761359316313595,0.23967055874011034,0.09288340744377438,0.32114356820404527
16.666666666666668,0.32083768778279076,0.3127186186359693,0.2873543468292754,0.23947334470978632,0.0927608988968576,0.32083768778279076
16.683333333333334,0.3205326509396948,0.31242507904538575,0.287095817465072,0.23927668361151752,0.09263892451918238,0.3205326509396948
16.7,0.32022845443134335,0.3121323484186981,0.28683800221537425,0.2390805730696384,0.09251748131607995,0.32022845443134335
16.716666666666665,0.3199250950288118,0.3118404236240005,0.2865808982387139,0.23888501072159543,0.09239656631155999,0.3199250950288118
16.733333333333334,0.31962256951759965,0.31154930154359256,0.2863245027072374,0.238689994217867,0.09227617654821269,0.31962256951759965
16.75,0.31932087469756587,0.3112589790739137,0.28606881280663826,0.23849552122188344,0.0921563090871105,0.31932087469756587
16.766666666666666,0.31902000738286423,0.3109694531254782,0.28581382573608916,0.23830158940994772,0.09203696100770967,0.31902000738286423
16.783333333333335,0.31871996440187855,0.3106807206228102,0.28555953870817463,0.23810819647115633,0.09191812940775174,0.31871996440187855
16.8,0.31842074259715863,0.3103927785043792,0.28530594894882355,0.237915340107321,0.09179981140316483,0.31842074259715863
16.816666666666666,0.3181223388253564,0.31010562372253536,0.28505305369724265,0.23772301803289014,0.09168200412796479,0.3181223388253564
16.833333333333332,0.31782474995716203,0.3098192532434457,0.2848008502058498,0.23753122797487158,0.09156470473415634,0.31782474995716203
16.85,0.31752797287724055,0.30953366404703025,0.28454933574020747,0.2373399676727549,0.09144791039163411,0.31752797287724055
16.866666666666667,0.317232004484168,0.3092488531268978,0.28429850757895675,0.23714923487843476,0.09133161828808362,0.317232004484168
16.883333333333333,0.3169368416903695,0.30896481749028315,0.28404836301375164,0.23695902735613444,0.09121582562888206,0.3169368416903695
16.9,0.31664248142205537,0.3086815541579835,0.28379889934919345,0.2367693428823298,0.09110052963699951,0.31664248142205537
16.916666666666668,0.31634892061915915,0.30839906016429547,0.2835501139027655,0.23658017924567354,0.09098572755289952,0.31634892061915915
16.933333333333334,0.31605615623527505,0.3081173325569527,0.28330200400476824,0.23639153424692017,0.09087141663444022,0.31605615623527505
16.95,0.31576418523759586,0.3078363683970633,0.2830545669982544,0.23620340569885123,0.0907575941567752,0.31576418523759586
16.966666666666665,0.31547300460685107,0.3075561647590471,0.28280780023896446,0.23601579142620088,0.09064425741225449,0.31547300460685107
16.983333333333334,0.31518261133724534,0.3072767187305746,0.282561701095263,0.23582868926558193,0.0905314037103257,0.31518261133724534
17.0,0.31489300243639684,0.3069980274125041,0.2823162669480744,0.23564209706541248,0.09041903037743496,0.31489300243639684
17.016666666666666,0.3146041749252765,0.3067200879188212,0.282071495190819,0.2354560126858427,0.09030713475692823,0.3146041749252765
17.033333333333335,0.31431612583814633,0.3064428973765768,0.2818273832293502,0.23527043399868225,0.09019571420895256,0.31431612583814633
17.05,0.3140288522224996,0.30616645292582656,0.2815839284818914,0.23508535888732782,0.09008476611035765,0.3140288522224996
17.066666666666666,0.3137423511389996,0.3058907517195696,0.28134112837897285,0.23490078524669158,0.08997428785459718,0.3137423511389996
17.083333333333332,0.31345661966141997,0.30561579092368824,0.2810989803633693,0.23471671098312957,0.08986427685163062,0.31345661966141997
17.1,0.3131716548765842,0.30534156771688775,0.2808574818900378,0.2345331340143707,0.08975473052782498,0.3131716548765842
17.116666666666667,0.31288745388430605,0.30506807929063606,0.28061663042605567,0.2343500522694461,0.08964564632585695,0.31288745388430605
17.133333333333333,0.31260401379732994,0.3047953228491038,0.28037642345055885,0.23416746368861915,0.08953702170461492,0.31260401379732994
17.15,0.31232133174127175,0.30452329560910507,0.2801368584546803,0.23398536622331545,0.0894288541391014,0.31232133174127175
17.166666666666668,0.3120394048545596,0.3042519948000377,0.27989793294148896,0.23380375783605364,0.08932114112033573,0.3120394048545596
17.183333333333334,0.31175823028837507,0.3039814176638242,0.27965964442592894,0.23362263650037624,0.08921388015525657,0.31175823028837507
17.2,0.31147780520659407,0.303711561454853,0.2794219904347587,0.23344200020078132,0.08910706876662512,0.31147780520659407
17.216666666666665,0.31119812678572933,0.30344242343991945,0.27918496850649077,0.23326184693265428,0.08900070449292831,0.31119812678572933
17.233333333333334,0.31091919221487146,0.3031740008981677,0.27894857619133195,0.23308217470220005,0.08889478488828219,0.31091919221487146
17.25,0.3106409986956311,0.3029062911210324,0.2787128110511229,0.23290298152637579,0.08878930752233567,0.3106409986956311
17.266666666666666,0.3103635434420817,0.3026392914121807,0.27847767065927914,0.23272426543282404,0.08868426998017453,0.3103635434420817
17.283333333333335,0.3100868236807012,0.3023729990874543,0.27824315260073157,0.23254602445980618,0.08857966986222574,0.3100868236807012
17.3,0.3098108366503154,0.3021074114748124,0.2780092544718675,0.2323682566561362,0.08847550478416177,0.3098108366503154
17.316666666666666,0.3095355796020406,0.3018425259142741,0.2777759738804718,0.23219096008111512,0.0883717723768056,0.3095355796020406
17.333333333333332,0.3092610497992271,0.30157833975786125,0.2775433084456687,0.23201413280446553,0.08826847028603582,0.3092610497992271
17.35,0.3089872445174019,0.3013148503695423,0.27731125579786337,0.2318377729062668,0.08816559617269182,0.3089872445174019
17.366666666666667,0.3087141610442132,0.30105205512517474,0.277079813578684,0.23166187847689057,0.08806314771247986,0.3087141610442132
17.383333333333333,0.30844179667937355,0.3007899514124498,0.2768489794409243,0.23148644761693643,0.0879611225958787,0.30844179667937355
17.4,0.30817014873460435,0.3005285366308354,0.27661875104848593,0.23131147843716834,0.08785951852804631,0.30817014873460435
17.416666666666668,0.30789921453358005,0.30026780819152105,0.27638912607632155,0.2311369690584513,0.08775833322872642,0.30789921453358005
17.433333333333334,0.30762899141187244,0.3000077635173617,0.2761601022103777,0.23096291761168833,0.08765756443215546,0.30762899141187244
17.45,0.3073594767168957,0.2997484000428226,0.27593167714753863,0.23078932223775794,0.0875572098869701,0.3073594767168957
17.466666666666665,0.3070906678078512,0.2994897152139239,0.27570384859556946,0.23061618108745185,0.08745726735611493,0.3070906678078512
17.483333333333334,0.3068225620556727,0.29923170648818603,0.27547661427306047,0.23044349232141348,0.08735773461675045,0.3068225620556727
17.5,0.3065551568429719,0.29897437133457455,0.27524997190937117,0.2302712541100762,0.08725860946016163,0.3065551568429719
17.516666666666666,0.3062884495639838,0.2987177072334461,0.2750239192445749,0.23009946463360254,0.0871598896916666,0.3062884495639838
17.533333333333335,0.3060224376245131,0.2984617116764937,0.27479845402940334,0.2299281220818235,0.08706157313052602,0.3060224376245131
17.55,0.3057571184418796,0.29820638216669315,0.27457357402519156,0.2297572246541783,0.08696365760985247,0.3057571184418796
17.566666666666666,0.30549248944486473,0.2979517162182489,0.2743492770038234,0.22958677055965443,0.08686614097652053,0.30549248944486473
17.583333333333332,0.3052285480736585,0.29769771135654066,0.2741255607476768,0.2294167580167283,0.08676902109107701,0.3052285480736585
17.6,0.3049652917798057,0.2974443651180699,0.27390242304956985,0.229247185253306,0.08667229582765168,0.3049652917798057
17.616666666666667,0.30470271802615306,0.2971916750504069,0.2736798617127065,0.22907805050666458,0.08657596307386851,0.30470271802615306
17.633333333333333,0.30444082428679636,0.2969396387121377,0.2734578745506229,0.22890935202339363,0.08648002073075721,0.30444082428679636
17.65,0.3041796080470282,0.2966882536728115,0.27323645938713437,0.2287410880593374,0.08638446671266495,0.3041796080470282
17.666666666666668,0.30391906680328507,0.2964375175128882,0.2730156140562816,0.22857325687953714,0.08628929894716886,0.30391906680328507
17.683333333333334,0.3036591980630953,0.2961874278236864,0.2727953364022781,0.22840585675817365,0.08619451537498884,0.3036591980630953
17.7,0.3033999993450277,0.2959379822073309,0.27257562427945736,0.22823888597851066,0.08610011394990057,0.3033999993450277
17.716666666666665,0.3031414681786388,0.2956891782767014,0.27235647555222076,0.22807234283283806,0.08600609263864928,0.3031414681786388
17.733333333333334,0.3028836021044224,0.2954410136553808,0.27213788809498474,0.22790622562241586,0.08591244942086348,0.3028836021044224
17.75,0.3026263986737574,0.29519348597760375,0.2719198597921296,0.22774053265741834,0.08581918228896979,0.3026263986737574
17.766666666666666,0.30236985544885747,0.2949465928882058,0.2717023885379475,0.22757526225687863,0.08572628924810748,0.30236985544885747
17.783333333333335,0.3021139700027196,0.2947003320425724,0.271485472236591,0.22741041274863355,0.08563376831604383,0.3021139700027196
17.8,0.3018587399190737,0.29445470110658806,0.2712691088020221,0.22724598246926894,0.08554161752308997,0.3018587399190737
17.816666666666666,0.30160416279233204,0.29420969775658623,0.2710532961579613,0.22708196976406525,0.08544983491201698,0.30160416279233204
17.833333333333332,0.30135023622753926,0.29396531967929895,0.270838032237837,0.2269183729869435,0.08535841853797232,0.30135023622753926
17.85,0.301096957840322,0.2937215645718069,0.27062331498473463,0.22675519050041165,0.08526736646839726,0.301096957840322
17.866666666666667,0.3008443252568396,0.29347843014148955,0.2704091423513475,0.22659242067551116,0.08517667678294386,0.3008443252568396
17.883333333333333,0.30059233611373387,0.29323591410597555,0.2701955122999259,0.22643006189176412,0.08508634757339326,0.30059233611373387
17.9,0.3003409880580805,0.2929940141930937,0.26998242280222806,0.2262681125371206,0.08499637694357393,0.3003409880580805
17.916666666666668,0.30009027874733907,0.2927527281408233,0.26976987183947054,0.2261065710079062,0.08490676300928042,0.30009027874733907
17.933333333333334,0.2998402058493048,0.2925120536972461,0.26955785740227906,0.22594543570877046,0.08481750389819266,0.2998402058493048
17.95,0.29959076704205934,0.2922719886204965,0.2693463774906397,0.2257847050526348,0.08472859774979569,0.29959076704205934
17.966666666666665,0.2993419600139224,0.2920325306787142,0.26913543011385044,0.2256243774606415,0.0846400427152997,0.2993419600139224
17.983333333333334,0.29909378246340346,0.2917936776499952,0.268925013290472,0.22546445136210286,0.08455183695756077,0.29909378246340346
18.0,0.29884623209915373,0.291555427322344,0.26871512504828066,0.22530492519445028,0.08446397865100184,0.29884623209915373
18.016666666666666,0.29859930663991796,0.2913177774936259,0.2685057634242197,0.2251457974031843,0.08437646598153425,0.29859930663991796
18.033333333333335,0.2983530038144872,0.29108072597151924,0.2682969264643518,0.22498706644182448,0.08428929714647958,0.2983530038144872
18.05,0.2981073213616508,0.29084427057346796,0.26808861222381186,0.22482873077185989,0.08420247035449221,0.2981073213616508
18.066666666666666,0.2978622570301494,0.29060840912663477,0.2678808187667595,0.22467078886269976,0.08411598382548212,0.2978622570301494
18.083333333333332,0.2976178085786281,0.2903731394678538,0.26767354416633227,0.2245132391916245,0.08402983579053812,0.2976178085786281
18.1,0.2973739737755887,0.2901384594435841,0.267466786504599,0.2243560802437373,0.08394402449185179,0.2973739737755887
18.116666666666667,0.2971307503993444,0.2899043669098627,0.2672605438725131,0.22419931051191544,0.08385854818264148,0.2971307503993444
18.133333333333333,0.296888136237972,0.28967085973225914,0.26705481436986656,0.22404292849676263,0.08377340512707718,0.296888136237972
18.15,0.29664612908926663,0.2894379357858283,0.2668495961052436,0.22388693270656118,0.08368859360020553,0.29664612908926663
18.166666666666668,0.29640472676069496,0.28920559295506537,0.26664488719597546,0.22373132165722465,0.08360411188787542,0.29640472676069496
18.183333333333334,0.29616392706935,0.2889738291338595,0.2664406857680944,0.22357609387225094,0.08351995828666417,0.29616392706935
18.2,0.29592372784190485,0.28874264222544876,0.2662369899562884,0.22342124788267537,0.08343613110380359,0.29592372784190485
18.216666666666665,0.2956841269145678,0.2885120301423747,0.2660337979038564,0.2232667822270244,0.08335262865710749,0.2956841269145678
18.233333333333334,0.29544512213303675,0.2882819908064371,0.2658311077626633,0.22311269545126955,0.08326944927489871,0.29544512213303675
18.25,0.2952067113524542,0.2880525221486497,0.2656289176930954,0.22295898610878145,0.08318659129593696,0.2952067113524542
18.266666666666666,0.2949688924373624,0.28782362210919454,0.2654272258640158,0.2228056527602845,0.08310405306934726,0.2949688924373624
18.283333333333335,0.29473166326165895,0.2875952886373786,0.26522603045272075,0.2226526939738116,0.08302183295454865,0.29473166326165895
18.3,0.2944950217085519,0.2873675196915889,0.26502532964489534,0.22250010832465933,0.0829399293211833,0.2944950217085519
18.316666666666666,0.2942589656705162,0.2871403132392484,0.2648251216345697,0.22234789439534333,0.08285834054904627,0.2942589656705162
18.333333333333332,0.2940234930492488,0.2869136672567727,0.2646254046240763,0.22219605077555393,0.08277706502801548,0.2940234930492488
18.35,0.2937886017556254,0.28668757972952574,0.26442617682400577,0.2220445760621123,0.08269610115798227,0.2937886017556254
18.366666666666667,0.29355428970965664,0.28646204865177705,0.2642274364531644,0.2218934688589268,0.0826154473487826,0.29355428970965664
18.383333333333333,0.2933205548404447,0.2862370720266579,0.2640291817385315,0.2217427277769492,0.08253510202012809,0.2933205548404447
18.4,0.29308739508613973,0.2860126478661186,0.26383141091521645,0.22159235143413214,0.08245506360153824,0.29308739508613973
18.416666666666668,0.29285480839389744,0.2857887741908857,0.26363412222641674,0.22144233845538586,0.08237533053227258,0.29285480839389744
18.433333333333334,0.29262279271983527,0.28556544903041925,0.2634373139233756,0.22129268747253583,0.08229590126126346,0.29262279271983527
18.45,0.2923913460289907,0.2853426704228703,0.26324098426534026,0.22114339712428055,0.0822167742470493,0.2923913460289907
18.466666666666665,0.29216046629527803,0.2851204364150389,0.26304513151952014,0.22099446605614953,0.0821379479577081,0.29216046629527803
18.483333333333334,0.2919301515014467,0.28489874506233187,0.2628497539610457,0.22084589292046156,0.08205942087079166,0.2919301515014467
18.5,0.29170039963903854,0.28467759442872104,0.26265484987292687,0.2206976763762834,0.08198119147326,0.29170039963903854
18.516666666666666,0.2914712087083464,0.2844569825867016,0.2624604175460121,0.22054981508938867,0.0819032582614164,0.2914712087083464
18.533333333333335,0.29124257671837217,0.2842369076172506,0.2622664552789481,0.22040230773221692,0.08182561974084265,0.29124257671837217
18.55,0.29101450168678533,0.284017367609786,0.26207296137813835,0.22025515298383302,0.08174827442633509,0.29101450168678533
18.566666666666666,0.29078698163988165,0.28379836066212527,0.26187993415770344,0.22010834952988717,0.08167122084184056,0.29078698163988165
18.583333333333332,0.2905600146125418,0.2835798848804445,0.2616873719394407,0.21996189606257444,0.0815944575203933,0.2905600146125418
18.6,0.29033359864819097,0.28336193837923807,0.2614952730527843,0.21981579128059534,0.08151798300405194,0.29033359864819097
18.616666666666667,0.29010773179875726,0.28314451928127793,0.26130363583476546,0.21967003388911624,0.08144179584383715,0.29010773179875726
18.633333333333333,0.28988241212463184,0.2829276257175735,0.261112458629973,0.2195246225997301,0.0813658945996695,0.28988241212463184
18.65,0.28965763769462827,0.2827112558273315,0.260921739790514,0.21937955613041765,0.0812902778403077,0.28965763769462827
18.666666666666668,0.2894334065859422,0.2824954077579158,0.2607314776759748,0.21923483320550852,0.08121494414328782,0.2894334065859422
18.683333333333334,0.28920971688411146,0.28228007966480834,0.2605416706533822,0.21909045255564294,0.08113989209486203,0.28920971688411146
18.7,0.2889865666829762,0.28206526971156887,0.26035231709716444,0.2189464129177336,0.08106512028993851,0.2889865666829762
18.716666666666665,0.2887639540846394,0.28185097606979626,0.2601634153891129,0.2188027130349276,0.08099062733202146,0.2887639540846394
18.733333333333334,0.288541877199427,0.2816371969190889,0.25997496391834424,0.2186593516565689,0.08091641183315154,0.288541877199427
18.75,0.28832033414584884,0.28142393044700614,0.25978696108126165,0.21851632753816103,0.08084247241384666,0.28832033414584884
18.766666666666666,0.2880993230505599,0.28121117484902924,0.2595994052815176,0.21837363944132965,0.08076880770304341,0.2880993230505599
18.783333333333335,0.28787884204832076,0.28099892832852286,0.25941229492997586,0.2182312861337859,0.08069541633803876,0.28787884204832076
18.8,0.28765888928195915,0.28078718909669675,0.2592256284446741,0.21808926638928966,0.08062229696443196,0.28765888928195915
18.816666666666666,0.2874394629023316,0.2805759553725676,0.25903940425078675,0.2179475789876132,0.08054944823606726,0.2874394629023316
18.833333333333332,0.2872205610682845,0.28036522538292075,0.25885362078058793,0.217806222714505,0.08047686881497679,0.2872205610682845
18.85,0.2870021819466166,0.28015499736227256,0.2586682764734146,0.21766519636165388,0.08040455737132364,0.2870021819466166
18.866666666666667,0.2867843237120404,0.27994526955283283,0.2584833697756299,0.2175244987266533,0.08033251258334591,0.2867843237120404
18.883333333333333,0.2865669845471447,0.2797360402044672,0.2582988991405866,0.21738412861296588,0.08026073313730053,0.2865669845471447
18.9,0.2863501626423567,0.2795273075746597,0.25811486302859116,0.21724408482988838,0.08018921772740792,0.2863501626423567
18.916666666666668,0.2861338561959045,0.27931906992847616,0.2579312599068674,0.21710436619251672,0.08011796505579674,0.2861338561959045
18.933333333333334,0.28591806341377995,0.2791113255385267,0.25774808824952056,0.21696497152171107,0.08004697383244938,0.28591806341377995
18.95,0.28570278250970155,0.2789040726849292,0.25756534653750207,0.21682589964406163,0.07997624277514748,0.28570278250970155
18.966666666666665,0.2854880117050773,0.27869730965527295,0.2573830332585737,0.2166871493918543,0.07990577060941784,0.2854880117050773
18.983333333333334,0.28527374922896787,0.278491034744582,0.25720114690727236,0.21654871960303673,0.07983555606847913,0.28527374922896787
19.0,0.2850599933180502,0.27828524625527895,0.25701968598487523,0.21641060912118437,0.07976559789318866,0.2850599933180502
19.016666666666666,0.28484674221658113,0.27807994249714896,0.2568386489993645,0.2162728167954672,0.07969589483198931,0.28484674221658113
19.033333333333335,0.2846339941763607,0.2778751217873041,0.2566580344653929,0.21613534148061608,0.0796264456408575,0.2846339941763607
19.05,0.28442174745669635,0.27767078245014726,0.2564778409042493,0.21599818203689003,0.07955724908325082,0.28442174745669635
19.066666666666666,0.2842100003243672,0.277466922817337,0.25629806684382406,0.21586133733004298,0.07948830393005653,0.2842100003243672
19.083333333333332,0.2839987510535879,0.277263541227752,0.25611871081857507,0.21572480623129153,0.07941960895954017,0.2839987510535879
19.1,0.28378799792597315,0.2770606360274559,0.25593977136949375,0.21558858761728206,0.07935116295729468,0.28378799792597315
19.116666666666667,0.2835777392305024,0.27685820556966256,0.2557612470440715,0.21545268037005894,0.07928296471618977,0.2835777392305024
19.133333333333333,0.2833679732634846,0.276656248214701,0.25558313639626573,0.2153170833770324,0.07921501303632175,0.2833679732634846
19.15,0.28315869832852325,0.27645476232998056,0.2554054379864668,0.2151817955309466,0.07914730672496374,0.28315869832852325
19.166666666666668,0.28294991273648096,0.2762537462899571,0.2552281503814645,0.2150468157298483,0.07907984459651601,0.28294991273648096
19.183333333333334,0.28274161480544524,0.2760531984760979,0.25505127215441536,0.2149121428770554,0.0790126254724571,0.28274161480544524
19.2,0.28253380286069374,0.2758531172768482,0.2548748018848094,0.21477777588112584,0.07894564818129486,0.28253380286069374
19.216666666666665,0.2823264752346599,0.27565350108759656,0.2546987381584377,0.21464371365582674,0.07887891155851814,0.2823264752346599
19.233333333333334,0.2821196302668986,0.2754543483106419,0.25452307956736,0.21450995512010348,0.0788124144465486,0.2821196302668986
19.25,0.28191326630405206,0.27525565735515894,0.25434782470987205,0.21437649919804946,0.0787461556946932,0.28191326630405206
19.266666666666666,0.28170738169981613,0.2750574266371655,0.25417297219047374,0.21424334481887564,0.07868013415909664,0.28170738169981613
19.283333333333335,0.28150197481490624,0.2748596545794887,0.2539985206198371,0.2141104909168805,0.07861434870269447,0.28150197481490624
19.3,0.28129704401702416,0.27466233961173203,0.25382446861477415,0.2139779364314201,0.07854879819516625,0.28129704401702416
19.316666666666666,0.2810925876808242,0.2744654801702425,0.2536508147982061,0.21384568030687853,0.07848348151288942,0.2810925876808242
19.333333333333332,0.28088860418788014,0.2742690746980777,0.25347755779913095,0.21371372149263823,0.07841839753889317,0.28088860418788014
19.35,0.28068509192665236,0.2740731216449728,0.2533046962525928,0.21358205894305088,0.0783535451628127,0.28068509192665236
19.366666666666667,0.2804820492924542,0.2738776194673088,0.2531322287996506,0.2134506916174081,0.07828892328084419,0.2804820492924542
19.383333333333333,0.2802794746874198,0.2736825666280798,0.2529601540873472,0.21331961847991282,0.07822453079569938,0.2802794746874198
19.4,0.28007736652047155,0.27348796159686073,0.2527884707686787,0.21318883849965034,0.07816036661656131,0.28007736652047155
19.416666666666668,0.27987572320728676,0.2732938028497754,0.25261717750256385,0.21305835065056006,0.07809642965903968,0.27987572320728676
19.433333333333334,0.2796745431702664,0.273100088869465,0.2524462729538132,0.21292815391140685,0.07803271884512697,0.2796745431702664
19.45,0.27947382483850225,0.2729068181450562,0.2522757557930997,0.21279824726575325,0.07796923310315478,0.27947382483850225
19.466666666666665,0.27927356664774516,0.2727139891721293,0.25210562469692777,0.21266862970193132,0.07790597136775027,0.27927356664774516
19.483333333333334,0.2790737670403732,0.2725216004526874,0.25193587834760384,0.212539300213015,0.07784293257979334,0.2790737670403732
19.5,0.2788744244653598,0.272329650495125,0.25176651543320644,0.21241025779679254,0.07778011568637387,0.2788744244653598
19.516666666666666,0.2786755373782424,0.2721381378141967,0.25159753464755674,0.21228150145573904,0.07771751964074908,0.2786755373782424
19.533333333333335,0.278477104241091,0.27194706093098675,0.251428934690189,0.21215303019698933,0.07765514340230159,0.278477104241091
19.55,0.2782791235224771,0.271756418372878,0.25126071426632135,0.21202484303231106,0.07759298593649763,0.2782791235224771
19.566666666666666,0.278081593697442,0.27156620867352144,0.2510928720868265,0.21189693897807765,0.07753104621484554,0.278081593697442
19.583333333333332,0.27788451324746677,0.27137643037280557,0.2509254068682032,0.2117693170552418,0.07746932321485453,0.27788451324746677
19.6,0.27768788066044087,0.2711870820168264,0.25075831733254716,0.21164197628930898,0.07740781591999389,0.27768788066044087
19.616666666666667,0.27749169443063154,0.2709981621578573,0.25059160220752247,0.21151491571031122,0.07734652331965225,0.27749169443063154
19.633333333333333,0.27729595305865373,0.27080966935431877,0.2504252602263331,0.21138813435278087,0.07728544440909747,0.27729595305865373
19.65,0.2771006550514393,0.2706216021707488,0.25025929012769477,0.21126163125572467,0.0772245781894366,0.2771006550514393
19.666666666666668,0.2769057989222072,0.27043395917777324,0.25009369065580644,0.21113540546259807,0.07716392366757623,0.2769057989222072
19.683333333333334,0.27671138319043304,0.2702467389520762,0.2499284605603228,0.21100945602127963,0.07710347985618297,0.27671138319043304
19.7,0.2765174063818197,0.2700599400763706,0.24976359859632602,0.2108837819840455,0.07704324577364453,0.2765174063818197
19.716666666666665,0.2763238670282674,0.2698735611393691,0.2495991035242983,0.21075838240754435,0.07698322044403082,0.2763238670282674
19.733333333333334,0.27613076366784367,0.26968760073575493,0.24943497411009413,0.21063325635277202,0.07692340289705529,0.27613076366784367
19.75,0.2759380948447548,0.2695020574661531,0.2492712091249131,0.2105084028850469,0.07686379216803702,0.2759380948447548
19.766666666666666,0.27574585910931565,0.2693169299371012,0.2491078073452726,0.210383821073985,0.07680438729786247,0.27574585910931565
19.783333333333335,0.275554055017921,0.2691322167610215,0.24894476755298064,0.21025950999347542,0.07674518733294794,0.275554055017921
19.8,0.2753626811330166,0.2689479165561915,0.24878208853510914,0.21013546872165584,0.07668619132520221,0.2753626811330166
19.816666666666666,0.2751717360230698,0.2687640279467164,0.24861976908396693,0.21001169634088845,0.07662739833198923,0.2751717360230698
19.833333333333332,0.27498121826254135,0.26858054956250055,0.24845780799707318,0.20988819193773572,0.0765688074160915,0.27498121826254135
19.85,0.27479112643185655,0.26839748003921937,0.24829620407713102,0.20976495460293643,0.07651041764567341,0.27479112643185655
19.866666666666667,0.274601459117377,0.2682148180182914,0.24813495613200107,0.20964198343138213,0.07645222809424496,0.274601459117377
19.883333333333333,0.2744122149113718,0.2680325621468508,0.24797406297467525,0.20951927752209326,0.0763942378406257,0.2744122149113718
19.9,0.27422339241199006,0.2678507110777193,0.24781352342325091,0.2093968359781957,0.07633644596890894,0.27422339241199006
19.916666666666668,0.27403499022323263,0.267669263469379,0.2476533363009047,0.2092746579068977,0.0762788515684264,0.27403499022323263
19.933333333333334,0.27384700695492387,0.26748821798594496,0.24749350043586682,0.20915274241946658,0.07622145373371278,0.27384700695492387
19.95,0.27365944122268426,0.2673075732971379,0.24733401466139568,0.20903108863120565,0.07616425156447106,0.27365944122268426
19.966666666666665,0.27347229164790293,0.2671273280782571,0.24717487781575215,0.20890969566143155,0.07610724416553741,0.27347229164790293
19.983333333333334,0.2732855568577096,0.2669474810101537,0.2470160887421742,0.20878856263345144,0.07605043064684705,0.2732855568577096
20.0,0.27309923548494797,0.2667680307792034,0.24685764628885198,0.2086676886745405,0.07599381012340001,0.27309923548494797
20.016666666666666,0.27291332616814795,0.26658897607728044,0.2466995493089026,0.2085470729159195,0.07593738171522701,0.27291332616814795
20.033333333333335,0.2727278275514988,0.26641031560173045,0.246541796660345,0.20842671449273267,0.07588114454735599,0.2727278275514988
20.05,0.27254273828482245,0.2662320480553445,0.24638438720607564,0.20830661254402544,0.07582509774977853,0.27254273828482245
20.066666666666666,0.272358057023546,0.2660541721463326,0.24622731981384352,0.20818676621272264,0.07576924045741666,0.272358057023546
20.083333333333332,0.2721737824286759,0.26587668658829766,0.24607059335622572,0.20806717464560656,0.07571357181008999,0.2721737824286759
20.1,0.27198991316677096,0.2656995901002094,0.2459142067106031,0.20794783699329542,0.07565809094577725,0.27198991316677096
20.116666666666667,0.2718064479099159,0.2655228814063786,0.24575815875913615,0.2078287524102218,0.07560279703052128,0.2718064479099159
20.133333333333333,0.27162338533569524,0.26534655923643136,0.24560244838874074,0.20770992005461125,0.07554768920669379,0.27162338533569524
20.15,0.2714407241271673,0.26517062232528343,0.24544707449106412,0.207591339088461,0.07549276663503202,0.2714407241271673
20.166666666666668,0.2712584629728377,0.2649950694131148,0.24529203596246124,0.20747300867751906,0.07543802847963411,0.2712584629728377
20.183333333333334,0.27107660056663396,0.26481989924534416,0.24513733170397112,0.20735492799126296,0.07538347390912083,0.27107660056663396
20.2,0.27089513560787976,0.2646451105726041,0.24498296062129302,0.20723709620287928,0.07532910209673419,0.27089513560787976
20.216666666666665,0.2707140668012689,0.2644707021507158,0.2448289216247631,0.20711951248924265,0.0752749122203385,0.2707140668012689
20.233333333333334,0.27053339285684014,0.2642966727406636,0.24467521362933134,0.2070021760308955,0.0752209034624007,0.27053339285684014
20.25,0.2703531124899518,0.26412302110857144,0.244521835554538,0.20688508601202732,0.07516707500996404,0.2703531124899518
20.266666666666666,0.2701732244212564,0.26394974602567667,0.24436878632449083,0.20676824162045476,0.0751134260546201,0.2701732244212564
20.283333333333335,0.2699937273766757,0.26377684626830644,0.2442160648678421,0.20665164204760111,0.07505995579247954,0.2699937273766757
20.3,0.2698146200873756,0.2636043206178532,0.2440636701177657,0.20653528648847658,0.07500666342414283,0.2698146200873756
20.316666666666666,0.26963590128974135,0.26343216786074974,0.2439116010119347,0.20641917414165822,0.07495354815467106,0.26963590128974135
20.333333333333332,0.26945756972535273,0.26326038678844577,0.24375985649249848,0.20630330420927034,0.07490060919355637,0.26945756972535273
20.35,0.26927962414095946,0.26308897619738325,0.2436084355060606,0.20618767589696482,0.07484784575469325,0.26927962414095946
20.366666666666667,0.269102063288457,0.2629179348889729,0.24345733700365646,0.20607228841390146,0.07479525705634908,0.269102063288457
20.383333333333333,0.2689248859248615,0.2627472616695702,0.24330655994073092,0.20595714097272894,0.07474284232113584,0.2689248859248615
20.4,0.2687480908122864,0.26257695535045145,0.2431561032771165,0.2058422327895652,0.07469060077598141,0.2687480908122864
20.416666666666668,0.26857167671791754,0.2624070147477905,0.24300596597701146,0.20572756308397866,0.07463853165210099,0.26857167671791754
20.433333333333334,0.26839564241398967,0.26223743868263527,0.24285614700895777,0.20561313107896906,0.07458663418496925,0.26839564241398967
20.45,0.26821998667776237,0.2620682259808842,0.24270664534581965,0.20549893600094862,0.07453490761429206,0.26821998667776237
20.466666666666665,0.2680447082914965,0.26189937547326325,0.24255745996476186,0.20538497707972325,0.07448335118397915,0.2680447082914965
20.483333333333334,0.26786980604243,0.26173088599530264,0.24240858984722846,0.20527125354847403,0.07443196414211604,0.26786980604243
20.5,0.26769527872275506,0.2615627563873141,0.24226003397892115,0.20515776464373872,0.07438074574093716,0.26769527872275506
20.516666666666666,0.2675211251295942,0.26139498549436746,0.2421117913497785,0.20504450960539317,0.07432969523679839,0.2675211251295942
20.533333333333335,0.26734734406497734,0.2612275721662688,0.24196386095395456,0.20493148767663324,0.07427881189015022,0.26734734406497734
20.55,0.2671739343358183,0.26106051525753704,0.24181624178979785,0.20481869810395675,0.074228094965511,0.2671739343358183
20.566666666666666,0.26700089475389227,0.2608938136273816,0.24166893285983077,0.2047061401371451,0.07417754373144037,0.26700089475389227
20.583333333333332,0.266828224135812,0.26072746613968034,0.2415219331707287,0.20459381302924584,0.07412715746051295,0.266828224135812
20.6,0.2666559213030058,0.2605614716629569,0.24137524173329933,0.2044817160365544,0.07407693542929197,0.2666559213030058
20.616666666666667,0.2664839850816945,0.26039582907035863,0.24122885756246226,0.20436984841859676,0.0740268769183036,0.2664839850816945
20.633333333333333,0.26631241430286895,0.26023053723963485,0.24108277967722858,0.20425820943811174,0.07397698121201096,0.26631241430286895
20.65,0.2661412078022673,0.2600655950531142,0.2409370071006805,0.2041467983610335,0.07392724759878844,0.2661412078022673
20.666666666666668,0.2659703644203528,0.2599010013976837,0.24079153885995136,0.20403561445647436,0.07387767537089661,0.2659703644203528
20.683333333333334,0.26579988300229185,0.25973675516476624,0.24064637398620534,0.20392465699670742,0.07382826382445676,0.26579988300229185
20.7,0.26562976239793107,0.2595728552502996,0.24050151151461774,0.20381392525714953,0.07377901225942585,0.26562976239793107
20.716666666666665,0.2654600014617762,0.2594093005547146,0.24035695048435496,0.20370341851634421,0.0737299199795718,0.2654600014617762
20.733333333333334,0.2652905990529694,0.2592460899829137,0.24021268993855488,0.2035931360559449,0.07368098629244865,0.2652905990529694
20.75,0.26512155403526816,0.25908322244424997,0.24006872892430722,0.20348307716069794,0.07363221050937233,0.26512155403526816
20.766666666666666,0.2649528652770228,0.25892069685250574,0.239925066492634,0.20337324111842614,0.073583591945396,0.2649528652770228
20.783333333333335,0.2647845316511557,0.25875851212587164,0.23978170169847018,0.203263627220012,0.07353512991928626,0.2647845316511557
20.8,0.264616552035139,0.25859666718692564,0.23963863360064433,0.20315423475938138,0.07348682375349895,0.264616552035139
20.816666666666666,0.264448925310974,0.25843516096261215,0.23949586126185946,0.20304506303348702,0.07343867277415556,0.264448925310974
20.833333333333332,0.2642816503651694,0.25827399238422144,0.23935338374867388,0.2029361113422925,0.07339067631101936,0.2642816503651694
20.85,0.2641147260887203,0.25811316038736876,0.23921120013148242,0.20282737898875572,0.07334283369747238,0.2641147260887203
20.866666666666667,0.263948151377087,0.25795266391197413,0.23906930948449728,0.20271886527881322,0.07329514427049172,0.263948151377087
20.883333333333333,0.2637819251301744,0.2577925019022418,0.2389277108857294,0.20261056952136403,0.07324760737062677,0.2637819251301744
20.9,0.2636160462523109,0.25763267330663975,0.23878640341696988,0.20250249102825382,0.07320022234197608,0.2636160462523109
20.916666666666668,0.2634505136522276,0.25747317707788,0.23864538616377126,0.20239462911425926,0.07315298853216479,0.2634505136522276
20.933333333333334,0.26328532624303796,0.25731401217289784,0.23850465821542913,0.20228698309707233,0.07310590529232183,0.26328532624303796
20.95,0.263120482942217,0.25715517755283246,0.23836421866496382,0.20217955229728463,0.07305897197705771,0.263120482942217
20.966666666666665,0.262955982671581,0.2569966721830067,0.23822406660910206,0.2020723360383722,0.07301218794444218,0.262955982671581
20.983333333333334,0.2627918243572672,0.25683849503290745,0.23808420114825884,0.20196533364668,0.07296555255598206,0.2627918243572672
21.0,0.26262800692971355,0.2566806450761656,0.23794462138651942,0.20185854445140658,0.07291906517659934,0.26262800692971355
21.016666666666666,0.2624645293236385,0.256523121290537,0.23780532643162136,0.20175196778458918,0.07287272517460953,0.2624645293236385
21.033333333333335,0.2623013904780214,0.25636592265788266,0.23766631539493652,0.20164560298108838,0.07282653192169986,0.2623013904780214
21.05,0.2621385893360818,0.25620904816414947,0.23752758739145347,0.20153944937857343,0.0727804847929079,0.2621385893360818
21.066666666666666,0.26197612484526056,0.2560524967993507,0.23738914153975982,0.20143350631750706,0.07273458316660025,0.26197612484526056
21.083333333333332,0.26181399595719956,0.25589626755754724,0.23725097696202457,0.201327773141131,0.07268882642445149,0.26181399595719956
21.1,0.2616522016277222,0.25574035943682816,0.23711309278398066,0.20122224919545106,0.0726432139514229,0.2616522016277222
21.116666666666667,0.26149074081681384,0.2555847714392917,0.23697548813490762,0.20111693382922274,0.07259774513574195,0.26149074081681384
21.133333333333333,0.2613296124886026,0.2554295025710268,0.23683816214761433,0.20101182639393653,0.0725524193688814,0.2613296124886026
21.15,0.26116881561134003,0.25527455184209374,0.23670111395842175,0.20090692624380369,0.07250723604553883,0.26116881561134003
21.166666666666668,0.26100834915738175,0.25511991826650604,0.2365643427071459,0.20080223273574185,0.07246219456361622,0.26100834915738175
21.183333333333334,0.26084821210316805,0.2549656008622113,0.2364278475370809,0.2006977452293607,0.07241729432419973,0.26084821210316805
21.2,0.2606884034292056,0.2548115986510733,0.236291627594982,0.20059346308694806,0.07237253473153948,0.2606884034292056
21.216666666666665,0.2605289221200478,0.2546579106588529,0.23615568203104875,0.20048938567345556,0.0723279151930298,0.2605289221200478
21.233333333333334,0.2603697671642766,0.2545045359151903,0.23602000999890832,0.20038551235648494,0.07228343511918929,0.2603697671642766
21.25,0.2602109375544832,0.2543514734535868,0.23588461065559901,0.200281842506274,0.07223909392364117,0.2602109375544832
21.266666666666666,0.26005243228724967,0.25419872231138596,0.23574948316155347,0.20017837549568296,0.07219489102309369,0.26005243228724967
21.283333333333335,0.25989425036313035,0.25404628152975683,0.23561462668058242,0.20007511070018047,0.07215082583732094,0.25989425036313035
21.3,0.25973639078663363,0.2538941501536748,0.2354800403798583,0.19997204749783043,0.07210689778914336,0.25973639078663363
21.316666666666666,0.2595788525662032,0.2537423272319044,0.23534572342989898,0.1998691852692781,0.07206310630440882,0.2595788525662032
21.333333333333332,0.25942163471420004,0.2535908118169813,0.23521167500455148,0.19976652339773676,0.0720194508119735,0.25942163471420004
21.35,0.2592647362468841,0.25343960296519524,0.23507789428097609,0.19966406126897446,0.07197593074368318,0.2592647362468841
21.366666666666667,0.25910815618439653,0.2532886997365714,0.23494438043963017,0.19956179827130055,0.07193254553435446,0.25910815618439653
21.383333333333333,0.25895189355074116,0.2531381011948539,0.23481113266425255,0.1994597337955526,0.07188929462175628,0.25895189355074116
21.4,0.25879594737376727,0.25298780640748797,0.23467815014184723,0.1993578672350834,0.07184617744659143,0.25879594737376727
21.416666666666668,0.2586403166851512,0.25283781444560244,0.23454543206266804,0.19925619798574756,0.07180319345247815,0.2586403166851512
21.433333333333334,0.25848500052037876,0.25268812438399324,0.2344129776202029,0.19915472544588897,0.07176034208593221,0.25848500052037876
21.45,0.258329997918728,0.2525387353011055,0.23428078601115826,0.19905344901632765,0.07171762279634869,0.258329997918728
21.466666666666665,0.2581753079232512,0.25238964627901705,0.23414885643544342,0.19895236810034705,0.07167503503598407,0.2581753079232512
21.483333333333334,0.2580209295807575,0.2522408564034212,0.23401718809615543,0.19885148210368142,0.07163257825993845,0.2580209295807575
21.5,0.2578668619417959,0.25209236476361013,0.23388578019956363,0.19875079043450306,0.07159025192613806,0.2578668619417959
21.516666666666666,0.25771310406063747,0.2519441704524578,0.23375463195509444,0.1986502925034097,0.07154805549531756,0.25771310406063747
21.533333333333335,0.2575596549952586,0.2517962725664036,0.23362374257531623,0.19854998772341226,0.07150598843100264,0.2575596549952586
21.55,0.2574065138073236,0.25164867020543535,0.23349311127592418,0.19844987550992216,0.07146405019949287,0.2574065138073236
21.566666666666666,0.2572536795621678,0.2515013624730733,0.23336273727572546,0.19834995528073923,0.07142224026984437,0.2572536795621678
21.583333333333332,0.2571011513287809,0.25135434847635335,0.2332326197966242,0.19825022645603937,0.0713805581138529,0.2571011513287809
21.6,0.2569489281797894,0.25120762732581076,0.23310275806360675,0.19815068845836228,0.07133900320603692,0.2569489281797894
21.616666666666667,0.2567970091914407,0.2510611981354639,0.2329731513047269,0.19805134071259956,0.0712975750236208,0.2567970091914407
21.633333333333333,0.256645393443586,0.25091506002279823,0.2328437987510912,0.1979521826459824,0.07125627304651819,0.256645393443586
21.65,0.25649408001966345,0.25076921210875003,0.23271469963684446,0.19785321368807002,0.07121509675731526,0.25649408001966345
21.666666666666668,0.25634306800668216,0.25062365351769034,0.2325858531991552,0.19775443327073738,0.07117404564125457,0.25634306800668216
21.683333333333334,0.25619235649520583,0.25047838337740935,0.2324572586782013,0.19765584082816362,0.07113311918621859,0.25619235649520583
21.7,0.2560419445793357,0.25033340081910016,0.2323289153171555,0.1975574357968203,0.07109231688271339,0.2560419445793357
21.716666666666665,0.2558918313566951,0.25018870497734336,0.2322008223621713,0.1974592176154596,0.07105163822385274,0.2558918313566951
21.733333333333334,0.25574201592841267,0.2500442949900911,0.2320729790623688,0.19736118572510297,0.07101108270534205,0.25574201592841267
21.75,0.2555924973991069,0.2499001699986517,0.23194538466982034,0.1972633395690293,0.07097064982546249,0.2555924973991069
21.766666666666666,0.25544327487686946,0.24975632914767387,0.23181803843953686,0.19716567859276374,0.07093033908505525,0.25544327487686946
21.783333333333335,0.25529434747324947,0.2496127715851315,0.23169093962945359,0.1970682022440662,0.07089014998750598,0.25529434747324947
21.8,0.2551457143032382,0.24946949646230826,0.23156408750041624,0.19697090997292,0.07085008203872914,0.2551457143032382
21.816666666666666,0.2549973744852525,0.24932650293378222,0.23143748131616754,0.1968738012315207,0.07081013474715254,0.2549973744852525
21.833333333333332,0.25484932714111974,0.24918379015741077,0.2313111203433329,0.19677687547426487,0.07077030762370229,0.25484932714111974
21.85,0.2547015713960617,0.24904135729431537,0.23118500385140736,0.196680132157739,0.07073060018178726,0.2547015713960617
21.866666666666667,0.2545541063786795,0.2488992035088666,0.23105913111274157,0.1965835707407086,0.07069101193728429,0.2545541063786795
21.883333333333333,0.2544069312209377,0.24875732796866906,0.23093350140252858,0.19648719068410683,0.07065154240852287,0.2544069312209377
21.9,0.2542600450581496,0.24861572984454677,0.2308081139987902,0.1963909914510241,0.07061219111627055,0.2542600450581496
21.916666666666668,0.25411344702896094,0.24847440831052797,0.2306829681823637,0.1962949725066968,0.07057295758371807,0.25411344702896094
21.933333333333334,0.25396713627533574,0.24833336254383065,0.2305580632368886,0.19619913331849687,0.07053384133646459,0.25396713627533574
21.95,0.2538211119425404,0.24819259172484776,0.23043339844879335,0.1961034733559208,0.07049484190250316,0.2538211119425404
21.966666666666665,0.25367537317912914,0.2480520950371327,0.23030897310728227,0.19600799209057904,0.07045595881220634,0.25367537317912914
21.983333333333334,0.2535299191369287,0.24791187166738474,0.23018478650432236,0.1959126889961857,0.07041719159831161,0.2535299191369287
22.0,0.25338474897102325,0.2477719208054346,0.2300608379346304,0.19581756354854757,0.07037853979590741,0.25338474897102325
22.016666666666666,0.25323986183974045,0.2476322416442301,0.2299371266956599,0.19572261522555406,0.07034000294241875,0.25323986183974045
22.033333333333335,0.2530952569046354,0.24749283337982186,0.22981365208758847,0.19562784350716655,0.070301580577593,0.2530952569046354
22.05,0.2529509333304771,0.2473536952113491,0.2296904134133047,0.19553324787540824,0.07026327224348636,0.2529509333304771
22.066666666666666,0.2528068902852332,0.24721482634102535,0.22956740997839564,0.19543882781435373,0.07022507748444953,0.2528068902852332
22.083333333333332,0.2526631269400554,0.2470762259741246,0.22944464109113422,0.1953445828101189,0.07018699584711419,0.2526631269400554
22.1,0.2525196424692656,0.24693789331896723,0.2293221060624663,0.19525051235085078,0.07014902688037923,0.2525196424692656
22.116666666666667,0.252376436050341,0.24679982758690594,0.2291998042059986,0.1951566159267173,0.07011117013539714,0.252376436050341
22.133333333333333,0.2522335068638996,0.24666202799231202,0.22907773483798582,0.19506289302989743,0.07007342516556057,0.2522335068638996
22.15,0.25209085409368676,0.24652449375256152,0.2289558972773187,0.1949693431545713,0.07003579152648887,0.25209085409368676
22.166666666666668,0.25194847692655997,0.24638722408802166,0.22883429084551116,0.19487596579691002,0.06999826877601481,0.25194847692655997
22.183333333333334,0.2518063745524758,0.24625021822203688,0.2287129148666886,0.19478276045506596,0.06996085647417138,0.2518063745524758
22.2,0.2516645461644749,0.2461134753809156,0.22859176866757527,0.19468972662916306,0.06992355418317855,0.2516645461644749
22.216666666666665,0.2515229909586689,0.2459769947939165,0.22847085157748243,0.194596863821287,0.0698863614674305,0.2515229909586689
22.233333333333334,0.25138170813422595,0.24584077569323515,0.22835016292829602,0.19450417153547536,0.06984927789348234,0.25138170813422595
22.25,0.2512406968933569,0.24570481731399063,0.22822970205446497,0.19441164927770843,0.06981230303003749,0.2512406968933569
22.266666666666666,0.25109995644130195,0.2455691188942122,0.22810946829298906,0.19431929655589925,0.06977543644793474,0.25109995644130195
22.283333333333335,0.2509594859863167,0.2454336796748262,0.22798946098340708,0.19422711287988423,0.06973867772013576,0.2509594859863167
22.3,0.2508192847396585,0.24529849889964261,0.2278696794677851,0.19413509776141377,0.06970202642171239,0.2508192847396585
22.316666666666666,0.25067935191557283,0.24516357581534232,0.22775012309070464,0.19404325071414286,0.06966548212983412,0.25067935191557283
22.333333333333332,0.2505396867312803,0.24502890967146368,0.22763079119925106,0.19395157125362167,0.06962904442375573,0.2505396867312803
22.35,0.25040028840696266,0.2448944997203899,0.2275116831430019,0.1938600588972862,0.06959271288480487,0.25040028840696266
22.366666666666667,0.25026115616574984,0.24476034521733592,0.2273927982740153,0.19376871316444932,0.06955648709636993,0.25026115616574984
22.383333333333333,0.2501222892337065,0.24462644542033574,0.22727413594681856,0.19367753357629142,0.0695203666438878,0.2501222892337065
22.4,0.2499836868398188,0.24449279959022943,0.2271556955183968,0.1935865196558511,0.06948435111483184,0.2499836868398188
22.416666666666668,0.2498453482159813,0.24435940699065067,0.22703747634818128,0.19349567092801656,0.0694484400986997,0.2498453482159813
22.433333333333334,0.249707272596984,0.24422626688801402,0.22691947779803845,0.19340498691951621,0.06941263318700168,0.249707272596984
22.45,0.2495694592204992,0.2440933785515022,0.22680169923225846,0.19331446715890988,0.06937692997324861,0.2495694592204992
22.466666666666665,0.2494319073270687,0.24396074125305384,0.22668414001754406,0.1932241111765798,0.06934133005294041,0.2494319073270687
22.483333333333334,0.24929461616009058,0.24382835426735078,0.22656679952299946,0.19313391850472192,0.06930583302355409,0.24929461616009058
22.5,0.24915758496580676,0.24369621687180587,0.22644967712011932,0.1930438886773369,0.0692704384845324,0.24915758496580676
22.516666666666666,0.2490208129932902,0.2435643283465506,0.22633277218277748,0.19295402123022157,0.06923514603727207,0.2490208129932902
22.533333333333335,0.24888429949443192,0.24343268797442275,0.2262160840872164,0.19286431570096002,0.06919995528511262,0.24888429949443192
22.55,0.24874804372392872,0.24330129504095438,0.22609961221203595,0.1927747716289151,0.06916486583332501,0.24874804372392872
22.566666666666666,0.24861204493927047,0.24317014883435945,0.2259833559381827,0.19268538855521977,0.06912987728910003,0.24861204493927047
22.583333333333332,0.24847630240072752,0.24303924864552195,0.2258673146489391,0.19259616602276852,0.06909498926153729,0.24847630240072752
22.6,0.24834081537133845,0.2429085937679839,0.2257514877299128,0.19250710357620895,0.06906020136163432,0.24834081537133845
22.616666666666667,0.2482055831168976,0.24277818349793312,0.22563587456902587,0.19241820076193328,0.06902551320227512,0.2482055831168976
22.633333333333333,0.2480706049059429,0.24264801713419176,0.22552047455650437,0.19232945712806981,0.06899092439821941,0.2480706049059429
22.65,0.2479358800097433,0.24251809397820412,0.22540528708486768,0.19224087222447486,0.0689564345660916,0.2479358800097433
22.666666666666668,0.24780140770228692,0.242388413334025,0.225290311548918,0.1921524456027242,0.06892204332437012,0.24780140770228692
22.683333333333334,0.24766718726026873,0.24225897450830808,0.2251755473457298,0.192064176816105,0.06888775029337649,0.24766718726026873
22.7,0.24753321796307856,0.24212977681029413,0.2250609938746398,0.19197606541960735,0.06885355509526464,0.24753321796307856
22.716666666666665,0.24739949909278908,0.24200081955179958,0.22494665053723611,0.1918881109699164,0.06881945735401054,0.24739949909278908
22.733333333333334,0.24726602993414387,0.24187210204720477,0.22483251673734847,0.19180031302540407,0.06878545669540131,0.24726602993414387
22.75,0.24713280977454563,0.24174362361344268,0.2247185918810376,0.19171267114612098,0.06875155274702499,0.24713280977454563
22.766666666666666,0.24699983790404395,0.24161538356998735,0.2246048753765853,0.19162518489378855,0.06871774513826001,0.24699983790404395
22.783333333333335,0.24686711361532418,0.24148738123884267,0.2244913666344842,0.1915378538317909,0.06868403350026493,0.24686711361532418
22.8,0.24673463620369523,0.241359615944531,0.22437806506742783,0.19145067752516692,0.06865041746596806,0.24673463620369523
22.816666666666666,0.24660240496707803,0.2412320870140819,0.22426497009030033,0.19136365554060258,0.06861689667005749,0.24660240496707803
22.833333333333332,0.24647041920599408,0.24110479377702104,0.22415208112016682,0.19127678744642276,0.06858347074897077,0.24647041920599408
22.85,0.2463386782235538,0.24097773556535892,0.22403939757626334,0.19119007281258374,0.06855013934088484,0.2463386782235538
22.866666666666667,0.24620718132544508,0.24085091171358,0.22392691887998695,0.19110351121066538,0.06851690208570624,0.24620718132544508
22.883333333333333,0.24607592781992182,0.2407243215586315,0.22381464445488597,0.1910171022138633,0.06848375862506094,0.24607592781992182
22.9,0.24594491701779272,0.24059796443991244,0.22370257372665026,0.19093084539698135,0.06845070860228458,0.24594491701779272
22.916666666666668,0.24581414823240974,0.24047183969926297,0.22359070612310145,0.19084474033642396,0.06841775166241276,0.24581414823240974
22.933333333333334,0.24568362077965705,0.24034594668095322,0.22347904107418343,0.19075878661018852,0.06838488745217125,0.24568362077965705
22.95,0.24555333397793977,0.24022028473167265,0.2233675780119526,0.1906729837978579,0.06835211561996624,0.24555333397793977
22.966666666666665,0.2454232871481728,0.2400948532005193,0.2232563163705683,0.19058733148059298,0.0683194358158749,0.2454232871481728
22.983333333333334,0.24529347961376993,0.23996965143898907,0.22314525558628354,0.19050182924112508,0.06828684769163561,0.24529347961376993
23.0,0.24516391070063243,0.2398446788009651,0.22303439509743522,0.19041647666374872,0.06825435090063886,0.24516391070063243
23.016666666666666,0.24503457973713832,0.2397199346427073,0.22292373434443508,0.19033127333431418,0.06822194509791751,0.24503457973713832
23.033333333333335,0.2449054860541317,0.23959541832284154,0.22281327276975998,0.1902462188402202,0.06818962994013754,0.2449054860541317
23.05,0.24477662898491143,0.23947112920234942,0.222703009817943,0.19016131277040657,0.06815740508558879,0.24477662898491143
23.066666666666666,0.24464800786522056,0.2393470666445578,0.22259294493556378,0.19007655471534718,0.0681252701941758,0.24464800786522056
23.083333333333332,0.24451962203323543,0.2392232300151284,0.22248307757123964,0.18999194426704258,0.06809322492740849,0.24451962203323543
23.1,0.24439147082955534,0.2390996186820475,0.22237340717561632,0.18990748101901292,0.06806126894839316,0.24439147082955534
23.116666666666667,0.24426355359719154,0.23897623201561558,0.22226393320135862,0.18982316456629078,0.06802940192182351,0.24426355359719154
23.133333333333333,0.24413586968155657,0.23885306938843726,0.22215465510314183,0.18973899450541412,0.06799762351397153,0.24413586968155657
23.15,0.24400841843045407,0.23873013017541103,0.22204557233764227,0.1896549704344193,0.06796593339267862,0.24400841843045407
23.166666666666668,0.24388119919406806,0.23860741375371922,0.2219366843635286,0.18957109195283411,0.06793433122734666,0.24388119919406806
23.183333333333334,0.24375421132495267,0.2384849195028178,0.22182799064145267,0.18948735866167066,0.06790281668892947,0.24375421132495267
23.2,0.24362745417802142,0.23836264680442656,0.22171949063404084,0.18940377016341847,0.06787138944992377,0.24362745417802142
23.216666666666665,0.24350092711053728,0.238240595042519,0.22161118380588513,0.18932032606203786,0.0678400491843606,0.24350092711053728
23.233333333333334,0.2433746294821021,0.2381187636033124,0.22150306962353428,0.18923702596295278,0.06780879556779659,0.2433746294821021
23.25,0.24324856065464665,0.23799715187525813,0.22139514755548512,0.18915386947304422,0.06777762827730564,0.24324856065464665
23.266666666666666,0.24312271999242005,0.2378757592490317,0.22128741707217398,0.18907085620064334,0.06774654699147013,0.24312271999242005
23.283333333333335,0.2429971068619801,0.23775458511752295,0.2211798776459678,0.18898798575552483,0.06771555139037258,0.2429971068619801
23.3,0.2428717206321828,0.23763362887582656,0.22107252875115574,0.18890525774890016,0.06768464115558719,0.2428717206321828
23.316666666666666,0.24274656067417258,0.23751288992123212,0.2209653698639405,0.18882267179341092,0.06765381597017159,0.24274656067417258
23.333333333333332,0.2426216263613723,0.23739236765321467,0.22085840046242983,0.18874022750312225,0.06762307551865834,0.2426216263613723
23.35,0.242496917069473,0.23727206147342508,0.22075162002662813,0.18865792449351623,0.06759241948704695,0.242496917069473
23.366666666666667,0.24237243217642457,0.23715197078568057,0.2206450280384279,0.18857576238148538,0.06756184756279547,0.24237243217642457
23.383333333333333,0.24224817106242544,0.23703209499595518,0.22053862398160148,0.18849374078532616,0.06753135943481242,0.24224817106242544
23.4,0.24212413310991296,0.2369124335123704,0.22043240734179265,0.18841185932473237,0.06750095479344868,0.24212413310991296
23.416666666666668,0.24200031770355368,0.2367929857451857,0.2203263776065082,0.18833011762078894,0.06747063333048958,0.24200031770355368
23.433333333333334,0.24187672423023385,0.23667375110678932,0.22022053426511007,0.18824851529596534,0.06744039473914684,0.24187672423023385
23.45,0.24175335207904927,0.2365547290116889,0.2201148768088066,0.18816705197410938,0.06741023871405047,0.24175335207904927
23.466666666666665,0.24163020064129626,0.23643591887650228,0.2200094047306448,0.1880857272804407,0.06738016495124116,0.24163020064129626
23.483333333333334,0.24150726931046168,0.2363173201199482,0.21990411752550199,0.18800454084154467,0.06735017314816237,0.24150726931046168
23.5,0.24138455748221377,0.23619893216283733,0.21979901469007787,0.18792349228536603,0.06732026300365242,0.24138455748221377
23.516666666666666,0.2412620645543925,0.2360807544280631,0.21969409572288628,0.1878425812412026,0.06729043421793696,0.2412620645543925
23.533333333333335,0.24113978992700008,0.23596278634059248,0.21958936012424735,0.18776180733969927,0.06726068649262118,0.24113978992700008
23.55,0.2410177330021919,0.23584502732745727,0.2194848073962795,0.18768117021284178,0.06723101953068217,0.2410177330021919
23.566666666666666,0.24089589318426705,0.2357274768177448,0.21938043704289156,0.1876006694939505,0.06720143303646146,0.24089589318426705
23.583333333333332,0.2407742698796589,0.23561013424258936,0.21927624856977468,0.18752030481767437,0.0671719267156573,0.2407742698796589
23.6,0.24065286249692616,0.23549299903516296,0.21917224148439476,0.18744007581998506,0.06714250027531737,0.24065286249692616
23.616666666666667,0.2405316704467435,0.2353760706306668,0.2190684152959846,0.18735998213817076,0.06711315342383123,0.2405316704467435
23.633333333333333,0.2404106931418925,0.23525934846632224,0.2189647695155359,0.1872800234108301,0.06708388587092298,0.2404106931418925
23.65,0.24028992999725263,0.23514283198136227,0.21886130365579187,0.18720019927786646,0.06705469732764385,0.24028992999725263
23.666666666666668,0.24016938042979208,0.23502652061702262,0.21875801723123936,0.1871205093804818,0.06702558750636514,0.24016938042979208
23.683333333333334,0.24004904385855874,0.2349104138165332,0.21865490975810117,0.18704095336117094,0.06699655612077067,0.24004904385855874
23.7,0.23992891970467145,0.2347945110251094,0.21855198075432863,0.1869615308637157,0.06696760288584971,0.23992891970467145
23.716666666666665,0.23980900739131084,0.23467881168994373,0.21844922973959385,0.186882241533179,0.06693872751788997,0.23980900739131084
23.733333333333334,0.23968930634371083,0.23456331526019694,0.21834665623528232,0.18680308501589898,0.06690992973447027,0.23968930634371083
23.75,0.23956981598914923,0.23444802118698987,0.21824425976448542,0.18672406095948352,0.06688120925445355,0.23956981598914923
23.766666666666666,0.23945053575693956,0.23433292892339477,0.21814203985199287,0.18664516901280426,0.06685256579797999,0.23945053575693956
23.783333333333335,0.2393314650784219,0.23421803792442697,0.21803999602428537,0.18656640882599101,0.06682399908645983,0.2393314650784219
23.8,0.23921260338695446,0.23410334764703652,0.2179381278095272,0.186487780050426,0.06679550884256659,0.23921260338695446
23.816666666666666,0.23909395011790474,0.2339888575500999,0.2178364347375591,0.18640928233873844,0.06676709479023014,0.23909395011790474
23.833333333333332,0.23897550470864096,0.23387456709441168,0.21773491633989056,0.18633091534479856,0.06673875665462986,0.23897550470864096
23.85,0.23885726659852366,0.23376047574267628,0.2176335721496929,0.1862526787237125,0.06671049416218788,0.23885726659852366
23.866666666666667,0.238739235228897,0.2336465829594998,0.21753240170179192,0.18617457213181637,0.06668230704056227,0.238739235228897
23.883333333333333,0.2386214100430803,0.2335328882113818,0.2174314045326607,0.18609659522667088,0.06665419501864032,0.2386214100430803
23.9,0.23850379048635967,0.23341939096670727,0.21733058018041249,0.18601874766705595,0.06662615782653206,0.23850379048635967
23.916666666666668,0.23838637600597948,0.23330609069573854,0.21722992818479356,0.185941029112965,0.06659819519556326,0.23838637600597948
23.933333333333334,0.2382691660511341,0.23319298687060705,0.2171294480871761,0.1858634392255999,0.06657030685826926,0.2382691660511341
23.95,0.23815216007295975,0.23308007896530566,0.2170291394305513,0.18578597766736515,0.06654249254838819,0.23815216007295975
23.966666666666665,0.23803535752452581,0.23296736645568045,0.21692900175952212,0.18570864410186289,0.06651475200085452,0.23803535752452581
23.983333333333334,0.23791875786082695,0.23285484881942287,0.2168290346202965,0.18563143819388728,0.06648708495179263,0.23791875786082695
24.0,0.23780236053877465,0.23274252553606178,0.21672923756068047,0.18555435960941935,0.06645949113851037,0.23780236053877465
24.016666666666666,0.23768616501718942,0.2326303960869559,0.2166296101300709,0.18547740801562157,0.0664319702994926,0.23768616501718942
24.033333333333335,0.23757017075679224,0.23251845995528553,0.21653015187944907,0.1854005830808329,0.06640452217439505,0.23757017075679224
24.05,0.23745437722019683,0.23240671662604517,0.21643086236137363,0.18532388447456316,0.06637714650403792,0.23745437722019683
24.066666666666666,0.23733878387190138,0.23229516558603563,0.21633174112997372,0.1852473118674881,0.06634984303039945,0.23733878387190138
24.083333333333332,0.23722339017828062,0.23218380632385635,0.21623278774094234,0.18517086493144422,0.06632261149661,0.23722339017828062
24.1,0.23710819560757807,0.23207263832989777,0.21613400175152955,0.1850945433394235,0.06629545164694575,0.23710819560757807
24.116666666666667,0.23699319962989762,0.23196166109633365,0.21603538272053585,0.18501834676556828,0.06626836322682242,0.23699319962989762
24.133333333333333,0.23687840171719635,0.23185087411711355,0.2159369302083054,0.18494227488516646,0.06624134598278941,0.23687840171719635
24.15,0.23676380134327601,0.23174027688795534,0.21583864377671946,0.18486632737464603,0.06621439966252352,0.23676380134327601
24.166666666666668,0.23664939798377546,0.2316298689063375,0.21574052298918983,0.18479050391157034,0.06618752401482306,0.23664939798377546
24.183333333333334,0.2365351911161631,0.23151964967149186,0.2156425674106522,0.18471480417463296,0.06616071878960185,0.2365351911161631
24.2,0.23642118021972897,0.23140961868439608,0.21554477660755958,0.18463922784365266,0.06613398373788316,0.23642118021972897
24.216666666666665,0.23630736477557693,0.2312997754477662,0.21544715014787608,0.1845637745995687,0.06610731861179399,0.23630736477557693
24.233333333333334,0.23619374426661724,0.23119011946604934,0.21534968760107004,0.18448844412443546,0.0660807231645589,0.23619374426661724
24.25,0.2360803181775587,0.2310806502454164,0.2152523885381079,0.18441323610141802,0.0660541971504945,0.2360803181775587
24.266666666666666,0.2359670859949014,0.23097136729375473,0.21515525253144768,0.18433815021478706,0.06602774032500341,0.2359670859949014
24.283333333333335,0.2358540472069287,0.23086227012066085,0.21505827915503262,0.18426318614991388,0.06600135244456859,0.2358540472069287
24.3,0.2357412013037003,0.23075335823743326,0.21496146798428484,0.18418834359326586,0.06597503326674758,0.2357412013037003
24.316666666666666,0.23562854777704412,0.23064463115706532,0.2148648185960991,0.18411362223240138,0.06594878255016681,0.23562854777704412
24.333333333333332,0.23551608612054953,0.23053608839423795,0.21476833056883637,0.18403902175596532,0.06592260005451596,0.23551608612054953
24.35,0.23540381582955933,0.23042772946531268,0.21467200348231774,0.1839645418536841,0.06589648554054223,0.23540381582955933
24.366666666666667,0.23529173640116283,0.23031955388832442,0.21457583691781817,0.18389018221636105,0.06587043877004489,0.23529173640116283
24.383333333333333,0.2351798473341883,0.23021156118297456,0.2144798304580603,0.1838159425358717,0.0658444595058697,0.2351798473341883
24.4,0.2350681481291958,0.23010375087062385,0.21438398368720818,0.18374182250515902,0.06581854751190327,0.2350681481291958
24.416666666666668,0.23495663828846977,0.22999612247428547,0.21428829619086134,0.18366782181822905,0.0657927025530676,0.23495663828846977
24.433333333333334,0.23484531731601185,0.22988867551861808,0.21419276755604869,0.1835939401701459,0.06576692439531476,0.23484531731601185
24.45,0.23473418471753388,0.2297814095299189,0.21409739737122224,0.18352017725702735,0.0657412128056214,0.23473418471753388
24.466666666666665,0.2346232400004504,0.22967432403611687,0.2140021852262513,0.18344653277604037,0.06571556755198324,0.2346232400004504
24.483333333333334,0.2345124826738719,0.22956741856676577,0.21390713071241646,0.18337300642539633,0.0656899884034099,0.2345124826738719
24.5,0.23440191224859744,0.22946069265303737,0.2138122334224034,0.18329959790434663,0.06566447512991933,0.23440191224859744
24.516666666666666,0.2342915282371077,0.22935414582771474,0.21371749295029724,0.1832263069131782,0.06563902750253288,0.2342915282371077
24.533333333333335,0.23418133015355802,0.2292477776251855,0.21362290889157648,0.1831531331532089,0.06561364529326973,0.23418133015355802
24.55,0.23407131751377125,0.22914158758143505,0.21352848084310705,0.1830800763267832,0.06558832827514173,0.23407131751377125
24.566666666666666,0.23396148983523118,0.2290355752340399,0.21343420840313665,0.18300713613726763,0.06556307622214837,0.23396148983523118
24.583333333333332,0.23385184663707495,0.22892974012216105,0.21334009117128877,0.18293431228904647,0.06553788890927142,0.23385184663707495
24.6,0.23374238744008685,0.2288240817865374,0.21324612874855692,0.18286160448751726,0.06551276611246984,0.23374238744008685
24.616666666666667,0.2336331117666912,0.22871859976947914,0.21315232073729892,0.1827890124390866,0.06548770760867481,0.2336331117666912
24.633333333333333,0.23352401914094528,0.22861329361486113,0.21305866674123114,0.1827165358511656,0.06546271317578449,0.23352401914094528
24.65,0.233415109088533,0.22850816286811648,0.21296516636542273,0.18264417443216566,0.06543778259265914,0.233415109088533
24.666666666666668,0.23330638113675778,0.22840320707623007,0.21287181921629006,0.18257192789149415,0.06541291563911597,0.23330638113675778
24.683333333333334,0.233197834814536,0.22829842578773196,0.21277862490159088,0.18249979593955024,0.06538811209592416,0.233197834814536
24.7,0.23308946965239033,0.2281938185526911,0.21268558303041896,0.18242777828772044,0.06536337174480018,0.23308946965239033
24.716666666666665,0.2329812851824429,0.22808938492270894,0.21259269321319813,0.1823558746483746,0.06533869436840253,0.2329812851824429
24.733333333333334,0.23287328093840898,0.22798512445091296,0.21249995506167715,0.18228408473486152,0.06531407975032696,0.23287328093840898
24.75,0.23276545645558994,0.2278810366919503,0.2124073681889238,0.1822124082615048,0.0652895276751018,0.23276545645558994
24.766666666666666,0.2326578112708672,0.22777712120198174,0.21231493220931946,0.18214084494359878,0.06526503792818285,0.2326578112708672
24.783333333333335,0.23255034492269516,0.22767337753867511,0.21222264673855376,0.18206939449740428,0.06524061029594876,0.23255034492269516
24.8,0.2324430569510953,0.22756980526119924,0.21213051139361896,0.1819980566401444,0.06521624456569625,0.2324430569510953
24.816666666666666,0.23233594689764905,0.22746640393021758,0.2120385257928046,0.18192683109000074,0.06519194052563532,0.23233594689764905
24.833333333333332,0.23222901430549198,0.2273631731078822,0.211946689555692,0.18185571756610897,0.06516769796488452,0.23222901430549198
24.85,0.23212225871930692,0.2272601123578275,0.211855002303149,0.18178471578855487,0.06514351667346634,0.23212225871930692
24.866666666666667,0.23201567968531783,0.22715722124516424,0.21176346365732449,0.18171382547837045,0.06511939644230252,0.23201567968531783
24.883333333333333,0.2319092767512833,0.22705449933647318,0.21167207324164317,0.18164304635752979,0.06509533706320937,0.2319092767512833
24.9,0.23180304946649047,0.2269519461997993,0.21158083068080016,0.1815723781489449,0.06507133832889328,0.23180304946649047
24.916666666666668,0.23169699738174837,0.22684956140464563,0.21148973560075582,0.18150182057646208,0.06504740003294605,0.23169699738174837
24.933333333333334,0.23159112004938204,0.2267473445219672,0.21139878762873043,0.18143137336485776,0.0650235219698404,0.23159112004938204
24.95,0.23148541702322614,0.22664529512416515,0.21130798639319892,0.18136103623983446,0.06499970393492535,0.23148541702322614
24.966666666666665,0.23137988785861868,0.22654341278508075,0.21121733152388578,0.18129080892801708,0.06497594572442199,0.23137988785861868
24.983333333333334,0.23127453211239493,0.2264416970799894,0.21112682265175986,0.181220691156949,0.0649522471354187,0.23127453211239493
25.0,0.23116934934288128,0.22634014758559495,0.2110364594090291,0.18115068265508794,0.06492860796586687,0.23116934934288128
25.016666666666666,0.23106433910988922,0.22623876388002354,0.21094624142913548,0.18108078315180243,0.06490502801457657,0.23106433910988922
25.033333333333335,0.23095950097470885,0.22613754554281795,0.2108561683467501,0.1810109923773678,0.06488150708121196,0.23095950097470885
25.05,0.23085483450010352,0.22603649215493188,0.21076623979776776,0.18094131006296238,0.06485804496628705,0.23085483450010352
25.066666666666666,0.2307503392503032,0.22593560329872384,0.21067645541930208,0.18087173594066364,0.06483464147116151,0.2307503392503032
25.083333333333332,0.23064601479099878,0.2258348785579517,0.21058681484968061,0.1808022697434446,0.06481129639803605,0.23064601479099878
25.1,0.2305418606893359,0.22573431751776685,0.21049731772843955,0.1807329112051698,0.06478800954994834,0.2305418606893359
25.116666666666667,0.23043787651390926,0.22563391976470848,0.21040796369631892,0.18066366006059184,0.06476478073076879,0.23043787651390926
25.133333333333333,0.23033406183475658,0.225533684886698,0.21031875239525777,0.18059451604534743,0.06474160974519617,0.23033406183475658
25.15,0.23023041622335264,0.22543361247303326,0.21022968346838883,0.18052547889595386,0.0647184963987536,0.23023041622335264
25.166666666666668,0.23012693925260358,0.22533370211438297,0.210140756560034,0.18045654834980512,0.06469544049778407,0.23012693925260358
25.183333333333334,0.2300236304968409,0.22523395340278118,0.21005197131569925,0.18038772414516843,0.0646724418494467,0.2300236304968409
25.2,0.2299204895318158,0.2251343659316217,0.20996332738206988,0.18031900602118045,0.06464950026171223,0.2299204895318158
25.216666666666665,0.2298175159346934,0.22503493929565238,0.20987482440700556,0.1802503937178438,0.06462661554335906,0.2298175159346934
25.233333333333334,0.22971470928404697,0.22493567309096996,0.2097864620395356,0.18018188697602322,0.06460378750396932,0.22971470928404697
25.25,0.22961206915985208,0.2248365669150141,0.2096982399298542,0.18011348553744222,0.06458101595392454,0.22961206915985208
25.266666666666666,0.2295095951434811,0.22473762036656247,0.20961015772931557,0.18004518914467937,0.06455830070440174,0.2295095951434811
25.283333333333335,0.22940728681769737,0.2246388330457247,0.20952221509042918,0.17997699754116464,0.06453564156736948,0.22940728681769737
25.3,0.22930514376664973,0.22454020455393758,0.20943441166685528,0.17990891047117621,0.06451303835558383,0.22930514376664973
25.316666666666666,0.22920316557586687,0.22444173449395927,0.20934674711339982,0.17984092767983653,0.06449049088258435,0.22920316557586687
25.333333333333332,0.22910135183225147,0.2243434224698639,0.2092592210860101,0.17977304891310913,0.0644679989626902,0.22910135183225147
25.35,0.2289997021240751,0.2242452680870367,0.20917183324177002,0.1797052739177949,0.06444556241099629,0.2289997021240751
25.366666666666667,0.2288982160409724,0.22414727095216813,0.20908458323889526,0.17963760244152888,0.06442318104336928,0.2288982160409724
25.383333333333333,0.22879689317393542,0.224049430673249,0.20899747073672903,0.1795700342327765,0.06440085467644363,0.22879689317393542
25.4,0.22869573311530864,0.22395174685956493,0.20891049539573706,0.17950256904083042,0.06437858312761804,0.22869573311530864
25.416666666666668,0.22859473545878295,0.22385421912169134,0.20882365687750348,0.17943520661580695,0.06435636621505138,0.22859473545878295
25.433333333333334,0.22849389979939067,0.22375684707148813,0.20873695484472593,0.17936794670864267,0.06433420375765897,0.22849389979939067
25.45,0.22839322573349974,0.22365963032209443,0.20865038896121113,0.17930078907109115,0.06431209557510875,0.22839322573349974
25.466666666666665,0.22829271285880884,0.2235625684879236,0.20856395889187057,0.1792337334557194,0.06429004148781767,0.22829271285880884
25.483333333333334,0.22819236077434146,0.223465661184658,0.2084776643027157,0.17916677961590477,0.06426804131694773,0.22819236077434146
25.5,0.228092169080441,0.2233689080292438,0.20839150486085373,0.1790999273058313,0.06424609488440246,0.228092169080441
25.516666666666666,0.22799213737876536,0.22327230863988604,0.20830548023448311,0.17903317628048662,0.06422420201282308,0.22799213737876536
25.533333333333335,0.22789226527228143,0.2231758626360435,0.20821959009288912,0.17896652629565873,0.06420236252558498,0.22789226527228143
25.55,0.22779255236526022,0.22307956963842368,0.20813383410643943,0.17889997710793243,0.0641805762467939,0.22779255236526022
25.566666666666666,0.22769299826327133,0.22298342926897763,0.2080482119465798,0.17883352847468625,0.06415884300128236,0.22769299826327133
25.583333333333332,0.22759360257317784,0.22288744115089526,0.20796272328582968,0.1787671801540892,0.06413716261460625,0.22759360257317784
25.6,0.22749436490313107,0.22279160490860006,0.20787736779777793,0.17870093190509748,0.06411553491304092,0.22749436490313107
25.616666666666667,0.22739528486256566,0.22269592016774434,0.20779214515707842,0.17863478348745115,0.06409395972357776,0.22739528486256566
25.633333333333333,0.22729636206219406,0.22260038655520425,0.2077070550394458,0.17856873466167128,0.06407243687392077,0.22729636206219406
25.65,0.2271975961140017,0.2225050036990749,0.2076220971216513,0.1785027851890562,0.06405096619248284,0.2271975961140017
25.666666666666668,0.22709898663124176,0.2224097712286653,0.2075372710815183,0.17843693483167905,0.06402954750838229,0.22709898663124176
25.683333333333334,0.22700053322843028,0.22231468877449384,0.20745257659791824,0.1783711833523839,0.06400818065143954,0.22700053322843028
25.7,0.22690223552134076,0.22221975596828333,0.20736801335076638,0.17830553051478304,0.06398686545217344,0.22690223552134076
25.716666666666665,0.22680409312699962,0.22212497244295587,0.20728358102101763,0.17823997608325381,0.06396560174179794,0.22680409312699962
25.733333333333334,0.22670610566368082,0.22203033783262854,0.20719927929066226,0.1781745198229353,0.06394438935221865,0.22670610566368082
25.75,0.22660827275090106,0.22193585177260838,0.2071151078427219,0.17810916149972555,0.0639232281160294,0.22660827275090106
25.766666666666666,0.22651059400941487,0.22184151389938767,0.2070310663612454,0.17804390088027813,0.06390211786650894,0.22651059400941487
25.783333333333335,0.22641306906120945,0.22174732385063917,0.20694715453130458,0.17797873773199932,0.06388105843761743,0.22641306906120945
25.8,0.22631569752950015,0.22165328126521153,0.2068633720389903,0.17791367182304496,0.0638600496639932,0.22631569752950015
25.816666666666666,0.22621847903872522,0.22155938578312456,0.20677971857140823,0.17784870292231753,0.06383909138094944,0.22621847903872522
25.833333333333332,0.22612141321454118,0.22146563704556452,0.20669619381667492,0.17778383079946294,0.06381818342447086,0.22612141321454118
25.85,0.2260244996838179,0.2213720346948796,0.20661279746391373,0.1777190552248676,0.06379732563121027,0.2260244996838179
25.866666666666667,0.22592773807463382,0.2212785783745751,0.20652952920325085,0.1776543759696555,0.06377651783848554,0.22592773807463382
25.883333333333333,0.22583112801627103,0.22118526772930913,0.20644638872581117,0.17758979280568524,0.06375575988427622,0.22583112801627103
25.9,0.22573466913921073,0.22109210240488786,0.2063633757237145,0.17752530550554685,0.06373505160722037,0.22573466913921073
25.916666666666668,0.22563836107512836,0.22099908204826085,0.20628048989007136,0.17746091384255913,0.0637143928466112,0.22563836107512836
25.933333333333334,0.22554220345688877,0.22090620630751684,0.20619773091897936,0.17739661759076658,0.06369378344239403,0.22554220345688877
25.95,0.22544619591854176,0.22081347483187896,0.206115098505519,0.17733241652493636,0.06367322323516303,0.22544619591854176
25.966666666666665,0.22535033809531718,0.22072088727170036,0.20603259234574983,0.17726831042055574,0.06365271206615813,0.22535033809531718
25.983333333333334,0.22525462962362044,0.22062844327845973,0.20595021213670672,0.17720429905382873,0.06363224977726181,0.22525462962362044
26.0,0.22515907014102765,0.2205361425047569,0.20586795757639575,0.17714038220167366,0.06361183621099603,0.22515907014102765
26.016666666666666,0.2250636592862813,0.22044398460430825,0.20578582836379053,0.17707655964171998,0.06359147121051896,0.2250636592862813
26.033333333333335,0.22496839669928537,0.2203519692319426,0.20570382419882838,0.17701283115230554,0.06357115461962215,0.22496839669928537
26.05,0.22487328202110093,0.22026009604359648,0.20562194478240642,0.17694919651247387,0.06355088628272736,0.22487328202110093
26.066666666666666,0.22477831489394162,0.22016836469631001,0.20554018981637773,0.17688565550197105,0.06353066604488333,0.22477831489394162
26.083333333333332,0.22468349496116893,0.22007677484822252,0.2054585590035478,0.17682220790124337,0.06351049375176308,0.22468349496116893
26.1,0.2245888218672879,0.21998532615856806,0.20537705204767057,0.17675885349143397,0.0634903692496605,0.2245888218672879
26.116666666666667,0.22449429525794246,0.21989401828767127,0.20529566865344467,0.1766955920543805,0.06347029238548771,0.22449429525794246
26.133333333333333,0.224399914779911,0.21980285089694312,0.20521440852650988,0.17663242337261215,0.06345026300677183,0.224399914779911
26.15,0.22430568008110202,0.21971182364887643,0.2051332713734432,0.17656934722934697,0.06343028096165206,0.22430568008110202
26.166666666666668,0.22421159081054964,0.2196209362070419,0.20505225690175533,0.17650636340848913,0.06341034609887686,0.22421159081054964
26.183333333333334,0.22411764661840905,0.21953018823608367,0.2049713648198869,0.1764434716946261,0.06339045826780086,0.22411764661840905
26.2,0.2240238471559524,0.2194395794017151,0.2048905948372049,0.17638067187302592,0.06337061731838205,0.2240238471559524
26.216666666666665,0.2239301920755642,0.2193491093707149,0.20480994666399893,0.17631796372963482,0.06335082310117869,0.2239301920755642
26.233333333333334,0.223836681030737,0.21925877781092246,0.20472942001147768,0.176255347051074,0.06333107546734673,0.223836681030737
26.25,0.22374331367606728,0.21916858439123416,0.2046490145917652,0.17619282162463745,0.06331137426863663,0.22374331367606728
26.266666666666666,0.2236500896672507,0.219078528781599,0.2045687301178975,0.176130387238289,0.06329171935739072,0.2236500896672507
26.283333333333335,0.22355700866107825,0.21898861065301448,0.2044885663038187,0.17606804368065965,0.0632721105865403,0.22355700866107825
26.3,0.22346407031543183,0.2188988296775226,0.20440852286437783,0.17600579074104516,0.0632525478096027,0.22346407031543183
26.316666666666666,0.22337127428927994,0.21880918552820583,0.2043285995153249,0.17594362820940324,0.06323303088067868,0.22337127428927994
26.333333333333332,0.22327862024267325,0.21871967787918278,0.20424879597330775,0.17588155587635096,0.06321355965444955,0.22327862024267325
26.35,0.22318610783674095,0.21863030640560455,0.20416911195586826,0.17581957353316213,0.06319413398617428,0.22318610783674095
26.366666666666667,0.22309373673368613,0.21854107078365043,0.20408954718143898,0.17575768097176492,0.0631747537316869,0.22309373673368613
26.383333333333333,0.22300150659678156,0.21845197069052397,0.20401010136933967,0.1756958779847389,0.06315541874739378,0.22300150659678156
26.4,0.22290941709036577,0.21836300580444906,0.20393077423977377,0.17563416436531282,0.06313612889027065,0.22290941709036577
26.416666666666668,0.22281746787983878,0.2182741758046659,0.203851565513825,0.17557253990736188,0.06311688401786023,0.22281746787983878
26.433333333333334,0.22272565863165802,0.21818548037142702,0.20377247491345402,0.1755110044054053,0.06309768398826923,0.22272565863165802
26.45,0.22263398901333425,0.2180969191859935,0.20369350216149473,0.1754495576546037,0.0630785286601659,0.22263398901333425
26.466666666666665,0.22254245869342743,0.21800849193063093,0.20361464698165127,0.17538819945075657,0.06305941789277711,0.22254245869342743
26.483333333333334,0.22245106734154269,0.21792019828860545,0.2035359090984943,0.17532692959029983,0.06304035154588603,0.22245106734154269
26.5,0.22235981462832613,0.21783203794418016,0.2034572882374579,0.1752657478703033,0.06302132947982914,0.22235981462832613
26.516666666666666,0.22226870022546122,0.2177440105826109,0.203378784124836,0.17520465408846836,0.06300235155549384,0.22226870022546122
26.533333333333335,0.22217772380566428,0.21765611589014272,0.20330039648777914,0.1751436480431252,0.06298341763431584,0.22217772380566428
26.55,0.2220868850426807,0.2175683535540058,0.2032221250542912,0.17508272953323062,0.06296452757827635,0.2220868850426807
26.566666666666666,0.22199618361128118,0.21748072326241188,0.203143969553226,0.17502189835836543,0.06294568124989977,0.22199618361128118
26.583333333333332,0.22190561918725743,0.2173932247045503,0.20306592971428417,0.17496115431873208,0.06292687851225089,0.22190561918725743
26.6,0.22181519144741838,0.2173058575705843,0.20298800526800956,0.17490049721515225,0.06290811922893257,0.22181519144741838
26.616666666666667,0.2217249000695863,0.21721862155164726,0.2029101959457864,0.17483992684906435,0.06288940325747688,0.2217249000695863
26.633333333333333,0.2216347447325929,0.21713151633983893,0.20283250147983573,0.1747794430225213,0.06287073047877537,0.2216347447325929
26.65,0.22154472511627538,0.2170445416282218,0.20275492160321226,0.17471904553818796,0.06285210074645559,0.22154472511627538
26.666666666666668,0.2214548409014725,0.2169576971108172,0.20267745604980125,0.17465873419933875,0.06283351392770256,0.2214548409014725
26.683333333333334,0.22136509177002095,0.21687098248260195,0.20260010455431526,0.1745985088098555,0.06281496988906661,0.22136509177002095
26.7,0.22127547740475134,0.21678439743950428,0.20252286685229087,0.17453836917422486,0.06279646849742676,0.22127547740475134
26.716666666666665,0.22118599748948442,0.21669794167840056,0.20244574268008556,0.17447831509753597,0.06277800962012553,0.22118599748948442
26.733333333333334,0.2210966517090274,0.21661161489711128,0.2023687317748747,0.17441834638547837,0.0627595931250017,0.2210966517090274
26.75,0.2210074397491699,0.2165254167943978,0.20229183387464814,0.1743584628443393,0.06274121888039984,0.2210074397491699
26.766666666666666,0.2209183612966804,0.21643934706995854,0.20221504871820736,0.17429866428100182,0.06272288675517257,0.2209183612966804
26.783333333333335,0.22082941603930267,0.21635340542442538,0.20213837604516216,0.17423895050294208,0.06270459661868065,0.22082941603930267
26.8,0.22074060366575143,0.2162675915593602,0.20206181559592762,0.1741793213182273,0.06268634834079148,0.22074060366575143
26.816666666666666,0.22065192386570942,0.21618190517725117,0.201985367111721,0.17411977653551347,0.06266814179187749,0.22065192386570942
26.833333333333332,0.22056337632982304,0.21609634598150942,0.2019090303345587,0.17406031596404303,0.06264997684281409,0.22056337632982304
26.85,0.22047496074969897,0.21601091367646527,0.2018328050072533,0.17400093941364253,0.06263185336497756,0.22047496074969897
26.866666666666667,0.2203866768179006,0.21592560796736496,0.20175669087341025,0.1739416466947205,0.06261377123024285,0.2203866768179006
26.883333333333333,0.22029852422794413,0.21584042856036695,0.20168068767742506,0.17388243761826522,0.06259573031098122,0.22029852422794413
26.9,0.22021050267429523,0.2157553751625385,0.2016047951644802,0.1738233119958424,0.06257773048005824,0.22021050267429523
26.916666666666668,0.22012261185236504,0.21567044748185243,0.20152901308054222,0.17376426963959302,0.06255977161083126,0.22012261185236504
26.933333333333334,0.22003485145850696,0.21558564522718332,0.20145334117235847,0.17370531036223114,0.06254185357714734,0.22003485145850696
26.95,0.21994722119001278,0.21550096810830424,0.20137777918745445,0.17364643397704163,0.06252397625334094,0.21994722119001278
26.966666666666665,0.21985972074510937,0.21541641583588347,0.2013023268741307,0.1735876402978781,0.06250613951423156,0.21985972074510937
26.983333333333334,0.21977234982295493,0.2153319881214808,0.20122698398145983,0.17352892913916057,0.06248834323512165,0.21977234982295493
27.0,0.21968510812363545,0.21524768467754446,0.20115175025928364,0.17347030031587352,0.062470587291794485,0.21968510812363545
27.016666666666666,0.21959799534816132,0.21516350521740749,0.20107662545821015,0.17341175364356343,0.06245287156051164,0.21959799534816132
27.033333333333335,0.21951101119846378,0.21507944945528457,0.20100160932961073,0.1733532889383369,0.06243519591801093,0.21951101119846378
27.05,0.21942415537739138,0.21499551710626852,0.20092670162561713,0.17329490601685843,0.06241756024150427,0.21942415537739138
27.066666666666666,0.21933742758870656,0.21491170788632713,0.2008519020991188,0.17323660469634827,0.06239996440867544,0.21933742758870656
27.083333333333332,0.21925082753708217,0.2148280215122998,0.20077721050375968,0.17317838479458028,0.062382408297677897,0.21925082753708217
27.1,0.219164354928098,0.21474445770189413,0.20070262659393573,0.1731202461298799,0.06236489178713259,0.219164354928098
27.116666666666667,0.2190780094682374,0.21466101617368283,0.20062815012479174,0.17306218852112196,0.0623474147561259,0.2190780094682374
27.133333333333333,0.21899179086488393,0.21457769664710022,0.20055378085221875,0.17300421178772868,0.06232997708420736,0.21899179086488393
27.15,0.21890569882631777,0.21449449884243924,0.200479518532851,0.1729463157496675,0.06231257865138769,0.21890569882631777
27.166666666666668,0.21881973306171254,0.21441142248084805,0.20040536292406347,0.17288850022744917,0.06229521933813649,0.21881973306171254
27.183333333333334,0.21873389328113182,0.21432846728432675,0.20033131378396868,0.17283076504212552,0.062277899025380286,0.21873389328113182
27.2,0.2186481791955258,0.21424563297572438,0.20025737087141413,0.1727731100152874,0.062260617594500335,0.2186481791955258
27.216666666666665,0.21856259051672794,0.21416291927873554,0.2001835339459796,0.17271553496906278,0.062243374927330675,0.21856259051672794
27.233333333333334,0.2184771269574518,0.21408032591789727,0.20010980276797416,0.17265803972611465,0.062226170906155814,0.2184771269574518
27.25,0.21839178823128746,0.21399785261858595,0.2000361770984337,0.17260062410963906,0.06220900541370897,0.21839178823128746
27.266666666666666,0.2183065740526985,0.2139154991070139,0.19996265669911784,0.17254328794336293,0.06219187833316972,0.2183065740526985
27.283333333333335,0.21822148413701858,0.21383326511022663,0.1998892413325077,0.1724860310515422,0.06217478954816214,0.21822148413701858
27.3,0.21813651820044808,0.21375115035609937,0.19981593076180273,0.1724288532589598,0.06215773894275277,0.21813651820044808
27.316666666666666,0.21805167596005104,0.21366915457333419,0.19974272475091823,0.17237175439092361,0.06214072640144843,0.21805167596005104
27.333333333333332,0.21796695713375183,0.21358727749145673,0.19966962306448266,0.1723147342732647,0.062123751809194515,0.21796695713375183
27.35,0.21788236144033207,0.2135055188408132,0.1995966254678349,0.17225779273233502,0.062106815051372666,0.21788236144033207
27.366666666666667,0.21779788859942698,0.21342387835256735,0.19952373172702176,0.17220092959500566,0.062089916013799026,0.21779788859942698
27.383333333333333,0.21771353833152288,0.21334235575869728,0.199450941608795,0.17214414468866485,0.06207305458272209,0.21771353833152288
27.4,0.21762931035795338,0.21326095079199253,0.19937825488060912,0.17208743784121605,0.06205623064482087,0.21762931035795338
27.416666666666668,0.2175452044008966,0.21317966318605108,0.1993056713106183,0.17203080888107597,0.06203944408720284,0.2175452044008966
27.433333333333334,0.21746122018337177,0.21309849267527609,0.19923319066767414,0.17197425763717272,0.06202269479740212,0.21746122018337177
27.45,0.2173773574292363,0.2130174389948731,0.1991608127213229,0.1719177839389438,0.062005982663377306,0.2173773574292363
27.466666666666665,0.21729361586318258,0.2129365018808471,0.19908853724180287,0.17186138761633418,0.06198930757350991,0.21729361586318258
27.483333333333334,0.21720999521073472,0.2128556810699993,0.1990163640000419,0.17180506849979452,0.06197266941660197,0.21720999521073472
27.5,0.21712649519824578,0.21277497629992448,0.1989442927676548,0.17174882642027922,0.06195606808187462,0.21712649519824578
27.516666666666666,0.2170431155528943,0.2126943873090077,0.19887232331694063,0.17169266120924453,0.061939503458965824,0.2170431155528943
27.533333333333335,0.21695985600268156,0.21261391383642161,0.19880045542088043,0.1716365726986467,0.061922975437928754,0.21695985600268156
27.55,0.2168767162764284,0.2125335556221235,0.19872868885313452,0.17158056072094002,0.06190648390922975,0.2168767162764284
27.566666666666666,0.21679369610377205,0.21245331240685222,0.19865702338803992,0.17152462510907523,0.061890028763746524,0.21679369610377205
27.583333333333332,0.21671079521516337,0.21237318393212548,0.19858545880060796,0.1714687656964972,0.06187360989276622,0.21671079521516337
27.6,0.21662801334186338,0.21229316994023684,0.19851399486652183,0.1714129823171436,0.06185722718798377,0.21662801334186338
27.616666666666667,0.21654535021594098,0.21221327017425282,0.19844263136213386,0.17135727480544283,0.06184088054149984,0.21654535021594098
27.633333333333333,0.21646280557026923,0.21213348437801022,0.1983713680644632,0.17130164299631212,0.061824569845819084,0.21646280557026923
27.65,0.21638037913852273,0.212053812296113,0.19830020475119345,0.1712460867251559,0.0618082949938484,0.21638037913852273
27.666666666666668,0.21629807065517465,0.2119742536739297,0.19822914120066992,0.17119060582786386,0.06179205587889498,0.21629807065517465
27.683333333333334,0.21621587985549376,0.2118948082575903,0.1981581771918975,0.17113520014080918,0.06177585239466463,0.21621587985549376
27.7,0.2161338064755414,0.21181547579398385,0.19808731250453795,0.17107986950084675,0.061759684435259886,0.2161338064755414
27.716666666666665,0.2160518502521686,0.21173625603075522,0.1980165469189077,0.17102461374531147,0.0617435518951784,0.2160518502521686
27.733333333333334,0.2159700109230132,0.21165714871630262,0.1979458802159752,0.17096943271201637,0.06172745466931093,0.2159700109230132
27.75,0.21588828822649705,0.2115781535997746,0.19787531217735882,0.17091432623925074,0.06171139265293979,0.21588828822649705
27.766666666666666,0.21580668190182276,0.21149927043106753,0.19780484258532413,0.17085929416577872,0.06169536574173703,0.21580668190182276
27.783333333333335,0.2157251916889713,0.21142049896082266,0.19773447122278176,0.17080433633083716,0.06167937383176261,0.2157251916889713
27.8,0.21564381732869878,0.21134183894042338,0.19766419787328499,0.17074945257413415,0.06166341681946279,0.21564381732869878
27.816666666666666,0.21556255856253367,0.21126329012199263,0.1975940223210271,0.17069464273584706,0.061647494601668344,0.21556255856253367
27.833333333333332,0.21548141513277425,0.21118485225839004,0.1975239443508396,0.17063990665662115,0.0616316070755928,0.21548141513277425
27.85,0.21540038678248524,0.21110652510320932,0.19745396374818924,0.17058524417756743,0.06161575413883094,0.21540038678248524
27.866666666666667,0.2153194732554955,0.21102830841077544,0.1973840802991762,0.17053065514026122,0.06159993568935676,0.2153194732554955
27.883333333333333,0.21523867429639496,0.2109502019361422,0.1973142937905314,0.17047613938674042,0.06158415162552209,0.21523867429639496
27.9,0.2151579896505319,0.21087220543508925,0.19724460400961444,0.17042169675950372,0.061568401846054784,0.2151579896505319
27.916666666666668,0.21507741906401015,0.2107943186641196,0.19717501074441113,0.17036732710150898,0.061552686250057054,0.21507741906401015
27.933333333333334,0.2149969622836863,0.21071654138045703,0.19710551378353136,0.17031303025617156,0.06153700473700383,0.2149969622836863
27.95,0.21491661905716708,0.21063887334204326,0.1970361129162066,0.17025880606736254,0.06152135720674102,0.21491661905716708
27.966666666666665,0.21483638913280648,0.21056131430753555,0.19696680793228782,0.17020465437940718,0.061505743559484106,0.21483638913280648
27.983333333333334,0.21475627225970295,0.21048386403630387,0.1968975986222432,0.17015057503708325,0.06149016369581618,0.21475627225970295
28.0,0.21467626818769694,0.21040652228842854,0.1968284847771558,0.17009656788561917,0.06147461751668651,0.21467626818769694
28.016666666666666,0.214596376667368,0.2103292888246973,0.19675946618872137,0.17004263277069276,0.06145910492340892,0.214596376667368
28.033333333333335,0.21451659745003207,0.21025216340660313,0.19669054264924613,0.16998876953842917,0.06144362581766015,0.21451659745003207
28.05,0.21443693028773889,0.21017514579634133,0.1966217139516444,0.16993497803539956,0.06142818010147822,0.21443693028773889
28.066666666666666,0.21435737493326937,0.21009823575680722,0.1965529798894367,0.16988125810861932,0.06141276767726087,0.21435737493326937
28.083333333333332,0.21427793114013266,0.21002143305159343,0.19648434025674727,0.16982760960554644,0.061397388447763976,0.21427793114013266
28.1,0.2141985986625639,0.20994473744498746,0.1964157948483019,0.16977403237408015,0.061382042316099936,0.2141985986625639
28.116666666666667,0.21411937725552121,0.20986814870196907,0.19634734345942595,0.1697205262625589,0.061366729185736255,0.21411937725552121
28.133333333333333,0.21404026667468334,0.2097916665882079,0.19627898588604192,0.1696670911197591,0.06135144896049364,0.21404026667468334
28.15,0.21396126667644683,0.2097152908700607,0.19621072192466738,0.16961372679489345,0.061336201544544805,0.21396126667644683
28.166666666666668,0.21388237701792367,0.20963902131456924,0.196142551372413,0.16956043313760927,0.06132098684241275,0.21388237701792367
28.183333333333334,0.2138035974569384,0.20956285768945743,0.19607447402697997,0.16950720999798696,0.06130580475896927,0.2138035974569384
28.2,0.21372492775202562,0.20948679976312912,0.1960064896866584,0.1694540572265385,0.06129065519943339,0.21372492775202562
28.216666666666665,0.21364636766242776,0.2094108473046655,0.1959385981503248,0.16940097467420587,0.06127553806936983,0.21364636766242776
28.233333333333334,0.213567916948092,0.2093350000838227,0.19587079921744,0.16934796219235937,0.06126045327468756,0.213567916948092
28.25,0.21348957536966795,0.20925925787102934,0.1958030926880472,0.1692950196327963,0.06124540072163833,0.21348957536966795
28.266666666666666,0.21341134268850523,0.20918362043738406,0.19573547836276975,0.16924214684773917,0.06123038031681487,0.21341134268850523
28.283333333333335,0.21333321866665086,0.20910808755465324,0.19566795604280918,0.16918934368983435,0.06121539196714991,0.21333321866665086
28.3,0.2132552030668465,0.20903265899526838,0.19560052552994295,0.1691366100121505,0.06120043557991414,0.2132552030668465
28.316666666666666,0.2131772956525263,0.20895733453232387,0.19553318662652247,0.16908394566817697,0.06118551106271523,0.2131772956525263
28.333333333333332,0.21309949618781435,0.2088821139395746,0.19546593913547097,0.16903135051182233,0.06117061832349599,0.21309949618781435
28.35,0.21302180443752197,0.2088069969914334,0.19539878286028156,0.16897882439741302,0.0611557572705331,0.21302180443752197
28.366666666666667,0.21294422016714531,0.20873198346296887,0.1953317176050151,0.16892636717969142,0.061140927812435644,0.21294422016714531
28.383333333333333,0.21286674314286308,0.20865707312990298,0.1952647431742982,0.168873978713815,0.06112612985814353,0.21286674314286308
28.4,0.21278937313153395,0.2085822657686086,0.19519785937332107,0.1688216588553541,0.06111136331692622,0.21278937313153395
28.416666666666668,0.21271210990069403,0.2085075611561074,0.1951310660078357,0.16876940746029115,0.0610966280983813,0.21271210990069403
28.433333333333334,0.21263495321855466,0.20843295907006718,0.19506436288415363,0.16871722438501863,0.06108192411243283,0.21263495321855466
28.45,0.2125579028539996,0.2083584592887999,0.19499774980914414,0.16866510948633795,0.0610672512693302,0.2125579028539996
28.466666666666665,0.21248095857658317,0.20828406159125912,0.1949312265902321,0.16861306262145778,0.06105260947964648,0.21248095857658317
28.483333333333334,0.21240412015652735,0.20820976575703795,0.19486479303539608,0.16856108364799277,0.06103799865427732,0.21240412015652735
28.5,0.2123273873647196,0.20813557156636636,0.1947984489531664,0.16850917242396202,0.06102341870443918,0.2123273873647196
28.516666666666666,0.2122507599727106,0.2080614788001094,0.19473219415262294,0.16845732880778755,0.061008869541668204,0.2122507599727106
28.533333333333335,0.21217423775271155,0.20798748723976446,0.19466602844339345,0.16840555265829296,0.06099435107781881,0.21217423775271155
28.55,0.21209782047759212,0.20791359666745943,0.19459995163565147,0.16835384383470203,0.06097986322506219,0.21209782047759212
28.566666666666666,0.21202150792087793,0.2078398068659501,0.19453396354011437,0.1683022021966372,0.060965405895885186,0.21202150792087793
28.583333333333332,0.2119452998567482,0.20776611761861816,0.19446806396804142,0.16825062760411819,0.06095097900308853,0.2119452998567482
28.6,0.21186919606003357,0.2076925287094688,0.19440225273123193,0.1681991199175607,0.06093658245978588,0.21186919606003357
28.616666666666667,0.21179319630621363,0.2076190399231286,0.19433652964202322,0.1681476789977747,0.06092221617940227,0.21179319630621363
28.633333333333333,0.2117173003714147,0.2075456510448433,0.19427089451328872,0.16809630470596332,0.060907880075672854,0.2117173003714147
28.65,0.21164150803240733,0.20747236186047555,0.19420534715843624,0.16804499690372143,0.06089357406264151,0.21164150803240733
28.666666666666668,0.21156581906660438,0.2073991721565027,0.1941398873914058,0.16799375545303408,0.06087929805465948,0.21156581906660438
28.683333333333334,0.2114902332520583,0.2073260817200147,0.19407451502666795,0.16794258021627523,0.060865051966384226,0.2114902332520583
28.7,0.21141475036745916,0.2072530903387119,0.1940092298792218,0.16789147105620636,0.0608508357127779,0.21141475036745916
28.716666666666665,0.21133937019213234,0.20718019780090277,0.19394403176459316,0.16784042783597514,0.060836649209106204,0.21133937019213234
28.733333333333334,0.21126409250603617,0.20710740389550192,0.19387892049883265,0.16778945041911397,0.060822492370937016,0.21126409250603617
28.75,0.21118891708975968,0.20703470841202787,0.19381389589851394,0.16773853866953864,0.06080836511413899,0.21118891708975968
28.766666666666666,0.2111138437245206,0.2069621111406008,0.1937489577807317,0.16768769245154705,0.06079426735488051,0.2111138437245206
28.783333333333335,0.21103887219216275,0.20688961187194066,0.19368410596310004,0.16763691162981786,0.060780199009628194,0.21103887219216275
28.8,0.2109640022751542,0.2068172103973648,0.19361934026375044,0.16758619606940905,0.060766159995145806,0.2109640022751542
28.816666666666666,0.21088923375658475,0.20674490650878602,0.19355466050133,0.16753554563575657,0.060752150228492674,0.21088923375658475
28.833333333333332,0.21081456642016402,0.20667269999871035,0.1934900664949996,0.16748496019467324,0.0607381696270229,0.21081456642016402
28.85,0.21074000005021895,0.20660059066023514,0.19342555806443223,0.1674344396123471,0.06072421810838362,0.21074000005021895
28.866666666666667,0.21066553443169192,0.20652857828704674,0.19336113502981092,0.16738398375534036,0.06071029559051412,0.21066553443169192
28.883333333333333,0.21059116935013836,0.2064566626734185,0.1932967972118272,0.16733359249058788,0.060696401991644326,0.21059116935013836
28.9,0.21051690459172467,0.2063848436142089,0.19323254443167917,0.16728326568539598,0.06068253723029385,0.21051690459172467
28.916666666666668,0.21044273994322604,0.20631312090485918,0.19316837651106974,0.16723300320744122,0.06066870122527041,0.21044273994322604
28.933333333333334,0.21036867519202443,0.20624149434139144,0.1931042932722049,0.16718280492476884,0.060654893895668895,0.21036867519202443
28.95,0.21029471012610623,0.20616996372040658,0.19304029453779192,0.16713267070579174,0.060641115160870035,0.21029471012610623
28.966666666666665,0.21022084453406029,0.20609852883908236,0.1929763801310375,0.167082600419289,0.060627364940539205,0.21022084453406029
28.983333333333334,0.21014707820507564,0.20602718949517118,0.19291254987564627,0.16703259393440467,0.060613643154625155,0.21014707820507564
29.0,0.21007341092893958,0.20595594548699822,0.19284880359581874,0.16698265112064659,0.06059994972335888,0.21007341092893958
29.016666666666666,0.20999984249603543,0.20588479661345932,0.19278514111624984,0.16693277184788488,0.06058628456725247,0.20999984249603543
29.033333333333335,0.20992637269734057,0.20581374267401908,0.19272156226212697,0.16688295598635094,0.06057264760709774,0.20992637269734057
29.05,0.20985300132442422,0.2057427834687088,0.1926580668591284,0.16683320340663604,0.0605590387639653,0.20985300132442422
29.066666666666666,0.20977972816944537,0.20567191879812452,0.19259465473342147,0.16678351397969005,0.060545457959203124,0.20977972816944537
29.083333333333332,0.20970655302515084,0.20560114846342503,0.19253132571166104,0.16673388757682026,0.060531905114435645,0.20970655302515084
29.1,0.20963347568487312,0.2055304722663298,0.19246807962098755,0.16668432406969014,0.06051838015156216,0.20963347568487312
29.116666666666667,0.2095604959425284,0.2054598900091174,0.1924049162890256,0.1666348233303181,0.06050488299275625,0.2095604959425284
29.133333333333333,0.20948761359261434,0.20538940149462298,0.19234183554388196,0.16658538523107608,0.060491413560464204,0.20948761359261434
29.15,0.20941482843020837,0.2053190065262368,0.19227883721414418,0.16653600964468865,0.060477971777403994,0.20941482843020837
29.166666666666668,0.20934214025096526,0.20524870490790204,0.19221592112887875,0.16648669644423147,0.0604645575665641,0.20934214025096526
29.183333333333334,0.20926954885111546,0.2051784964441129,0.19215308711762938,0.1664374455031303,0.06045117085120241,0.20926954885111546
29.2,0.2091970540274629,0.2051083809399128,0.19209033501041556,0.16638825669515964,0.06043781155484515,0.2091970540274629
29.216666666666665,0.20912465557738305,0.20503835820089236,0.1920276646377307,0.16633912989444158,0.060424479601285636,0.20912465557738305
29.233333333333334,0.20905235329882094,0.20496842803318757,0.19196507583054057,0.16629006497544457,0.06041117491458315,0.20905235329882094
29.25,0.20898014699028902,0.20489859024347776,0.19190256842028167,0.16624106181298232,0.06039789741906198,0.20898014699028902
29.266666666666666,0.20890803645086553,0.20482884463898388,0.19184014223885956,0.16619212028221242,0.060384647039310145,0.20890803645086553
29.283333333333335,0.20883602148019217,0.20475919102746645,0.1917777971186473,0.16614324025863536,0.060371423700178395,0.20883602148019217
29.3,0.20876410187847233,0.2046896292172239,0.1917155328924836,0.1660944216180932,0.06035822732677905,0.20876410187847233
29.316666666666666,0.20869227744646912,0.2046201590170904,0.19165334939367168,0.16604566423676848,0.06034505784448495,0.20869227744646912
29.333333333333332,0.2086205479855034,0.20455078023643436,0.1915912464559772,0.1659969679911829,0.06033191517892832,0.2086205479855034
29.35,0.20854891329745184,0.20448149268515634,0.19152922391362676,0.16594833275819632,0.060318799255999686,0.20854891329745184
29.366666666666667,0.20847737318474507,0.20441229617368714,0.1914672816013066,0.16589975841500562,0.06030571000184686,0.20847737318474507
29.383333333333333,0.20840592745036562,0.20434319051298627,0.19140541935416067,0.16585124483914332,0.06029264734287381,0.20840592745036562
29.4,0.20833457589784615,0.20427417551453986,0.1913436370077891,0.16580279190847663,0.06027961120573967,0.20833457589784615
29.416666666666668,0.20826331833126743,0.20420525099035888,0.19128193439824692,0.16575439950120618,0.0602666015173576,0.20826331833126743
29.433333333333334,0.20819215455525666,0.20413641675297747,0.1912203113620421,0.16570606749586492,0.06025361820489367,0.20819215455525666
29.45,0.20812108437498517,0.20406767261545095,0.19115876773613422,0.1656577957713171,0.06024066119576598,0.20812108437498517
29.466666666666665,0.20805010759616693,0.2039990183913541,0.19109730335793285,0.16560958420675687,0.060227730417643455,0.20805010759616693
29.483333333333334,0.2079792240250567,0.20393045389477943,0.1910359180652961,0.16556143268170742,0.06021482579844492,0.2079792240250567
29.5,0.20790843346844767,0.2038619789403353,0.19097461169652885,0.16551334107601956,0.06020194726633807,0.20790843346844767
29.516666666666666,0.20783773573367026,0.2037935933431442,0.19091338409038153,0.16546530926987102,0.06018909474973819,0.20783773573367026
29.533333333333335,0.2077671306285897,0.20372529691884095,0.19085223508604826,0.1654173371437649,0.060176268177307465,0.2077671306285897
29.55,0.20769661796160466,0.20365708948357092,0.19079116452316558,0.16536942457852866,0.060163467477953834,0.20769661796160466
29.566666666666666,0.20762619754164494,0.20358897085398836,0.19073017224181088,0.1653215714553134,0.06015069258082986,0.20762619754164494
29.583333333333332,0.20755586917817023,0.20352094084725458,0.19066925808250076,0.16527377765559217,0.0601379434153319,0.20755586917817023
29.6,0.20748563268116768,0.20345299928103622,0.19060842188618968,0.1652260430611593,0.060125219911098884,0.20748563268116768
29.616666666666667,0.20741548786115044,0.20338514597350354,0.19054766349426835,0.16517836755412907,0.06011252199801159,0.20741548786115044
29.633333333333333,0.2073454345291559,0.20331738074332867,0.1904869827485624,0.16513075101693478,0.060099849606191406,0.2073454345291559
29.65,0.20727547249674366,0.20324970340968387,0.19042637949133062,0.16508319333232754,0.06008720266599942,0.20727547249674366
29.666666666666668,0.20720560157599383,0.20318211379223988,0.19036585356526387,0.16503569438337523,0.06007458110803545,0.20720560157599383
29.683333333333334,0.20713582157950536,0.20311461171116418,0.19030540481348313,0.16498825405346157,0.06006198486313709,0.20713582157950536
29.7,0.2070661323203941,0.20304719698711926,0.19024503307953847,0.16494087222628473,0.06004941386237867,0.2070661323203941
29.716666666666665,0.2069965336122912,0.20297986944126095,0.19018473820740733,0.1648935487858565,0.060036868037070215,0.2069965336122912
29.733333333333334,0.20692702526934115,0.20291262889523684,0.19012452004149322,0.16484628361650128,0.06002434731875669,0.20692702526934115
29.75,0.20685760710620024,0.2028454751711844,0.19006437842662405,0.16479907660285475,0.0600118516392169,0.20685760710620024
29.766666666666666,0.20678827893803456,0.20277840809172942,0.1900043132080509,0.16475192762986313,0.05999938093046246,0.20678827893803456
29.783333333333335,0.20671904058051865,0.20271142747998444,0.18994432423144647,0.1647048365827819,0.05998693512473697,0.20671904058051865
29.8,0.20664989184983323,0.2026445331595469,0.18988441134290385,0.16465780334717484,0.05997451415451498,0.20664989184983323
29.816666666666666,0.20658083256266396,0.2025777249544976,0.18982457438893463,0.16461082780891295,0.0599621179525012,0.20658083256266396
29.833333333333332,0.20651186253619946,0.202511002689399,0.1897648132164681,0.16456390985417357,0.05994974645162923,0.20651186253619946
29.85,0.20644298158812968,0.20244436618929373,0.18970512767284928,0.16451704936943912,0.05993739958506103,0.20644298158812968
29.866666666666667,0.20637418953664421,0.20237781527970272,0.1896455176058378,0.1644702462414961,0.05992507728618571,0.20637418953664421
29.883333333333333,0.20630548620043046,0.2023113497866238,0.18958598286360653,0.1644235003574343,0.05991277948861862,0.20630548620043046
29.9,0.2062368713986722,0.20224496953652993,0.18952652329474,0.1643768116046455,0.059900506126200626,0.2062368713986722
29.916666666666668,0.20616834495104752,0.20217867435636763,0.1894671387482331,0.1643301798708227,0.0598882571329969,0.20616834495104752
29.933333333333334,0.20609990667772762,0.20211246407355546,0.18940782907348974,0.16428360504395878,0.05987603244329627,0.20609990667772762
29.95,0.20603155639937468,0.20204633851598225,0.1893485941203214,0.16423708701234582,0.05986383199161014,0.20603155639937468
29.966666666666665,0.20596329393714055,0.2019802975120057,0.1892894337389458,0.164190625664574,0.05985165571267166,0.20596329393714055
29.983333333333334,0.20589511911266486,0.20191434089045057,0.18923034777998546,0.16414422088953046,0.059839503541434906,0.20589511911266486
30.0,0.20582703174807343,0.20184846848060745,0.1891713360944664,0.16409787257639846,0.05982737541307359,0.20582703174807343
30.016666666666666,0.2057590316659768,0.2017826801122307,0.18911239853381684,0.1640515806146564,0.059815271262980814,0.2057590316659768
30.033333333333335,0.20569111868946818,0.2017169756155373,0.1890535349498656,0.16400534489407664,0.059803191026767594,0.20569111868946818
30.05,0.20562329264212226,0.20165135482120522,0.1889947451948411,0.16395916530472465,0.05979113464026225,0.20562329264212226
30.066666666666666,0.20555555334799336,0.20158581756037158,0.18893602912136978,0.16391304173695817,0.059779102039509584,0.20555555334799336
30.083333333333332,0.20548790063161393,0.20152036366463144,0.18887738658247477,0.16386697408142598,0.05976709316076979,0.20548790063161393
30.1,0.20542033431799275,0.20145499296603608,0.1888188174315746,0.16382096222906703,0.05975510794051774,0.20542033431799275
30.116666666666667,0.20535285423261343,0.20138970529709158,0.18876032152248204,0.1637750060711095,0.059743146315442,0.20535285423261343
30.133333333333333,0.20528546020143287,0.20132450049075706,0.18870189870940246,0.16372910549906983,0.059731208222444154,0.20528546020143287
30.15,0.20521815205087968,0.20125937838044347,0.18864354884693268,0.1636832604047517,0.05971929359863778,0.20521815205087968
30.166666666666668,0.20515092960785236,0.20119433880001183,0.18858527179005974,0.16363747068024515,0.059707402381347606,0.20515092960785236
30.183333333333334,0.205083792699718,0.20112938158377186,0.18852706739415953,0.16359173621792555,0.05969553450810866,0.205083792699718
30.2,0.2050167411543106,0.20106450656648034,0.18846893551499536,0.16354605691045274,0.05968368991666562,0.2050167411543106
30.216666666666665,0.20494977479992946,0.2009997135833398,0.1884108760087168,0.16350043265077005,0.05967186854497158,0.20494977479992946
30.233333333333334,0.20488289346533764,0.20093500246999682,0.1883528887318584,0.16345486333210324,0.0596600703311876,0.20488289346533764
30.25,0.20481609697976044,0.20087037306254066,0.1882949735413384,0.16340934884795977,0.05964829521368164,0.20481609697976044
30.266666666666666,0.2047493851728838,0.20080582519750179,0.18823713029445735,0.16336388909212773,0.0596365431310278,0.2047493851728838
30.283333333333335,0.20468275787485288,0.2007413587118504,0.18817935884889692,0.16331848395867496,0.05962481402200546,0.20468275787485288
30.3,0.20461621491627033,0.20067697344299473,0.18812165906271866,0.16327313334194804,0.059613107825598526,0.20461621491627033
30.316666666666666,0.2045497561281949,0.20061266922878007,0.18806403079436257,0.16322783713657157,0.05960142448099452,0.2045497561281949
30.333333333333332,0.20448338134213986,0.20054844590748683,0.18800647390264613,0.16318259523744696,0.05958976392758389,0.20448338134213986
30.35,0.20441709039007144,0.20048430331782924,0.1879489882467627,0.16313740753975176,0.05957812610495897,0.20441709039007144
30.366666666666667,0.20435088310440755,0.20042024129895408,0.18789157368628068,0.1630922739389386,0.05956651095291343,0.20435088310440755
30.383333333333333,0.2042847593180159,0.20035625969043902,0.18783423008114172,0.1630471943307344,0.059554918411441296,0.2042847593180159
30.4,0.20421871886421278,0.20029235833229123,0.18777695729166005,0.16300216861113934,0.059543348420736275,0.20421871886421278
30.416666666666668,0.2041527615767615,0.20022853706494606,0.18771975517852085,0.16295719667642608,0.05953180092119083,0.2041527615767615
30.433333333333334,0.20408688728987084,0.2001647957292655,0.18766262360277924,0.16291227842313877,0.05952027585339543,0.20408688728987084
30.45,0.20402109583819367,0.20010113416653674,0.18760556242585888,0.16286741374809222,0.05950877315813782,0.20402109583819367
30.466666666666665,0.20395538705682537,0.20003755221847092,0.1875485715095509,0.1628226025483709,0.05949729277640223,0.20395538705682537
30.483333333333334,0.2038897607813023,0.19997404972720154,0.1874916507160126,0.16277784472132817,0.05948583464936843,0.2038897607813023
30.5,0.2038242168476007,0.19991062653528316,0.18743479990776632,0.16273314016458545,0.0594743987184112,0.2038242168476007
30.516666666666666,0.20375875509213467,0.19984728248568995,0.18737801894769807,0.16268848877603115,0.0594629849250993,0.20375875509213467
30.533333333333335,0.20369337535175516,0.1997840174218144,0.18732130769905658,0.16264389045381994,0.05945159321119501,0.20369337535175516
30.55,0.20362807746374842,0.19972083118746575,0.1872646660254518,0.16259934509637175,0.05944022351865298,0.20362807746374842
30.566666666666666,0.20356286126583434,0.1996577236268689,0.18720809379085396,0.1625548526023711,0.059428875789619764,0.20356286126583434
30.583333333333332,0.2034977265961654,0.19959469458466267,0.18715159085959232,0.162510412870766,0.059417549966432955,0.2034977265961654
30.6,0.20343267329332493,0.1995317439058987,0.18709515709635385,0.16246602580076727,0.05940624599162038,0.20343267329332493
30.616666666666667,0.20336770119632558,0.19946887143604,0.18703879236618232,0.16242169129184758,0.059394963807899506,0.20336770119632558
30.633333333333333,0.20330281014460844,0.1994060770209596,0.1869824965344768,0.16237740924374067,0.0593837033581764,0.20330281014460844
30.65,0.20323799997804104,0.19934336050693924,0.18692626946699073,0.1623331795564404,0.05937246458554535,0.20323799997804104
30.666666666666668,0.20317327053691628,0.19928072174066785,0.1868701110298307,0.16228900213019992,0.05936124743328773,0.20317327053691628
30.683333333333334,0.2031086216619509,0.19921816056924047,0.18681402108945527,0.16224487686553102,0.05935005184487169,0.2031086216619509
30.7,0.2030440531942841,0.19915567684015661,0.18675799951267386,0.16220080366320289,0.05933887776395098,0.2030440531942841
30.716666666666665,0.20297956497547626,0.1990932704013193,0.18670204616664543,0.16215678242424175,0.059327725134364545,0.20297956497547626
30.733333333333334,0.20291515684750724,0.19903094110103337,0.1866461609188776,0.16211281304992964,0.05931659390013564,0.20291515684750724
30.75,0.20285082865277546,0.19896868878800444,0.18659034363722526,0.1620688954418037,0.059305484005471115,0.20285082865277546
30.766666666666666,0.20278658023409607,0.19890651331133727,0.18653459418988969,0.16202502950165545,0.05929439539476081,0.20278658023409607
30.783333333333335,0.20272241143469988,0.19884441452053486,0.18647891244541712,0.1619812151315299,0.05928332801257655,0.20272241143469988
30.8,0.20265832209823187,0.19878239226549682,0.18642329827269782,0.16193745223372463,0.05927228180367187,0.20265832209823187
30.816666666666666,0.2025943120687499,0.19872044639651823,0.18636775154096508,0.16189374071078905,0.059261256712980825,0.2025943120687499
30.833333333333332,0.20253038119072325,0.19865857676428822,0.18631227211979362,0.16185008046552368,0.059250252685617594,0.20253038119072325
30.85,0.20246652930903136,0.19859678321988883,0.18625685987909904,0.1618064714009791,0.05923926966687569,0.20246652930903136
30.866666666666667,0.20240275626896242,0.19853506561479356,0.18620151468913637,0.16176291342045535,0.059228307602227255,0.20240275626896242
30.883333333333333,0.2023390619162122,0.19847342380086624,0.18614623642049904,0.16171940642750104,0.05921736643732232,0.2023390619162122
30.9,0.20227544609688242,0.19841185763035973,0.18609102494411783,0.16167595032591264,0.05920644611798813,0.20227544609688242
30.916666666666668,0.2022119086574797,0.19835036695591451,0.18603588013125968,0.16163254501973343,0.05919554659022852,0.2022119086574797
30.933333333333334,0.20214844944491406,0.19828895163055754,0.1859808018535266,0.16158919041325304,0.05918466780022313,0.20214844944491406
30.95,0.2020850683064976,0.198227611507701,0.1859257899828548,0.16154588641100626,0.05917380969432669,0.2020850683064976
30.966666666666665,0.20202176508994343,0.19816634644114095,0.18587084439151322,0.16150263291777273,0.05916297221906851,0.20202176508994343
30.983333333333334,0.201958539643364,0.1981051562850562,0.1858159649521028,0.16145942983857578,0.05915215532115159,0.201958539643364
31.0,0.2018953918152701,0.19804404089400696,0.18576115153755526,0.1614162770786817,0.05914135894745206,0.2018953918152701
31.016666666666666,0.20183232145456945,0.19798300012293357,0.18570640402113192,0.16137317454359906,0.059130583045018496,0.20183232145456945
31.033333333333335,0.20176932841056525,0.19792203382715545,0.1856517222764229,0.16133012213907794,0.059119827561071266,0.20176932841056525
31.05,0.20170641253295515,0.1978611418623697,0.18559710617734573,0.16128711977110902,0.05910909244300176,0.20170641253295515
31.066666666666666,0.2016435736718299,0.19780032408464981,0.1855425555981446,0.1612441673459229,0.05909837763837181,0.2016435736718299
31.083333333333332,0.20158081167767183,0.1977395803504447,0.18548807041338905,0.16120126476998936,0.05908768309491301,0.20158081167767183
31.1,0.20151812640135405,0.19767891051657727,0.1854336504979731,0.16115841195001657,0.05907700876052605,0.20151812640135405
31.116666666666667,0.2014555176941386,0.19761831444024325,0.1853792957271142,0.16111560879295017,0.059066354583280065,0.2014555176941386
31.133333333333333,0.2013929854076758,0.19755779197900997,0.18532500597635193,0.16107285520597278,0.05905572051141196,0.2013929854076758
31.15,0.20133052939400253,0.19749734299081528,0.18527078112154727,0.16103015109650304,0.05904510649332582,0.20133052939400253
31.166666666666668,0.20126814950554095,0.1974369673339662,0.18521662103888142,0.16098749637219495,0.05903451247759219,0.20126814950554095
31.183333333333334,0.2012058455950978,0.19737666486713787,0.1851625256048548,0.16094489094093703,0.05902393841294738,0.2012058455950978
31.2,0.2011436175158625,0.19731643544937214,0.18510849469628599,0.1609023347108517,0.05901338424829308,0.2011436175158625
31.216666666666665,0.20108146512140632,0.19725627894007652,0.18505452819031082,0.16085982759029444,0.059002849932695375,0.20108146512140632
31.233333333333334,0.20101938826568094,0.19719619519902315,0.18500062596438105,0.16081736948785302,0.05899233541538434,0.20101938826568094
31.25,0.2009573868030174,0.19713618408634734,0.1849467878962638,0.16077496031234684,0.05898184064575336,0.2009573868030174
31.266666666666666,0.20089546058812469,0.19707624546254654,0.1848930138640401,0.16073259997282613,0.05897136557335836,0.20089546058812469
31.283333333333335,0.2008336094760887,0.19701637918847922,0.18483930374610427,0.1606902883785713,0.058960910147917434,0.2008336094760887
31.3,0.20077183332237078,0.19695658512536363,0.18478565742116254,0.16064802543909207,0.058950474319310005,0.20077183332237078
31.316666666666666,0.20071013198280685,0.19689686313477656,0.18473207476823236,0.16060581106412686,0.05894005803757635,0.20071013198280685
31.333333333333332,0.20064850531360584,0.19683721307865243,0.18467855566664124,0.16056364516364202,0.05892966125291678,0.20064850531360584
31.35,0.20058695317134878,0.19677763481928193,0.18462509999602578,0.16052152764783112,0.05891928391569126,0.20058695317134878
31.366666666666667,0.20052547541298743,0.1967181282193109,0.18457170763633074,0.16047945842711414,0.05890892597641869,0.20052547541298743
31.383333333333333,0.2004640718958431,0.19665869314173928,0.18451837846780794,0.16043743741213695,0.0588985873857762,0.2004640718958431
31.4,0.2004027424776056,0.19659932944991987,0.18446511237101548,0.16039546451377035,0.0588882680945987,0.2004027424776056
31.416666666666668,0.20034148701633187,0.19654003700755737,0.18441190922681644,0.16035353964310955,0.05887796805387819,0.20034148701633187
31.433333333333334,0.2002803053704449,0.19648081567870698,0.18435876891637826,0.1603116627114734,0.05886768721476317,0.2002803053704449
31.45,0.2002191973987326,0.1964216653277735,0.18430569132117153,0.16026983363040356,0.058857425528558056,0.2002191973987326
31.466666666666665,0.20015816296034655,0.19636258581951016,0.1842526763229691,0.160228052311664,0.058847182946722545,0.20015816296034655
31.483333333333334,0.20009720191480082,0.1963035770190174,0.1841997238038452,0.1601863186672402,0.058836959420871006,0.20009720191480082
31.5,0.2000363141219708,0.19624463879174195,0.18414683364617423,0.1601446326093384,0.058826754902772026,0.2000363141219708
31.516666666666666,0.1999754994420922,0.1961857710034755,0.18409400573263013,0.16010299405038497,0.05881656934434761,0.1999754994420922
31.533333333333335,0.19991475773575978,0.19612697352035383,0.1840412399461852,0.16006140290302573,0.05880640269767283,0.19991475773575978
31.55,0.19985408886392614,0.1960682462088555,0.18398853617010927,0.16001985908012517,0.05879625491497493,0.19985408886392614
31.566666666666666,0.19979349268790061,0.19600958893580084,0.18393589428796858,0.1599783624947659,0.05878612594863308,0.19979349268790061
31.583333333333332,0.19973296906934832,0.19595100156835096,0.18388331418362508,0.15993691306024782,0.0587760157511776,0.19973296906934832
31.6,0.19967251787028859,0.1958924839740065,0.18383079574123534,0.15989551069008745,0.058765924275289386,0.19967251787028859
31.616666666666667,0.19961213895309446,0.19583403602060664,0.1837783388452497,0.1598541552980174,0.05875585147379941,0.19961213895309446
31.633333333333333,0.19955183218049094,0.1957756575763281,0.18372594338041112,0.15981284679798557,0.05874579729968816,0.19955183218049094
31.65,0.19949159741555425,0.1957173485096837,0.18367360923175466,0.1597715851041544,0.0587357617060849,0.19949159741555425
31.666666666666668,0.19943143452171055,0.19565910868952185,0.18362133628460614,0.15973037013090036,0.05872574464626741,0.19943143452171055
31.683333333333334,0.19937134336273493,0.1956009379850251,0.18356912442458148,0.15968920179281323,0.05871574607366105,0.19937134336273493
31.7,0.19931132380275024,0.19554283626570912,0.1835169735375857,0.15964808000469533,0.05870576594183849,0.19931132380275024
31.716666666666665,0.19925137570622597,0.19548480340142171,0.183464883509812,0.15960700468156097,0.05869580420451902,0.19925137570622597
31.733333333333334,0.19919149893797714,0.19542683926234178,0.18341285422774078,0.15956597573863573,0.05868586081556804,0.19919149893797714
31.75,0.19913169336316333,0.19536894371897823,0.18336088557813895,0.15952499309135593,0.058675935728996514,0.19913169336316333
31.766666666666666,0.1990719588472874,0.19531111664216894,0.18330897744805877,0.1594840566553676,0.058666028898960346,0.1990719588472874
31.783333333333335,0.19901229525619454,0.19525335790307966,0.1832571297248372,0.1594431663465264,0.05865614027975987,0.19901229525619454
31.8,0.1989527024560711,0.19519566737320304,0.1832053422960947,0.15940232208089633,0.05864626982583943,0.1989527024560711
31.816666666666666,0.1988931803134436,0.1951380449243577,0.18315361504973465,0.15936152377474966,0.05863641749178649,0.1988931803134436
31.833333333333332,0.19883372869517751,0.19508049042868691,0.18310194787394224,0.15932077134456585,0.05862658323233153,0.19883372869517751
31.85,0.19877434746847641,0.1950230037586579,0.18305034065718379,0.1592800647070312,0.05861676700234719,0.19877434746847641
31.866666666666667,0.19871503650088063,0.19496558478706055,0.1829987932882055,0.15923940377903795,0.05860696875684789,0.19871503650088063
31.883333333333333,0.1986557956602664,0.19490823338700652,0.18294730565603307,0.15919878847768376,0.0585971884509892,0.1986557956602664
31.9,0.19859662481484472,0.19485094943192827,0.18289587764997042,0.15915821872027125,0.058587426040067364,0.19859662481484472
31.916666666666668,0.19853752383316037,0.19479373279557793,0.182844509159599,0.15911769442430698,0.05857768147951875,0.19853752383316037
31.933333333333334,0.19847849258409073,0.19473658335202643,0.18279320007477684,0.1590772155075012,0.05856795472491935,0.19847849258409073
31.95,0.19841953093684467,0.19467950097566236,0.18274195028563778,0.15903678188776688,0.058558245731984204,0.19841953093684467
31.966666666666665,0.19836063876096185,0.19462248554119105,0.18269075968259058,0.15899639348321937,0.05854855445656691,0.19836063876096185
31.983333333333334,0.19830181592631146,0.19456553692363354,0.18263962815631793,0.1589560502121756,0.05853888085465917,0.19830181592631146
32.0,0.19824306230309094,0.1945086549983256,0.1825885555977758,0.15891575199315347,0.05852922488239008,0.19824306230309094
32.016666666666666,0.1981843777618254,0.1944518396409168,0.18253754189819238,0.15887549874487128,0.05851958649602581,0.1981843777618254
32.03333333333333,0.19812576217336633,0.1943950907273695,0.18248658694906744,0.15883529038624714,0.05850996565196896,0.19812576217336633
32.05,0.19806721540889063,0.19433840813395764,0.18243569064217124,0.15879512683639824,0.058500362306758195,0.19806721540889063
32.06666666666667,0.19800873733989957,0.19428179173726617,0.18238485286954403,0.1587550080146403,0.05849077641706757,0.19800873733989957
32.083333333333336,0.19795032783821784,0.1942252414141898,0.18233407352349473,0.15871493384048696,0.058481207946719786,0.19795032783821784
32.1,0.19789198677599232,0.19416875704193212,0.1822833524966006,0.15867490423364916,0.05847165683519457,0.19789198677599232
32.11666666666667,0.1978337140256914,0.19411233849800458,0.18223268968170603,0.1586349191140345,0.05846212305236034,0.1978337140256914
32.13333333333333,0.19777550946010386,0.19405598566022558,0.18218208497192184,0.1585949784017467,0.05845260655362572,0.19777550946010386
32.15,0.19771737295233757,0.19399969840671946,0.18213153826062456,0.15855508201708501,0.05844310729601103,0.19771737295233757
32.166666666666664,0.1976593043758189,0.19394347661591566,0.18208104944145542,0.15851522988054342,0.05843362523688611,0.1976593043758189
32.18333333333333,0.1976013036042916,0.19388732016654758,0.18203061840831958,0.15847542191281033,0.05842416033381344,0.1976013036042916
32.2,0.19754337051181559,0.1938312289376518,0.18198024505538543,0.15843565803476778,0.05841471254450954,0.19754337051181559
32.21666666666667,0.19748550497276635,0.19377520280856705,0.18192992927708362,0.15839593816749084,0.05840528182683219,0.19748550497276635
32.233333333333334,0.19742770686183356,0.1937192416589333,0.1818796709681063,0.15835626223224714,0.05839586813877468,0.19742770686183356
32.25,0.19736997605402049,0.1936633453686908,0.18182947002340638,0.15831663015049618,0.05838647143846307,0.19736997605402049
32.266666666666666,0.19731231242464267,0.19360751381807917,0.18177932633819663,0.15827704184388874,0.058377091684154704,0.19731231242464267
32.28333333333333,0.1972547158493271,0.19355174688763643,0.18172923980794886,0.1582374972342664,0.05836772883423681,0.1972547158493271
32.3,0.19719718620401133,0.19349604445819812,0.1816792103283932,0.15819799624366085,0.058358382847225984,0.19719718620401133
32.31666666666667,0.1971397233649424,0.19344040641089638,0.18162923779551737,0.15815853879429329,0.05834905368176722,0.1971397233649424
32.333333333333336,0.19708232720867574,0.19338483262715894,0.18157932210556554,0.15811912480857396,0.05833974129663355,0.19708232720867574
32.35,0.19702499761207462,0.19332932298870825,0.18152946315503804,0.15807975420910142,0.058330445650725295,0.19702499761207462
32.36666666666667,0.19696773445230878,0.19327387737756072,0.18147966084069012,0.1580404269186622,0.05832116670306957,0.19696773445230878
32.38333333333333,0.19691053760685368,0.1932184956760255,0.1814299150595315,0.15800114286022993,0.05831190441281983,0.19691053760685368
32.4,0.19685340695348955,0.1931631777667039,0.1813802257088253,0.15796190195696502,0.05830265873925537,0.19685340695348955
32.416666666666664,0.1967963423703003,0.19310792353248815,0.18133059268608748,0.15792270413221382,0.05829342964178077,0.1967963423703003
32.43333333333333,0.1967393437356728,0.19305273285656085,0.18128101588908602,0.1578835493095085,0.058284217079925406,0.1967393437356728
32.45,0.1966824109282959,0.19299760562239382,0.18123149521583995,0.15784443741256599,0.0582750210133432,0.1966824109282959
32.46666666666667,0.19662554382715913,0.1929425417137473,0.18118203056461896,0.15780536836528763,0.058265841401811784,0.19662554382715913
32.483333333333334,0.19656874231155239,0.19288754101466904,0.18113262183394213,0.15776634209175877,0.058256678205232365,0.19656874231155239
32.5,0.19651200626106446,0.19283260340949343,0.1810832689225777,0.15772735851624786,0.05824753138362908,0.19651200626106446
32.516666666666666,0.19645533555558245,0.19277772878284058,0.1810339717295419,0.15768841756320628,0.0582384008971486,0.19645533555558245
32.53333333333333,0.19639873007529068,0.1927229170196155,0.18098473015409827,0.15764951915726744,0.05822928670605972,0.19639873007529068
32.55,0.1963421897006699,0.1926681680050072,0.18093554409575716,0.15761066322324635,0.05822018877075276,0.1963421897006699
32.56666666666667,0.19628571431249622,0.19261348162448771,0.18088641345427464,0.1575718496861393,0.058211107051739264,0.19628571431249622
32.583333333333336,0.1962293037918403,0.19255885776381143,0.1808373381296519,0.15753307847112283,0.05820204150965151,0.1962293037918403
32.6,0.19617295802006637,0.19250429630901406,0.18078831802213446,0.1574943495035537,0.058192992105242064,0.19617295802006637
32.61666666666667,0.1961166768788315,0.19244979714641175,0.18073935303221153,0.157455662708968,0.058183958799383304,0.1961166768788315
32.63333333333333,0.19606046025008447,0.19239536016260045,0.18069044306061516,0.15741701801308064,0.058174941553066975,0.19606046025008447
32.65,0.19600430801606503,0.1923409852444548,0.18064158800831945,0.15737841534178504,0.05816594032740385,0.19600430801606503
32.666666666666664,0.19594822005930296,0.19228667227912732,0.18059278777653998,0.15733985462115227,0.0581569550836232,0.19594822005930296
32.68333333333333,0.19589219626261717,0.19223242115404776,0.18054404226673287,0.15730133577743075,0.05814798578307231,0.19589219626261717
32.7,0.19583623650911475,0.19217823175692195,0.18049535138059433,0.15726285873704568,0.05813903238721621,0.19583623650911475
32.71666666666667,0.19578034068219027,0.1921241039757312,0.18044671502005952,0.15722442342659837,0.05813009485763711,0.19578034068219027
32.733333333333334,0.1957245086655247,0.19207003769873132,0.18039813308730218,0.15718602977286583,0.05812117315603408,0.1957245086655247
32.75,0.19566874034308465,0.19201603281445187,0.18034960548473383,0.15714767770280033,0.05811226724422245,0.19566874034308465
32.766666666666666,0.1956130355991214,0.19196208921169522,0.18030113211500287,0.15710936714352858,0.05810337708413352,0.1956130355991214
32.78333333333333,0.19555739431817018,0.19190820677953577,0.18025271288099404,0.15707109802235142,0.05809450263781422,0.19555739431817018
32.8,0.1955018163850492,0.19185438540731914,0.18020434768582771,0.15703287026674334,0.05808564386742639,0.1955018163850492
32.81666666666667,0.19544630168485877,0.19180062498466138,0.18015603643285893,0.15699468380435183,0.05807680073524666,0.19544630168485877
32.833333333333336,0.19539085010298035,0.191746925401448,0.18010777902567712,0.15695653856299685,0.05806797320366597,0.19539085010298035
32.85,0.19533546152507594,0.1916932865478333,0.18005957536810493,0.1569184344706705,0.05805916123518894,0.19533546152507594
32.86666666666667,0.19528013583708703,0.1916397083142394,0.1800114253641978,0.15688037145553618,0.058050364792433806,0.19528013583708703
32.88333333333333,0.1952248729252339,0.19158619059135557,0.17996332891824324,0.15684234944592845,0.058041583838131676,0.1952248729252339
32.9,0.19516967267601457,0.19153273327013742,0.17991528593476003,0.15680436837035222,0.05803281833512636,0.19516967267601457
32.916666666666664,0.1951145349762041,0.19147933624180596,0.17986729631849746,0.15676642815748237,0.05802406824637376,0.1951145349762041
32.93333333333333,0.19505945971285368,0.19142599939784682,0.17981935997443493,0.15672852873616328,0.058015333534941704,0.19505945971285368
32.95,0.19500444677328987,0.19137272263000954,0.17977147680778094,0.15669067003540824,0.05800661416400925,0.19500444677328987
32.96666666666667,0.19494949604511366,0.19131950583030677,0.1797236467239725,0.15665285198439888,0.05799791009686658,0.19494949604511366
32.983333333333334,0.19489460741619966,0.19126634889101335,0.17967586962867457,0.1566150745124849,0.05798922129691436,0.19489460741619966
33.0,0.19483978077469538,0.19121325170466555,0.17962814542777913,0.15657733754918335,0.05798054772766344,0.19483978077469538
33.016666666666666,0.19478501600902023,0.19116021416406043,0.17958047402740474,0.1565396410241782,0.05797188935273451,0.19478501600902023
33.03333333333333,0.19473031300786486,0.19110723616225478,0.17953285533389568,0.15650198486731987,0.05796324613585757,0.19473031300786486
33.05,0.19467567166019015,0.19105431759256458,0.1794852892538214,0.1564643690086247,0.057954618040871674,0.19467567166019015
33.06666666666667,0.19462109185522655,0.19100145834856416,0.17943777569397562,0.1564267933782746,0.057946005031724354,0.19462109185522655
33.083333333333336,0.1945665734824733,0.19094865832408528,0.17939031456137605,0.15638925790661606,0.05793740707247146,0.1945665734824733
33.1,0.19451211643169733,0.1908959174132165,0.17934290576326323,0.1563517625241605,0.05792882412727664,0.19451211643169733
33.11666666666667,0.19445772059293287,0.19084323551030236,0.1792955492071003,0.15631430716158295,0.0579202561604109,0.19445772059293287
33.13333333333333,0.19440338585648026,0.1907906125099426,0.17924824480057205,0.1562768917497221,0.05791170313625236,0.19440338585648026
33.15,0.19434911211290537,0.19073804830699134,0.1792009924515844,0.15623951621957957,0.057903165019285684,0.19434911211290537
33.166666666666664,0.1942948992530387,0.19068554279655647,0.1791537920682636,0.1562021805023195,0.05789464177410186,0.1942948992530387
33.18333333333333,0.19424074716797468,0.19063309587399868,0.17910664355895575,0.15616488452926802,0.05788613336539779,0.19424074716797468
33.2,0.19418665574907076,0.1905807074349309,0.179059546832226,0.1561276282319129,0.05787763975797583,0.19418665574907076
33.21666666666667,0.19413262488794658,0.19052837737521733,0.1790125017968579,0.15609041154190284,0.05786916091674349,0.19413262488794658
33.233333333333334,0.1940786544764835,0.19047610559097292,0.17896550836185282,0.15605323439104726,0.05786069680671299,0.1940786544764835
33.25,0.19402474440682335,0.19042389197856235,0.17891856643642934,0.15601609671131567,0.057852247393000926,0.19402474440682335
33.266666666666666,0.1939708945713679,0.19037173643459948,0.17887167593002234,0.15597899843483717,0.05784381264082794,0.1939708945713679
33.28333333333333,0.1939171048627782,0.19031963885594666,0.17882483675228278,0.15594193949390003,0.05783539251551824,0.1939171048627782
33.3,0.19386337517397348,0.19026759913971364,0.1787780488130766,0.1559049198209513,0.05782698698249928,0.19386337517397348
33.31666666666667,0.1938097053981307,0.19021561718325725,0.17873131202248443,0.15586793934859622,0.05781859600730148,0.1938097053981307
33.333333333333336,0.19375609542868347,0.1901636928841804,0.17868462629080073,0.1558309980095977,0.057810219555557645,0.19375609542868347
33.35,0.19370254515932156,0.1901118261403313,0.1786379915285332,0.15579409573687614,0.05780185759300282,0.19370254515932156
33.36666666666667,0.19364905448398995,0.19006001684980306,0.17859140764640238,0.15575723246350864,0.05779351008547381,0.19364905448398995
33.38333333333333,0.19359562329688812,0.1900082649109325,0.17854487455534063,0.15572040812272867,0.05778517699890884,0.19359562329688812
33.4,0.19354225149246923,0.18995657022229984,0.17849839216649172,0.15568362264792565,0.05777685829934721,0.19354225149246923
33.416666666666664,0.19348893896543953,0.18990493268272757,0.1784519603912102,0.1556468759726445,0.05776855395292885,0.19348893896543953
33.43333333333333,0.1934356856107574,0.1898533521912802,0.17840557914106075,0.15561016803058508,0.05776026392589409,0.1934356856107574
33.45,0.1933824913236327,0.18980182864726303,0.17835924832781752,0.15557349875560178,0.057751988184583235,0.1933824913236327
33.46666666666667,0.19332935599952608,0.18975036195022182,0.1783129678634635,0.15553686808170308,0.05774372669543615,0.19332935599952608
33.483333333333334,0.193276279534148,0.1896989519999419,0.17826673766019005,0.1555002759430512,0.057735479424992076,0.193276279534148
33.5,0.19322326182345834,0.18964759869644754,0.17822055763039607,0.15546372227396144,0.05772724633988909,0.19322326182345834
33.516666666666666,0.19317030276366526,0.18959630194000104,0.17817442768668756,0.15542720700890184,0.05771902740686385,0.19317030276366526
33.53333333333333,0.19311740225122476,0.1895450616311023,0.17812834774187686,0.15539073008249277,0.05771082259275124,0.19311740225122476
33.55,0.19306456018283985,0.18949387767048792,0.17808231770898214,0.1553542914295064,0.05770263186448402,0.19306456018283985
33.56666666666667,0.1930117764554597,0.18944274995913057,0.17803633750122672,0.15531789098486637,0.057694455189092414,0.1930117764554597
33.583333333333336,0.19295905096627913,0.18939167839823834,0.17799040703203864,0.15528152868364725,0.057686292533703915,0.19295905096627913
33.6,0.19290638361273763,0.18934066288925383,0.17794452621504983,0.15524520446107404,0.05767814386554276,0.19290638361273763
33.61666666666667,0.19285377429251888,0.1892897033338537,0.17789869496409555,0.15520891825252192,0.05767000915192972,0.19285377429251888
33.63333333333333,0.19280122290354978,0.18923879963394785,0.17785291319321386,0.15517266999351567,0.05766188836028164,0.19280122290354978
33.65,0.19274872934399997,0.1891879516916788,0.17780718081664512,0.15513645961972927,0.057653781458111245,0.19274872934399997
33.666666666666664,0.1926962935122809,0.18913715940942089,0.17776149774883115,0.15510028706698553,0.057645688413026724,0.1926962935122809
33.68333333333333,0.19264391530704525,0.18908642268977965,0.17771586390441485,0.15506415227125542,0.057637609192731344,0.19264391530704525
33.7,0.1925915946271861,0.18903574143559115,0.17767027919823938,0.15502805516865803,0.05762954376502319,0.1925915946271861
33.71666666666667,0.1925393313718364,0.1889851155499213,0.17762474354534785,0.1549919956954598,0.057621492097794824,0.1925393313718364
33.733333333333334,0.19248712544036797,0.1889345449360652,0.1775792568609826,0.15495597378807413,0.05761345415903289,0.19248712544036797
33.75,0.1924349767323912,0.18888402949754632,0.17753381906058452,0.15491998938306123,0.057605429916817844,0.1924349767323912
33.766666666666666,0.19238288514775398,0.18883356913811597,0.17748843005979256,0.1548840424171274,0.05759741933932365,0.19238288514775398
33.78333333333333,0.19233085058654098,0.18878316376175264,0.17744308977444317,0.15484813282712465,0.05758942239481731,0.19233085058654098
33.8,0.19227887294907342,0.18873281327266123,0.17739779812056977,0.1548122605500504,0.05758143905165873,0.19227887294907342
33.81666666666667,0.19222695213590774,0.18868251757527238,0.17735255501440197,0.154776425523047,0.057573469278300225,0.19222695213590774
33.833333333333336,0.19217508804783542,0.188632276574242,0.17730736037236516,0.15474062768340124,0.057565513043286304,0.19217508804783542
33.85,0.192123280585882,0.18858209017445032,0.17726221411108,0.15470486696854405,0.05755757031525331,0.192123280585882
33.86666666666667,0.19207152965130647,0.18853195828100142,0.17721711614736163,0.15466914331604997,0.05754964106292904,0.19207152965130647
33.88333333333333,0.1920198351456006,0.1884818807992225,0.1771720663982192,0.15463345666363681,0.05754172525513255,0.1920198351456006
33.9,0.19196819697048828,0.18843185763466336,0.17712706478085544,0.15459780694916528,0.05753382286077369,0.19196819697048828
33.916666666666664,0.1919166150279248,0.18838188869309538,0.17708211121266587,0.15456219411063837,0.057525933848852906,0.1919166150279248
33.93333333333333,0.19186508922009599,0.18833197388051143,0.1770372056112384,0.15452661808620122,0.057518058188460904,0.19186508922009599
33.95,0.19181361944941783,0.18828211310312468,0.1769923478943527,0.15449107881414045,0.057510195848778214,0.19181361944941783
33.96666666666667,0.1917622056185358,0.1882323062673683,0.17694753797997964,0.15445557623288397,0.05750234679907505,0.1917622056185358
33.983333333333334,0.1917108476303239,0.1881825532798947,0.17690277578628072,0.15442011028100044,0.05749451100871093,0.1917108476303239
34.0,0.1916595453878841,0.18813285404757474,0.17685806123160766,0.15438468089719887,0.05748668844713425,0.1916595453878841
34.016666666666666,0.19160829879454588,0.18808320847749743,0.17681339423450154,0.15434928802032832,0.057478879083882155,0.19160829879454588
34.03333333333333,0.19155710775386534,0.188033616476969,0.1767687747136926,0.15431393158937726,0.0574710828885801,0.19155710775386534
34.05,0.1915059721696245,0.18798407795351244,0.17672420258809943,0.15427861154347355,0.05746329983094162,0.1915059721696245
34.06666666666667,0.1914548919458309,0.18793459281486663,0.17667967777682853,0.15424332782188366,0.05745552988076798,0.1914548919458309
34.083333333333336,0.19140386698671663,0.18788516096898605,0.17663520019917378,0.15420808036401246,0.05744777300794788,0.19140386698671663
34.1,0.19135289719673784,0.1878357823240399,0.1765907697746159,0.15417286910940287,0.05744002918245714,0.19135289719673784
34.11666666666667,0.19130198248057417,0.1877864567884115,0.17654638642282172,0.15413769399773525,0.05743229837435845,0.19130198248057417
34.13333333333333,0.19125112274312792,0.18773718427069774,0.176502050063644,0.15410255496882735,0.057424580553800945,0.19125112274312792
34.15,0.19120031788952338,0.18768796467970847,0.17645776061712054,0.1540674519626335,0.05741687569102007,0.19120031788952338
34.166666666666664,0.1911495678251064,0.18763879792446575,0.17641351800347382,0.15403238491924454,0.057409183756337155,0.1911495678251064
34.18333333333333,0.19109887245544352,0.18758968391420344,0.17636932214311057,0.1539973537788873,0.05740150472015916,0.19109887245544352
34.2,0.19104823168632157,0.18754062255836634,0.17632517295662087,0.15396235848192413,0.05739383855297836,0.19104823168632157
34.21666666666667,0.19099764542374675,0.18749161376660975,0.17628107036477803,0.15392739896885285,0.05738618522537212,0.19099764542374675
34.233333333333334,0.19094711357394406,0.1874426574487988,0.17623701428853783,0.1538924751803059,0.05737854470800249,0.19094711357394406
34.25,0.19089663604335688,0.18739375351500787,0.17619300464903798,0.1538575870570503,0.05737091697161598,0.19089663604335688
34.266666666666666,0.19084621273864616,0.18734490187551991,0.1761490413675978,0.15382273453998707,0.057363301987043265,0.19084621273864616
34.28333333333333,0.19079584356668963,0.18729610244082595,0.17610512436571746,0.15378791757015098,0.05735569972519887,0.19079584356668963
34.3,0.1907455284345816,0.18724735512162438,0.1760612535650775,0.15375313608871005,0.05734811015708091,0.1907455284345816
34.31666666666667,0.19069526724963187,0.1871986598288204,0.17601742888753857,0.15371839003696533,0.05734053325377075,0.19069526724963187
34.333333333333336,0.19064505991936542,0.18715001647352542,0.17597365025514053,0.15368367935635033,0.057332968986432795,0.19064505991936542
34.35,0.19059490635152165,0.1871014249670565,0.17592991759010213,0.1536490039884308,0.057325417326314146,0.19059490635152165
34.36666666666667,0.19054480645405378,0.18705288522093572,0.17588623081482052,0.15361436387490424,0.05731787824474428,0.19054480645405378
34.38333333333333,0.19049476013512825,0.18700439714688952,0.17584258985187068,0.15357975895759957,0.057310351713134915,0.19049476013512825
34.4,0.19044476730312412,0.18695596065684822,0.17579899462400497,0.15354518917847687,0.05730283770297958,0.19044476730312412
34.416666666666664,0.1903948278666323,0.1869075756629454,0.17575544505415244,0.15351065447962675,0.05729533618585328,0.1903948278666323
34.43333333333333,0.19034494173445524,0.18685924207751725,0.1757119410654186,0.15347615480327026,0.05728784713341246,0.19034494173445524
34.45,0.19029510881560596,0.18681095981310208,0.17566848258108475,0.1534416900917583,0.057280370517394534,0.19029510881560596
34.46666666666667,0.19024532901930782,0.18676272878243969,0.17562506952460738,0.15340726028757137,0.057272906309617636,0.19024532901930782
34.483333333333334,0.19019560225499346,0.18671454889847072,0.17558170181961788,0.1533728653333192,0.05726545448198034,0.19019560225499346
34.5,0.19014592843230468,0.18666642007433626,0.17553837938992195,0.15333850517174033,0.05725801500646148,0.19014592843230468
34.516666666666666,0.19009630746109152,0.1866183422233771,0.1754951021594991,0.15330417974570176,0.05725058785511968,0.19009630746109152
34.53333333333333,0.19004673925141172,0.18657031525913312,0.17545187005250204,0.15326988899819866,0.0572431730000933,0.19004673925141172
34.55,0.18999722371353014,0.18652233909534294,0.17540868299325643,0.15323563287235387,0.05723577041360004,0.18999722371353014
34.56666666666667,0.1899477607579183,0.18647441364594314,0.17536554090626016,0.15320141131141768,0.05722838006793668,0.1899477607579183
34.583333333333336,0.18989835029525343,0.18642653882506782,0.17532244371618302,0.1531672242587674,0.0572210019354788,0.18989835029525343
34.6,0.18984899223641838,0.18637871454704796,0.17527939134786602,0.15313307165790696,0.05721363598868051,0.18984899223641838
34.61666666666667,0.18979968649250045,0.1863309407264108,0.1752363837263211,0.15309895345246663,0.05720628220007426,0.18979968649250045
34.63333333333333,0.18975043297479138,0.1862832172778795,0.17519342077673059,0.1530648695862027,0.05719894054227052,0.18975043297479138
34.65,0.18970123159478633,0.1862355441163723,0.17515050242444657,0.15303082000299695,0.05719161098795739,0.18970123159478633
34.666666666666664,0.18965208226418348,0.18618792115700217,0.17510762859499068,0.1529968046468565,0.05718429350990063,0.18965208226418348
34.68333333333333,0.18960298489488348,0.18614034831507612,0.17506479921405327,0.1529628234619133,0.057176988080943056,0.18960298489488348
34.7,0.18955393939898876,0.18609282550609474,0.17502201420749328,0.15292887639242395,0.057169694674004484,0.18955393939898876
34.71666666666667,0.189504945688803,0.18604535264575162,0.17497927350133757,0.1528949633827691,0.057162413262081484,0.189504945688803
34.733333333333334,0.18945600367683058,0.18599792964993273,0.1749365770217804,0.15286108437745333,0.05715514381824697,0.18945600367683058
34.75,0.18940711327577595,0.18595055643471595,0.17489392469518306,0.1528272393211047,0.0571478863156501,0.18940711327577595
34.766666666666666,0.18935827439854314,0.18590323291637048,0.1748513164480734,0.15279342815847446,0.057140640727515894,0.18935827439854314
34.78333333333333,0.18930948695823518,0.18585595901135635,0.1748087522071453,0.1527596508344366,0.05713340702714497,0.18930948695823518
34.8,0.18926075086815342,0.18580873463632383,0.17476623189925822,0.15272590729398758,0.05712618518791349,0.18926075086815342
34.81666666666667,0.18921206604179694,0.18576155970811284,0.17472375545143665,0.15269219748224602,0.05711897518327265,0.18921206604179694
34.833333333333336,0.1891634323928623,0.18571443414375258,0.17468132279086984,0.15265852134445235,0.05711177698674851,0.1891634323928623
34.85,0.18911484983524257,0.1856673578604607,0.17463893384491122,0.1526248788259683,0.05710459057194183,0.18911484983524257
34.86666666666667,0.1890663182830271,0.1856203307756431,0.1745965885410778,0.1525912698722769,0.05709741591252771,0.1890663182830271
34.88333333333333,0.18901783765050076,0.18557335280689313,0.17455428680704993,0.15255769442898168,0.05709025298225538,0.18901783765050076
34.9,0.18896940785214333,0.18552642387199123,0.17451202857067077,0.15252415244180684,0.05708310175494794,0.18896940785214333
34.916666666666664,0.18892102880262934,0.18547954388890425,0.17446981375994575,0.15249064385659655,0.057075962204502104,0.18892102880262934
34.93333333333333,0.18887270041682686,0.1854327127757851,0.1744276423030422,0.15245716861931474,0.05706883430488801,0.18887270041682686
34.95,0.18882442260979768,0.18538593045097204,0.17438551412828887,0.15242372667604476,0.05706171803014888,0.18882442260979768
34.96666666666667,0.18877619529679612,0.18533919683298827,0.17434342916417545,0.15239031797298902,0.0570546133544008,0.18877619529679612
34.983333333333334,0.18872801839326897,0.1852925118405414,0.17430138733935216,0.1523569424564687,0.05704752025183252,0.18872801839326897
35.0,0.18867989181485464,0.1852458753925228,0.17425938858262924,0.1523236000729234,0.057040438696705144,0.18867989181485464
35.016666666666666,0.1886318154773827,0.1851992874080073,0.17421743282297653,0.15229029076891087,0.057033368663351965,0.1886318154773827
35.03333333333333,0.18858378929687342,0.18515274780625252,0.17417551998952302,0.1522570144911065,0.05702631012617815,0.18858378929687342
35.05,0.18853581318953705,0.18510625650669826,0.1741336500115565,0.15222377118630326,0.05701926305966054,0.18853581318953705
35.06666666666667,0.18848788707177355,0.18505981342896624,0.17409182281852292,0.1521905608014112,0.05701222743834735,0.18848788707177355
35.083333333333336,0.18844001086017179,0.18501341849285946,0.17405003834002603,0.15215738328345696,0.057005203236858065,0.18844001086017179
35.1,0.18839218447150916,0.18496707161836162,0.174008296505827,0.15212423857958396,0.056998190429882994,0.18839218447150916
35.11666666666667,0.188344407822751,0.18492077272563667,0.17396659724584398,0.1520911266370515,0.05699118899218316,0.188344407822751
35.13333333333333,0.18829668083105006,0.18487452173502839,0.1739249404901515,0.15205804740323486,0.05698419889859016,0.18829668083105006
35.15,0.188249003413746,0.1848283185670596,0.17388332616898025,0.1520250008256247,0.05697722012400572,0.188249003413746
35.166666666666664,0.18820137548836477,0.18478216314243215,0.17384175421271647,0.15199198685182697,0.05697025264340155,0.18820137548836477
35.18333333333333,0.18815379697261825,0.1847360553820258,0.17380022455190156,0.15195900542956237,0.05696329643181914,0.18815379697261825
35.2,0.18810626778440362,0.18468999520689833,0.17375873711723172,0.15192605650666618,0.05695635146436948,0.18810626778440362
35.21666666666667,0.1880587878418028,0.18464398253828446,0.17371729183955747,0.151893140031088,0.056949417716232895,0.1880587878418028
35.233333333333334,0.188011357063082,0.1845980172975959,0.17367588864988315,0.15186025595089114,0.05694249516265872,0.188011357063082
35.25,0.1879639753666912,0.18455209940642042,0.17363452747936664,0.1518274042142527,0.05693558377896513,0.1879639753666912
35.266666666666666,0.18791664267126362,0.18450622878652154,0.17359320825931868,0.15179458476946295,0.05692868354053889,0.18791664267126362
35.28333333333333,0.18786935889561512,0.18446040535983818,0.17355193092120288,0.15176179756492514,0.0569217944228351,0.18786935889561512
35.3,0.18782212395874387,0.18441462904848382,0.17351069539663477,0.15172904254915526,0.05691491640137708,0.18782212395874387
35.31666666666667,0.18777493777982973,0.1843688997747463,0.1734695016173817,0.15169631967078157,0.05690804945175597,0.18777493777982973
35.333333333333336,0.18772780027823358,0.1843232174610872,0.17342834951536246,0.15166362887854432,0.05690119354963059,0.18772780027823358
35.35,0.18768071137349726,0.18427758203014144,0.17338723902264652,0.15163097012129562,0.05689434867072732,0.18768071137349726
35.36666666666667,0.1876336709853425,0.18423199340471663,0.1733461700714541,0.15159834334799888,0.05688751479083968,0.1876336709853425
35.38333333333333,0.18758667903367082,0.1841864515077929,0.17330514259415525,0.15156574850772875,0.0568806918858282,0.18758667903367082
35.4,0.18753973543856298,0.18414095626252192,0.17326415652326982,0.1515331855496706,0.05687387993162024,0.18753973543856298
35.416666666666664,0.18749284012027817,0.18409550759222706,0.17322321179146682,0.15150065442312038,0.05686707890420965,0.18749284012027817
35.43333333333333,0.187445992999254,0.1840501054204023,0.1731823083315641,0.15146815507748412,0.0568602887796567,0.187445992999254
35.45,0.18739919399610555,0.18400474967071212,0.17314144607652793,0.15143568746227792,0.056853509534087764,0.18739919399610555
35.46666666666667,0.18735244303162515,0.1839594402669909,0.17310062495947254,0.15140325152712739,0.05684674114369503,0.18735244303162515
35.483333333333334,0.1873057400267818,0.18391417713324257,0.17305984491365978,0.15137084722176736,0.0568399835847365,0.1873057400267818
35.5,0.18725908490272064,0.1838689601936399,0.1730191058724987,0.15133847449604182,0.05683323683353553,0.18725908490272064
35.516666666666666,0.1872124775807625,0.1838237893725243,0.172978407769545,0.15130613329990342,0.056826500866480764,0.1872124775807625
35.53333333333333,0.18716591798240342,0.18377866459440506,0.17293775053850088,0.15127382358341313,0.0568197756600259,0.18716591798240342
35.55,0.18711940602931415,0.1837335857839592,0.17289713411321442,0.15124154529674014,0.056813061190689414,0.18711940602931415
35.56666666666667,0.18707294164333962,0.18368855286603078,0.17285655842767927,0.15120929839016142,0.05680635743505439,0.18707294164333962
35.583333333333336,0.18702652474649858,0.18364356576563048,0.17281602341603425,0.15117708281406145,0.05679966436976827,0.18702652474649858
35.6,0.18698015526098294,0.18359862440793523,0.17277552901256288,0.1511448985189319,0.056792981971542776,0.18698015526098294
35.61666666666667,0.18693383310915734,0.18355372871828757,0.17273507515169317,0.15111274545537146,0.05678631021715344,0.18693383310915734
35.63333333333333,0.1868875582135589,0.1835088786221954,0.17269466176799686,0.15108062357408542,0.05677964908343965,0.1868875582135589
35.65,0.18684133049689639,0.18346407404533138,0.17265428879618944,0.15104853282588546,0.056772998547304304,0.18684133049689639
35.666666666666664,0.18679514988204984,0.18341931491353247,0.17261395617112946,0.15101647316168923,0.056766358585713585,0.18679514988204984
35.68333333333333,0.18674901629207044,0.18337460115279966,0.17257366382781827,0.15098444453252027,0.056759729175696896,0.18674901629207044
35.7,0.18670292965017946,0.18332993268929715,0.1725334117013996,0.15095244688950757,0.056753110294346445,0.18670292965017946
35.71666666666667,0.18665688987976814,0.18328530944935234,0.1724931997271592,0.15092048018388524,0.056746501918817166,0.18665688987976814
35.733333333333334,0.18661089690439728,0.183240731359455,0.1724530278405243,0.1508885443669925,0.05673990402632658,0.18661089690439728
35.75,0.18656495064779657,0.1831961983462571,0.17241289597706344,0.150856639390273,0.0567333165941544,0.18656495064779657
35.766666666666666,0.1865190510338642,0.1831517103365722,0.17237280407248595,0.15082476520527488,0.05672673959964247,0.1865190510338642
35.78333333333333,0.18647319798666642,0.18310726725737503,0.1723327520626416,0.15079292176365022,0.05672017302019448,0.18647319798666642
35.8,0.18642739143043702,0.18306286903580105,0.1722927398835201,0.150761109017155,0.05671361683327586,0.18642739143043702
35.81666666666667,0.1863816312895769,0.183018515599146,0.17225276747125098,0.15072932691764868,0.05670707101641346,0.1863816312895769
35.833333333333336,0.1863359174886537,0.1829742068748656,0.17221283476210297,0.15069757541709386,0.05670053554719546,0.1863359174886537
35.85,0.1862902499524011,0.1829299427905749,0.17217294169248368,0.15066585446755615,0.05669401040327107,0.1862902499524011
35.86666666666667,0.1862446286057186,0.18288572327404792,0.17213308819893924,0.1506341640212039,0.05668749556235039,0.1862446286057186
35.88333333333333,0.18619905337367096,0.18284154825321725,0.17209327421815399,0.15060250403030764,0.05668099100220421,0.18619905337367096
35.9,0.18615352418148773,0.18279741765617352,0.17205349968694994,0.1505708744472402,0.05667449670066376,0.18615352418148773
35.916666666666664,0.1861080409545628,0.18275333141116512,0.17201376454228656,0.15053927522447624,0.05666801263562055,0.1861080409545628
35.93333333333333,0.18606260361845411,0.18270928944659764,0.17197406872126023,0.15050770631459187,0.05666153878502621,0.18606260361845411
35.95,0.18601721209888286,0.18266529169103346,0.17193441216110406,0.15047616767026453,0.05665507512689225,0.18601721209888286
35.96666666666667,0.1859718663217334,0.18262133807319136,0.17189479479918737,0.15044465924427272,0.05664862163928982,0.1859718663217334
35.983333333333334,0.1859265662130526,0.18257742852194603,0.1718552165730154,0.15041318098949563,0.05664217830034959,0.1859265662130526
36.0,0.18588131169904945,0.18253356296632772,0.1718156774202289,0.15038173285891296,0.05663574508826156,0.18588131169904945
36.016666666666666,0.1858361027060945,0.1824897413355217,0.17177617727860375,0.15035031480560457,0.05662932198127481,0.1858361027060945
36.03333333333333,0.18579093916071976,0.18244596355886805,0.17173671608605068,0.1503189267827503,0.056622908957697296,0.18579093916071976
36.05,0.1857458209896178,0.18240222956586094,0.1716972937806147,0.15028756874362964,0.05661650599589579,0.1857458209896178
36.06666666666667,0.18570074811964166,0.18235853928614842,0.17165791030047506,0.1502562406416214,0.0566101130742955,0.18570074811964166
36.083333333333336,0.1856557204778042,0.18231489264953193,0.17161856558394456,0.15022494243020368,0.05660373017138,0.1856557204778042
36.1,0.18561073799127784,0.18227128958596595,0.17157925956946934,0.15019367406295325,0.056597357265691026,0.18561073799127784
36.11666666666667,0.18556580058739397,0.18222773002555742,0.17153999219562857,0.15016243549354563,0.05659099433582828,0.18556580058739397
36.13333333333333,0.1855209081936425,0.18218421389856557,0.1715007634011339,0.15013122667575463,0.05658464136044924,0.1855209081936425
36.15,0.1854760607376716,0.18214074113540119,0.1714615731248294,0.15010004756345208,0.05657829831826892,0.1854760607376716
36.166666666666664,0.18543125814728725,0.18209731166662654,0.17142242130569085,0.1500688981106077,0.05657196518805979,0.18543125814728725
36.18333333333333,0.18538650035045257,0.18205392542295468,0.17138330788282566,0.15003777827128867,0.05656564194865151,0.18538650035045257
36.2,0.18534178727528755,0.1820105823352492,0.17134423279547234,0.1500066879996595,0.05655932857893075,0.18534178727528755
36.21666666666667,0.1852971188500687,0.18196728233452375,0.17130519598300029,0.14997562724998179,0.05655302505784104,0.1852971188500687
36.233333333333334,0.1852524950032285,0.1819240253519418,0.17126619738490934,0.14994459597661375,0.05654673136438252,0.1852524950032285
36.25,0.18520791566335512,0.18188081131881584,0.17122723694082936,0.1499135941340103,0.0565404474776119,0.18520791566335512
36.266666666666666,0.18516338075919167,0.18183764016660747,0.17118831459052009,0.1498826216767224,0.05653417337664209,0.18516338075919167
36.28333333333333,0.1851188902196363,0.18179451182692657,0.17114943027387067,0.14985167855939713,0.05652790904064216,0.1851188902196363
36.3,0.18507444397374118,0.18175142623153118,0.17111058393089917,0.14982076473677736,0.05652165444883708,0.18507444397374118
36.31666666666667,0.18503004195071257,0.18170838331232692,0.1710717755017525,0.14978988016370123,0.0565154095805076,0.18503004195071257
36.333333333333336,0.18498568407991015,0.1816653830013667,0.17103300492670587,0.14975902479510234,0.056509174414989954,0.18498568407991015
36.35,0.1849413702908467,0.18162242523085032,0.17099427214616258,0.1497281985860092,0.05650294893167584,0.1849413702908467
36.36666666666667,0.18489710051318767,0.181579509933124,0.1709555771006535,0.14969740149154492,0.05649673311001215,0.18489710051318767
36.38333333333333,0.18485287467675063,0.18153663704067996,0.1709169197308369,0.14966663346692724,0.056490526929500795,0.18485287467675063
36.4,0.18480869271150507,0.1814938064861562,0.17087829997749798,0.14963589446746803,0.05648433036969855,0.18480869271150507
36.416666666666664,0.1847645545475719,0.18145101820233595,0.1708397177815487,0.14960518444857318,0.05647814341021683,0.1847645545475719
36.43333333333333,0.18472046011522295,0.18140827212214727,0.17080117308402712,0.14957450336574224,0.05647196603072162,0.18472046011522295
36.45,0.1846764093448807,0.18136556817866273,0.17076266582609748,0.14954385117456834,0.056465798210933164,0.1846764093448807
36.46666666666667,0.18463240216711788,0.181322906305099,0.17072419594904953,0.14951322783073773,0.056459639930625874,0.18463240216711788
36.483333333333334,0.18458843851265683,0.18128028643481647,0.1706857633942983,0.14948263329002962,0.05645349116962813,0.18458843851265683
36.5,0.18454451831236948,0.18123770850131887,0.1706473681033839,0.14945206750831608,0.056447351907822164,0.18454451831236948
36.516666666666666,0.18450064149727652,0.18119517243825278,0.17060901001797096,0.1494215304415616,0.05644122212514378,0.18450064149727652
36.53333333333333,0.18445680799854727,0.18115267817940744,0.1705706890798483,0.14939102204582283,0.05643510180158228,0.18445680799854727
36.55,0.1844130177474993,0.1811102256587141,0.17053240523092889,0.1493605422772486,0.05642899091718023,0.1844130177474993
36.56666666666667,0.1843692706755979,0.18106781481024598,0.1704941584132492,0.14933009109207926,0.056422889452033324,0.1843692706755979
36.583333333333336,0.18432556671445574,0.18102544556821748,0.17045594856896903,0.14929966844664688,0.05641679738629015,0.18432556671445574
36.6,0.18428190579583237,0.18098311786698423,0.1704177756403712,0.14926927429737474,0.05641071470015217,0.18428190579583237
36.61666666666667,0.18423828785163404,0.18094083164104247,0.17037963956986096,0.14923890860077704,0.05640464137387338,0.18423828785163404
36.63333333333333,0.18419471281391317,0.18089858682502846,0.17034154029996612,0.14920857131345897,0.056398577387760204,0.18419471281391317
36.65,0.18415118061486782,0.18085638335371865,0.17030347777333632,0.14917826239211607,0.05639252272217142,0.18415118061486782
36.666666666666664,0.18410769118684162,0.18081422116202883,0.17026545193274284,0.1491479817935344,0.05638647735751783,0.18410769118684162
36.68333333333333,0.1840642444623231,0.180772100185014,0.17022746272107842,0.14911772947458982,0.05638044127426221,0.1840642444623231
36.7,0.18402084037394548,0.18073002035786784,0.1701895100813567,0.1490875053922483,0.05637441445291909,0.18402084037394548
36.71666666666667,0.18397747885448618,0.18068798161592248,0.17015159395671195,0.1490573095035653,0.05636839687405461,0.18397747885448618
36.733333333333334,0.18393415983686637,0.1806459838946481,0.17011371429039898,0.1490271417656856,0.05636238851828637,0.18393415983686637
36.75,0.18389088325415087,0.18060402712965246,0.17007587102579247,0.14899700213584322,0.056356389366283226,0.18389088325415087
36.766666666666666,0.1838476490395473,0.1805621112566806,0.17003806410638694,0.14896689057136095,0.0563503993987652,0.1838476490395473
36.78333333333333,0.18380445712640625,0.18052023621161456,0.1700002934757963,0.14893680702965037,0.05634441859650318,0.18380445712640625
36.8,0.1837613074482204,0.18047840193047288,0.16996255907775343,0.14890675146821142,0.05633844694031891,0.1837613074482204
36.81666666666667,0.18371819993862445,0.18043660834941017,0.16992486085611017,0.14887672384463224,0.05633248441108478,0.18371819993862445
36.833333333333336,0.1836751345313947,0.1803948554047171,0.16988719875483665,0.14884672411658895,0.05632653098972358,0.1836751345313947
36.85,0.18363211116044845,0.1803531430328196,0.16984957271802126,0.14881675224184546,0.056320586657208446,0.18363211116044845
36.86666666666667,0.18358912975984387,0.1803114711702788,0.1698119826898702,0.14878680817825307,0.05631465139456266,0.18358912975984387
36.88333333333333,0.18354619026377963,0.18026983975379043,0.16977442861470704,0.14875689188375052,0.0563087251828595,0.18354619026377963
36.9,0.18350329260659434,0.18022824872018484,0.1697369104369728,0.14872700331636346,0.05630280800322206,0.18350329260659434
36.916666666666664,0.1834604367227662,0.18018669800642612,0.1696994281012253,0.14869714243420445,0.0562968998368231,0.1834604367227662
36.93333333333333,0.18341762254691293,0.18014518754961226,0.16966198155213885,0.1486673091954726,0.056291000664884926,0.18341762254691293
36.95,0.18337485001379097,0.18010371728697439,0.1696245707345041,0.14863750355845345,0.056285110468679185,0.18337485001379097
36.96666666666667,0.18333211905829536,0.18006228715587674,0.16958719559322777,0.14860772548151857,0.05627922922952672,0.18333211905829536
36.983333333333334,0.1832894296154593,0.18002089709381597,0.16954985607333214,0.1485779749231256,0.056273356928797424,0.1832894296154593
37.0,0.18324678162045385,0.17997954703842112,0.16951255211995483,0.14854825184181786,0.05626749354791008,0.18324678162045385
37.016666666666666,0.18320417500858757,0.1799382369274531,0.16947528367834863,0.14851855619622398,0.056261639068332245,0.18320417500858757
37.03333333333333,0.18316160971530596,0.17989696669880428,0.16943805069388096,0.14848888794505805,0.05625579347158001,0.18316160971530596
37.05,0.1831190856761913,0.17985573629049836,0.1694008531120338,0.14845924704711905,0.05624995673921792,0.1831190856761913
37.06666666666667,0.1830766028269623,0.17981454564068983,0.1693636908784032,0.1484296334612909,0.05624412885285877,0.1830766028269623
37.083333333333336,0.18303416110347354,0.17977339468766362,0.16932656393869908,0.14840004714654192,0.05623830979416353,0.18303416110347354
37.1,0.18299176044171528,0.17973228336983493,0.16928947223874494,0.14837048806192504,0.056232499544841066,0.18299176044171528
37.11666666666667,0.18294940077781308,0.17969121162574875,0.16925241572447752,0.1483409561665772,0.056226698086648166,0.18294940077781308
37.13333333333333,0.18290708204802736,0.17965017939407946,0.16921539434194646,0.1483114514197192,0.05622090540138924,0.18290708204802736
37.15,0.18286480418875312,0.17960918661363065,0.16917840803731415,0.14828197378065572,0.0562151214709162,0.18286480418875312
37.166666666666664,0.18282256713651956,0.17956823322333462,0.1691414567568553,0.14825252320877483,0.05620934627712836,0.18282256713651956
37.18333333333333,0.18278037082798979,0.17952731916225223,0.16910454044695664,0.14822309966354796,0.056203579801972256,0.18278037082798979
37.2,0.18273821519996025,0.17948644436957234,0.16906765905411675,0.1481937031045295,0.05619782202744149,0.18273821519996025
37.21666666666667,0.1826961001893607,0.17944560878461163,0.1690308125249456,0.14816433349135685,0.05619207293557657,0.1826961001893607
37.233333333333334,0.18265402573325354,0.1794048123468142,0.16899400080616445,0.1481349907837499,0.05618633250846483,0.18265402573325354
37.25,0.18261199176883366,0.17936405499575125,0.1689572238446054,0.14810567494151097,0.056180600728240215,0.18261199176883366
37.266666666666666,0.18256999823342807,0.17932333667112077,0.16892048158721118,0.14807638592452477,0.056174877577083164,0.18256999823342807
37.28333333333333,0.1825280450644954,0.17928265731274712,0.1688837739810348,0.14804712369275774,0.056169163037220415,0.1825280450644954
37.3,0.1824861321996259,0.1792420168605808,0.1688471009732393,0.14801788820625833,0.05616345709092502,0.1824861321996259
37.31666666666667,0.18244425957654065,0.17920141525469813,0.16881046251109755,0.1479886794251565,0.056157759720515885,0.18244425957654065
37.333333333333336,0.18240242713309143,0.1791608524353006,0.16877385854199176,0.1479594973096635,0.056152070908358054,0.18240242713309143
37.35,0.1823606348072605,0.17912032834271527,0.16873728901341337,0.14793034182007184,0.056146390636862206,0.1823606348072605
37.36666666666667,0.1823188825371601,0.17907984291739354,0.1687007538729627,0.1479012129167549,0.056140718888484584,0.1823188825371601
37.38333333333333,0.1822771702610321,0.1790393960999114,0.16866425306834865,0.14787211056016686,0.05613505564572707,0.1822771702610321
37.4,0.18223549791724766,0.17899898783096907,0.16862778654738847,0.14784303471084242,0.05612940089113678,0.18223549791724766
37.416666666666664,0.18219386544430707,0.1789586180513905,0.16859135425800742,0.14781398532939655,0.05612375460730602,0.18219386544430707
37.43333333333333,0.1821522727808391,0.178918286702123,0.1685549561482385,0.1477849623765244,0.056118116776872215,0.1821522727808391
37.45,0.1821107198656009,0.17887799372423718,0.16851859216622223,0.147755965813001,0.05611248738251764,0.1821107198656009
37.46666666666667,0.18206920663747767,0.17883773905892647,0.1684822622602063,0.14772699559968105,0.056106866406969366,0.18206920663747767
37.483333333333334,0.18202773303548214,0.1787975226475067,0.1684459663785453,0.14769805169749892,0.05610125383299912,0.18202773303548214
37.5,0.18198629899875446,0.178757344431416,0.1684097044697005,0.14766913406746812,0.05609564964342312,0.18198629899875446
37.516666666666666,0.18194490446656164,0.17871720435221422,0.1683734764822395,0.1476402426706812,0.05609005382110192,0.18194490446656164
37.53333333333333,0.1819035493782974,0.17867710235158285,0.16833728236483592,0.14761137746830982,0.05608446634894032,0.1819035493782974
37.55,0.18186223367348173,0.17863703837132472,0.1683011220662694,0.14758253842160418,0.05607888720988717,0.18186223367348173
37.56666666666667,0.1818209572917606,0.17859701235336334,0.1682649955354249,0.14755372549189294,0.05607331638693531,0.1818209572917606
37.583333333333336,0.1817797201729057,0.17855702423974298,0.16822890272129268,0.1475249386405832,0.05606775386312133,0.1817797201729057
37.6,0.181738522256814,0.1785170739726282,0.1681928435729681,0.14749617782916,0.05606219962152559,0.181738522256814
37.61666666666667,0.18169736348350737,0.17847716149430343,0.16815681803965116,0.14746744301918635,0.056056653645271876,0.18169736348350737
37.63333333333333,0.18165624379313253,0.1784372867471728,0.16812082607064627,0.1474387341723029,0.05605111591752744,0.18165624379313253
37.65,0.18161516312596043,0.1783974496737598,0.16808486761536212,0.14741005125022788,0.05604558642150282,0.18161516312596043
37.666666666666664,0.18157412142238596,0.17835765021670708,0.16804894262331121,0.1473813942147567,0.05604006514045163,0.18157412142238596
37.68333333333333,0.18153311862292792,0.1783178883187757,0.16801305104410974,0.1473527630277619,0.056034552057670516,0.18153311862292792
37.7,0.18149215466822827,0.17827816392284546,0.16797719282747725,0.14732415765119306,0.056029047156499034,0.18149215466822827
37.71666666666667,0.1814512294990522,0.17823847697191408,0.16794136792323644,0.14729557804707627,0.05602355042031943,0.1814512294990522
37.733333333333334,0.18141034305628753,0.1781988274090972,0.16790557628131272,0.1472670241775142,0.056018061832556504,0.18141034305628753
37.75,0.1813694952809445,0.17815921517762784,0.16786981785173427,0.14723849600468586,0.05601258137667763,0.1813694952809445
37.766666666666666,0.18132868611415548,0.1781196402208563,0.16783409258463136,0.14720999349084637,0.056007109036192486,0.18132868611415548
37.78333333333333,0.18128791549717457,0.17808010248224979,0.1677984004302365,0.1471815165983268,0.056001644794652944,0.18128791549717457
37.8,0.1812471833713774,0.178040601905392,0.1677627413388839,0.14715306528953392,0.05599618863565297,0.1812471833713774
37.81666666666667,0.18120648967826072,0.17800113843398305,0.16772711526100928,0.14712463952695004,0.055990740542828495,0.18120648967826072
37.833333333333336,0.18116583435944203,0.1779617120118389,0.1676915221471496,0.14709623927313287,0.05598530049985722,0.18116583435944203
37.85,0.18112521735665954,0.17792232258289126,0.1676559619479429,0.14706786449071518,0.05597986849045863,0.18112521735665954
37.86666666666667,0.18108463861177146,0.1778829700911873,0.16762043461412793,0.14703951514240488,0.055974444498393665,0.18108463861177146
37.88333333333333,0.181044098066756,0.17784365448088912,0.1675849400965439,0.14701119119098444,0.05596902850746479,0.181044098066756
37.9,0.181003595663711,0.17780437569627378,0.1675494783461302,0.1469828925993111,0.055963620501515744,0.181003595663711
37.916666666666664,0.18096313134485342,0.17776513368173263,0.16751404931392633,0.1469546193303164,0.05595822046443149,0.18096313134485342
37.93333333333333,0.18092270505251942,0.1777259283817714,0.1674786529510714,0.14692637134700617,0.05595282838013796,0.18092270505251942
37.95,0.1808823167291636,0.17768675974100973,0.16744328920880397,0.1468981486124602,0.055947444232602075,0.1808823167291636
37.96666666666667,0.18084196631735905,0.1776476277041807,0.1674079580384618,0.14686995108983214,0.055942068005831624,0.18084196631735905
37.983333333333334,0.18080165375979682,0.17760853221613082,0.16737265939148166,0.14684177874234933,0.055936699683874935,0.18080165375979682
38.0,0.1807613789992858,0.17756947322181965,0.167337393219399,0.14681363153331253,0.05593133925082098,0.1807613789992858
38.016666666666666,0.18072114197875228,0.17753045066631945,0.1673021594738477,0.14678550942609578,0.055925986690799165,0.18072114197875228
38.03333333333333,0.18068094264123963,0.17749146449481495,0.16726695810655973,0.1467574123841462,0.05592064198797918,0.18068094264123963
38.05,0.18064078092990812,0.17745251465260292,0.16723178906936517,0.14672934037098392,0.05591530512657093,0.18064078092990812
38.06666666666667,0.1806006567880346,0.1774136010850922,0.1671966523141917,0.1467012933502017,0.055909976090824355,0.1806006567880346
38.083333333333336,0.1805605701590121,0.17737472373780297,0.16716154779306452,0.14667327128546487,0.055904654865029275,0.1805605701590121
38.1,0.18052052098634952,0.17733588255636698,0.16712647545810583,0.14664527414051112,0.05589934143351545,0.18052052098634952
38.11666666666667,0.18048050921367148,0.17729707748652673,0.16709143526153497,0.14661730187915034,0.055894035780652274,0.18048050921367148
38.13333333333333,0.18044053478471794,0.1772583084741356,0.16705642715566793,0.14658935446526442,0.05588873789084872,0.18044053478471794
38.15,0.18040059764334393,0.17721957546515738,0.1670214510929171,0.14656143186280704,0.0558834477485532,0.18040059764334393
38.166666666666664,0.18036069773351915,0.177180878405666,0.1669865070257911,0.14653353403580355,0.05587816533825349,0.18036069773351915
38.18333333333333,0.18032083499932777,0.17714221724184526,0.16695159490689454,0.14650566094835077,0.0558728906444765,0.18032083499932777
38.2,0.18028100938496827,0.17710359191998853,0.16691671468892777,0.14647781256461667,0.055867623651788406,0.18028100938496827
38.21666666666667,0.1802412208347528,0.17706500238649864,0.1668818663246865,0.14644998884884047,0.055862364344794184,0.1802412208347528
38.233333333333334,0.18020146929310712,0.1770264485878872,0.16684704976706177,0.1464221897653323,0.05585711270813776,0.18020146929310712
38.25,0.18016175470457046,0.17698793047077482,0.16681226496903961,0.146394415278473,0.055851868726501726,0.18016175470457046
38.266666666666666,0.18012207701379482,0.1769494479818905,0.16677751188370074,0.14636666535271392,0.05584663238460741,0.18012207701379482
38.28333333333333,0.18008243616554503,0.17691100106807134,0.16674279046422047,0.14633893995257685,0.055841403667214545,0.18008243616554503
38.3,0.18004283210469835,0.17687258967626251,0.16670810066386826,0.14631123904265386,0.055836182559121275,0.18004283210469835
38.31666666666667,0.1800032647762441,0.1768342137535168,0.16667344243600776,0.14628356258760697,0.055830969045164075,0.1800032647762441
38.333333333333336,0.17996373412528352,0.1767958732469943,0.16663881573409628,0.14625591055216802,0.055825763110217475,0.17996373412528352
38.35,0.17992424009702931,0.17675756810396226,0.16660422051168472,0.14622828290113876,0.0558205647391941,0.17992424009702931
38.36666666666667,0.1798847826368056,0.17671929827179475,0.1665696567224174,0.1462006795993902,0.055815373917044456,0.1798847826368056
38.38333333333333,0.17984536169004742,0.17668106369797243,0.16653512432003148,0.1461731006118628,0.055810190628756993,0.17984536169004742
38.4,0.17980597720230046,0.17664286433008217,0.16650062325835727,0.1461455459035662,0.05580501485935769,0.17980597720230046
38.416666666666664,0.1797666291192209,0.17660470011581697,0.16646615349131744,0.14611801543957909,0.05579984659391018,0.1797666291192209
38.43333333333333,0.17972731738657508,0.1765665710029754,0.16643171497292722,0.14609050918504887,0.055794685817515566,0.17972731738657508
38.45,0.1796880419502392,0.17652847693946178,0.16639730765729388,0.14606302710519162,0.05578953251531231,0.1796880419502392
38.46666666666667,0.17964880275619904,0.17649041787328534,0.1663629314986166,0.14603556916529195,0.05578438667247604,0.17964880275619904
38.483333333333334,0.17960959975054966,0.17645239375256044,0.16632858645118637,0.14600813533070278,0.05577924827421965,0.17960959975054966
38.5,0.17957043287949517,0.17641440452550605,0.16629427246938547,0.1459807255668451,0.05577411730579292,0.17957043287949517
38.516666666666666,0.1795313020893485,0.17637645014044562,0.16625998950768747,0.145953339839208,0.05576899375248263,0.1795313020893485
38.53333333333333,0.17949220732653096,0.17633853054580664,0.16622573752065697,0.14592597811334823,0.05576387759961227,0.17949220732653096
38.55,0.17945314853757205,0.17630064569012063,0.16619151646294927,0.14589864035489028,0.05575876883254211,0.17945314853757205
38.56666666666667,0.17941412566910933,0.17626279552202256,0.16615732628931024,0.1458713265295261,0.0557536674366689,0.17941412566910933
38.583333333333336,0.17937513866788793,0.1762249799902509,0.16612316695457602,0.14584403660301484,0.05574857339742589,0.17937513866788793
38.6,0.17933618748076025,0.17618719904364716,0.16608903841367292,0.14581677054118297,0.05574348670028271,0.17933618748076025
38.61666666666667,0.17929727205468604,0.17614945263115567,0.16605494062161696,0.1457895283099237,0.055738407330745206,0.17929727205468604
38.63333333333333,0.17925839233673174,0.17611174070182334,0.1660208735335139,0.14576230987519728,0.055733335274355346,0.17925839233673174
38.65,0.17921954827407038,0.1760740632047995,0.16598683710455897,0.1457351152030304,0.05572827051669114,0.17921954827407038
38.666666666666664,0.17918073981398125,0.17603642008933534,0.16595283129003635,0.14570794425951633,0.05572321304336654,0.17918073981398125
38.68333333333333,0.17914196690384973,0.17599881130478406,0.16591885604531936,0.14568079701081463,0.055718162840031275,0.17914196690384973
38.7,0.179103229491167,0.17596123680060033,0.16588491132587002,0.145653673423151,0.05571311989237076,0.179103229491167
38.71666666666667,0.17906452752352964,0.17592369652634005,0.16585099708723886,0.1456265734628171,0.05570808418610604,0.17906452752352964
38.733333333333334,0.17902586094863948,0.1758861904316602,0.16581711328506463,0.14559949709617043,0.05570305570699365,0.17902586094863948
38.75,0.17898722971430336,0.1758487184663186,0.16578325987507428,0.14557244428963412,0.05569803444082552,0.17898722971430336
38.766666666666666,0.17894863376843284,0.17581128058017348,0.16574943681308252,0.14554541500969687,0.05569302037342881,0.17894863376843284
38.78333333333333,0.17891007305904377,0.17577387672318345,0.16571564405499162,0.1455184092229126,0.05568801349066591,0.17891007305904377
38.8,0.17887154753425635,0.17573650684540715,0.16568188155679148,0.14549142689590044,0.0556830137784342,0.17887154753425635
38.81666666666667,0.1788330571422946,0.17569917089700282,0.16564814927455895,0.14546446799534465,0.0556780212226661,0.1788330571422946
38.833333333333336,0.17879460183148627,0.17566186882822846,0.16561444716445808,0.14543753248799415,0.055673035809328864,0.17879460183148627
38.85,0.17875618155026232,0.17562460058944118,0.1655807751827395,0.14541062034066268,0.05566805752442444,0.17875618155026232
38.86666666666667,0.17871779624715703,0.1755873661310972,0.16554713328574044,0.1453837315202285,0.05566308635398955,0.17871779624715703
38.88333333333333,0.17867944587080745,0.17555016540375146,0.1655135214298845,0.14535686599363418,0.055658122284095314,0.17867944587080745
38.9,0.17864113036995322,0.1755129983580574,0.1654799395716814,0.14533002372788656,0.05565316530084742,0.17864113036995322
38.916666666666664,0.17860284969343646,0.1754758649447668,0.16544638766772662,0.14530320469005653,0.05564821539038583,0.17860284969343646
38.93333333333333,0.17856460379020125,0.17543876511472956,0.16541286567470148,0.14527640884727888,0.055643272538884785,0.17856460379020125
38.95,0.17852639260929365,0.17540169881889311,0.16537937354937277,0.14524963616675213,0.05563833673255262,0.17852639260929365
38.96666666666667,0.17848821609986115,0.17536466600830272,0.16534591124859238,0.14522288661573834,0.05563340795763171,0.17848821609986115
38.983333333333334,0.17845007421115264,0.17532766663410077,0.16531247872929744,0.14519616016156317,0.055628486200398404,0.17845007421115264
39.0,0.17841196689251812,0.17529070064752672,0.16527907594850982,0.1451694567716154,0.05562357144716286,0.17841196689251812
39.016666666666666,0.17837389409340842,0.17525376799991693,0.165245702863336,0.14514277641334705,0.05561866368426891,0.17837389409340842
39.03333333333333,0.1783358557633749,0.17521686864270425,0.1652123594309669,0.14511611905427288,0.055613762898094166,0.1783358557633749
39.05,0.1782978518520692,0.17518000252741794,0.16517904560867772,0.1450894846619708,0.05560886907504963,0.1782978518520692
39.06666666666667,0.17825988230924317,0.17514316960568327,0.16514576135382752,0.14506287320408107,0.05560398220157982,0.17825988230924317
39.083333333333336,0.1782219470847484,0.1751063698292214,0.16511250662385926,0.1450362846483067,0.05559910226416251,0.1782219470847484
39.1,0.17818404612853597,0.17506960314984915,0.1650792813762994,0.1450097189624129,0.055594229249308826,0.17818404612853597
39.11666666666667,0.1781461793906565,0.17503286951947866,0.16504608556875794,0.14498317611422717,0.05558936314356288,0.1781461793906565
39.13333333333333,0.17810834682125942,0.17499616889011715,0.16501291915892782,0.14495665607163893,0.05558450393350198,0.17810834682125942
39.15,0.17807054837059316,0.1749595012138669,0.1649797821045851,0.14493015880259968,0.05557965160573627,0.17807054837059316
39.166666666666664,0.17803278398900474,0.17492286644292476,0.16494667436358862,0.14490368427512257,0.055574806146908774,0.17803278398900474
39.18333333333333,0.1779950536269394,0.17488626452958206,0.16491359589387963,0.14487723245728235,0.055569967543695246,0.1779950536269394
39.2,0.17795735723494066,0.1748496954262242,0.16488054665348192,0.14485080331721523,0.055565135782804136,0.17795735723494066
39.21666666666667,0.17791969476364966,0.1748131590853307,0.16484752660050128,0.1448243968231187,0.0555603108509764,0.17791969476364966
39.233333333333334,0.1778820661638053,0.17477665545947474,0.16481453569312549,0.1447980129432515,0.055555492734985445,0.1778820661638053
39.25,0.1778444713862439,0.174740184501323,0.1647815738896241,0.1447716516459332,0.05555068142163708,0.1778444713862439
39.266666666666666,0.17780691038189864,0.17470374616363543,0.16474864114834825,0.1447453128995444,0.05554587689776938,0.17780691038189864
39.28333333333333,0.1777693831017999,0.17466734039926501,0.1647157374277303,0.1447189966725263,0.05554107915025254,0.1777693831017999
39.3,0.17773188949707447,0.17463096716115759,0.16468286268628385,0.14469270293338066,0.055536288165988906,0.17773188949707447
39.31666666666667,0.17769442951894568,0.17459462640235146,0.1646500168826034,0.1446664316506697,0.05553150393191271,0.17769442951894568
39.333333333333336,0.1776570031187329,0.1745583180759774,0.16461719997536423,0.14464018279301588,0.055526726434990153,0.1776570031187329
39.35,0.17761961024785153,0.17452204213525824,0.16458441192332213,0.1446139563291018,0.055521955662219215,0.17761961024785153
39.36666666666667,0.17758225085781257,0.17448579853350865,0.16455165268531324,0.14458775222766995,0.05551719160062956,0.17758225085781257
39.38333333333333,0.17754492490022253,0.17444958722413512,0.16451892222025397,0.1445615704575228,0.055512434237282485,0.17754492490022253
39.4,0.17750763232678315,0.17441340816063533,0.1644862204871405,0.14453541098752237,0.055507683559270764,0.17750763232678315
39.416666666666664,0.17747037308929106,0.17437726129659842,0.16445354744504886,0.1445092737865903,0.05550293955371861,0.17747037308929106
39.43333333333333,0.17743314713963773,0.17434114658570443,0.16442090305313473,0.1444831588237076,0.05549820220778157,0.17743314713963773
39.45,0.17739595442980907,0.17430506398172407,0.16438828727063295,0.1444570660679145,0.05549347150864647,0.17739595442980907
39.46666666666667,0.17735879491188536,0.1742690134385187,0.16435570005685773,0.1444309954883104,0.05548874744353118,0.17735879491188536
39.483333333333334,0.17732166853804077,0.17423299491004002,0.16432314137120219,0.14440494705405355,0.05548402999968477,0.17732166853804077
39.5,0.17728457526054336,0.17419700835032967,0.1642906111731382,0.1443789207343612,0.055479319164387135,0.17728457526054336
39.516666666666666,0.17724751503175487,0.17416105371351934,0.16425810942221636,0.14435291649850923,0.05547461492494909,0.17724751503175487
39.53333333333333,0.17721048780413023,0.17412513095383025,0.1642256360780655,0.14432693431583193,0.05546991726871228,0.17721048780413023
39.55,0.17717349353021752,0.1740892400255731,0.16419319110039277,0.14430097415572213,0.05546522618304901,0.17717349353021752
39.56666666666667,0.17713653216265784,0.1740533808831478,0.1641607744489833,0.14427503598763092,0.05546054165536221,0.17713653216265784
39.583333333333336,0.17709960365418478,0.17401755348104325,0.16412838608370012,0.1442491197810674,0.05545586367308527,0.17709960365418478
39.6,0.17706270795762452,0.17398175777383706,0.1640960259644838,0.1442232255055987,0.05545119222368208,0.17706270795762452
39.61666666666667,0.17702584502589527,0.17394599371619557,0.16406369405135243,0.1441973531308499,0.05544652729464678,0.17702584502589527
39.63333333333333,0.1769890148120074,0.17391026126287323,0.16403139030440136,0.1441715026265036,0.05544186887350385,0.1769890148120074
39.65,0.17695221726906296,0.1738745603687128,0.16399911468380302,0.1441456739623001,0.055437216947807864,0.17695221726906296
39.666666666666664,0.17691545235025544,0.17383889098864486,0.16396686714980668,0.14411986710803706,0.055432571505143496,0.17691545235025544
39.68333333333333,0.1768787200088698,0.17380325307768768,0.1639346476627384,0.14409408203356944,0.05542793253312543,0.1768787200088698
39.7,0.176842020198282,0.17376764659094707,0.1639024561830007,0.1440683187088094,0.055423300019398186,0.176842020198282
39.71666666666667,0.17680535287195884,0.17373207148361597,0.16387029267107234,0.14404257710372603,0.055418673951636147,0.17680535287195884
39.733333333333334,0.17676871798345772,0.1736965277109745,0.16383815708750846,0.14401685718834537,0.05541405431754341,0.17676871798345772
39.75,0.17673211548642653,0.17366101522838961,0.16380604939293994,0.14399115893275014,0.0554094411048537,0.17673211548642653
39.766666666666666,0.17669554533460344,0.1736255339913148,0.1637739695480735,0.14396548230707967,0.055404834301330294,0.17669554533460344
39.78333333333333,0.17665900748181632,0.17359008395529005,0.16374191751369155,0.14393982728152982,0.05540023389476592,0.17665900748181632
39.8,0.17662250188198308,0.17355466507594147,0.16370989325065172,0.14391419382635273,0.05539563987298271,0.17662250188198308
39.81666666666667,0.17658602848911095,0.17351927730898126,0.16367789671988706,0.14388858191185677,0.055391052223832095,0.17658602848911095
39.833333333333336,0.1765495872572966,0.17348392061020734,0.1636459278824055,0.14386299150840637,0.05538647093519471,0.1765495872572966
39.85,0.17651317814072573,0.1734485949355032,0.16361398669928998,0.14383742258642185,0.055381895994980335,0.17651317814072573
39.86666666666667,0.17647680109367297,0.17341330024083773,0.16358207313169804,0.14381187511637936,0.05537732739112774,0.17647680109367297
39.88333333333333,0.17644045607050154,0.17337803648226494,0.16355018714086167,0.14378634906881071,0.055372765111604674,0.17644045607050154
39.9,0.17640414302566323,0.1733428036159238,0.1635183286880873,0.1437608444143033,0.05536820914440778,0.17640414302566323
39.916666666666664,0.1763678619136979,0.1733076015980381,0.16348649773475543,0.14373536112349988,0.05536365947756248,0.1763678619136979
39.93333333333333,0.17633161268923353,0.17327243038491608,0.1634546942423205,0.14370989916709842,0.05535911609912289,0.17633161268923353
39.95,0.17629539530698587,0.17323728993295026,0.16342291817231086,0.14368445851585204,0.05535457899717176,0.17629539530698587
39.96666666666667,0.17625920972175832,0.17320218019861747,0.1633911694863283,0.14365903914056902,0.055350048159820434,0.17625920972175832
39.983333333333334,0.17622305588844153,0.17316710113847833,0.16335944814604814,0.1436336410121123,0.055345523575208576,0.17622305588844153
40.0,0.1761869337620134,0.1731320527091772,0.16332775411321893,0.1436082641013997,0.05534100523150437,0.1761869337620134
40.016666666666666,0.17615084329753872,0.17309703486744193,0.16329608734966228,0.14358290837940357,0.055336493116904216,0.17615084329753872
40.03333333333333,0.17611478445016918,0.1730620475700838,0.16326444781727273,0.14355757381715084,0.05533198721963277,0.17611478445016918
40.05,0.17607875717514276,0.17302709077399714,0.16323283547801748,0.14353226038572275,0.055327487527942795,0.17607875717514276
40.06666666666667,0.17604276142778388,0.17299216443615908,0.1632012502939364,0.14350696805625474,0.055322994030115105,0.17604276142778388
40.083333333333336,0.17600679716350312,0.17295726851362964,0.16316969222714162,0.14348169679993633,0.05531850671445849,0.17600679716350312
40.1,0.17597086433779685,0.1729224029635513,0.16313816123981753,0.14345644658801116,0.05531402556930967,0.17597086433779685
40.11666666666667,0.17593496290624727,0.17288756774314876,0.1631066572942205,0.1434312173917765,0.055309550583033065,0.17593496290624727
40.13333333333333,0.17589909282452193,0.17285276280972894,0.1630751803526788,0.14340600918258345,0.05530508174402095,0.17589909282452193
40.15,0.17586325404837372,0.17281798812068064,0.16304373037759237,0.1433808219318367,0.05530061904069318,0.17586325404837372
40.166666666666664,0.17582744653364063,0.17278324363347436,0.16301230733143268,0.14335565561099445,0.05529616246149718,0.17582744653364063
40.18333333333333,0.17579167023624542,0.17274852930566215,0.1629809111767425,0.14333051019156812,0.05529171199490787,0.17579167023624542
40.2,0.1757559251121956,0.17271384509487736,0.16294954187613575,0.14330538564512235,0.055287267629427664,0.1757559251121956
40.21666666666667,0.17572021111758312,0.1726791909588345,0.1629181993922974,0.1432802819432749,0.05528282935358618,0.17572021111758312
40.233333333333334,0.17568452820858418,0.17264456685532895,0.16288688368798332,0.14325519905769662,0.05527839715594037,0.17568452820858418
40.25,0.175648876341459,0.1726099727422369,0.16285559472601985,0.1432301369601109,0.05527397102507436,0.175648876341459
40.266666666666666,0.17561325547255172,0.17257540857751508,0.162824332469304,0.14320509562229405,0.055269550949599344,0.17561325547255172
40.28333333333333,0.17557766555829002,0.17254087431920045,0.16279309688080296,0.143180075016075,0.055265136918153594,0.17557766555829002
40.3,0.17554210655518507,0.1725063699254103,0.1627618879235542,0.14315507511333497,0.05526072891940228,0.17554210655518507
40.31666666666667,0.17550657841983133,0.17247189535434176,0.16273070556066505,0.1431300958860076,0.05525632694203743,0.17550657841983133
40.333333333333336,0.1754710811089063,0.17243745056427184,0.16269954975531276,0.1431051373060788,0.05525193097477789,0.1754710811089063
40.35,0.17543561457917023,0.17240303551355698,0.1626684204707442,0.14308019934558647,0.055247541006369257,0.17543561457917023
40.36666666666667,0.1754001787874661,0.17236865016063319,0.16263731767027573,0.1430552819766205,0.055243157025583675,0.1754001787874661
40.38333333333333,0.17536477369071926,0.17233429446401546,0.162606241317293,0.14303038517132272,0.05523877902121994,0.17536477369071926
40.4,0.1753293992459374,0.17229996838229805,0.16257519137525087,0.14300550890188657,0.05523440698210331,0.1753293992459374
40.416666666666664,0.1752940554102102,0.17226567187415376,0.16254416780767314,0.14298065314055716,0.055230040897085386,0.1752940554102102
40.43333333333333,0.17525874214070916,0.17223140489833427,0.16251317057815248,0.14295581785963102,0.05522568075504421,0.17525874214070916
40.45,0.1752234593946876,0.17219716741366953,0.1624821996503502,0.14293100303145612,0.05522132654488403,0.1752234593946876
40.46666666666667,0.17518820712948002,0.1721629593790679,0.16245125498799615,0.14290620862843162,0.055216978255535294,0.17518820712948002
40.483333333333334,0.17515298530250245,0.17212878075351562,0.1624203365548884,0.14288143462300779,0.05521263587595453,0.17515298530250245
40.5,0.17511779387125184,0.17209463149607696,0.16238944431489338,0.14285668098768592,0.05520829939512434,0.17511779387125184
40.516666666666666,0.1750826327933061,0.1720605115658938,0.16235857823194538,0.14283194769501822,0.05520396880205331,0.1750826327933061
40.53333333333333,0.17504750202632377,0.17202642092218562,0.1623277382700466,0.1428072347176076,0.05519964408577589,0.17504750202632377
40.55,0.17501240152804384,0.17199235952424913,0.16229692439326693,0.14278254202810764,0.05519532523535231,0.17501240152804384
40.56666666666667,0.1749773312562857,0.17195832733145827,0.16226613656574376,0.14275786959922246,0.055191012239868574,0.1749773312562857
40.583333333333336,0.17494229116894877,0.1719243243032638,0.16223537475168193,0.14273321740370654,0.055186705088436386,0.17494229116894877
40.6,0.17490728122401247,0.1718903503991934,0.16220463891535342,0.1427085854143647,0.05518240377019299,0.17490728122401247
40.61666666666667,0.1748723013795358,0.1718564055788513,0.1621739290210973,0.14268397360405194,0.055178108274301224,0.1748723013795358
40.63333333333333,0.17483735159365743,0.17182248980191805,0.16214324503331953,0.14265938194567324,0.0551738185899493,0.17483735159365743
40.65,0.17480243182459526,0.17178860302815052,0.1621125869164928,0.14263481041218357,0.05516953470635089,0.17480243182459526
40.666666666666664,0.1747675420306465,0.1717547452173816,0.16208195463515634,0.14261025897658774,0.05516525661274493,0.1747675420306465
40.68333333333333,0.17473268217018711,0.17172091632952005,0.16205134815391584,0.14258572761194027,0.055160984298395575,0.17473268217018711
40.7,0.174697852201672,0.1716871163245503,0.16202076743744329,0.14256121629134522,0.05515671775259221,0.174697852201672
40.71666666666667,0.17466305208363464,0.17165334516253228,0.16199021245047673,0.14253672498795616,0.055152456964649245,0.17466305208363464
40.733333333333334,0.1746282817746868,0.17161960280360125,0.1619596831578201,0.14251225367497594,0.055148201923906175,0.1746282817746868
40.75,0.17459354123351867,0.17158588920796763,0.16192917952434333,0.14248780232565683,0.05514395261972738,0.17459354123351867
40.766666666666666,0.1745588304188982,0.17155220433591678,0.1618987015149818,0.14246337091330008,0.05513970904150219,0.1745588304188982
40.78333333333333,0.17452414928967142,0.17151854814780887,0.1618682490947365,0.142438959411256,0.05513547117864469,0.17452414928967142
40.8,0.1744894978047619,0.17148492060407872,0.16183782222867363,0.14241456779292377,0.055131239020593754,0.1744894978047619
40.81666666666667,0.17445487592317072,0.1714513216652354,0.16180742088192468,0.14239019603175146,0.055127012556812946,0.17445487592317072
40.833333333333336,0.17442028360397624,0.17141775129186254,0.1617770450196861,0.1423658441012357,0.05512279177679032,0.17442028360397624
40.85,0.17438572080633394,0.17138420944461763,0.16174669460721927,0.14234151197492179,0.05511857667003863,0.17438572080633394
40.86666666666667,0.17435118748947623,0.1713506960842321,0.16171636960985025,0.14231719962640332,0.05511436722609498,0.17435118748947623
40.88333333333333,0.17431668361271224,0.17131721117151116,0.16168606999296967,0.14229290702932243,0.05511016343452089,0.17431668361271224
40.9,0.17428220913542766,0.1712837546673336,0.1616557957220326,0.14226863415736932,0.05510596528490222,0.17428220913542766
40.916666666666664,0.1742477640170846,0.17125032653265154,0.1616255467625583,0.14224438098428235,0.05510177276684909,0.1742477640170846
40.93333333333333,0.17421334821722137,0.1712169267284903,0.1615953230801303,0.14222014748384795,0.055097585869995795,0.17421334821722137
40.95,0.17417896169545222,0.1711835552159483,0.1615651246403959,0.14219593362990035,0.0550934045840008,0.17417896169545222
40.96666666666667,0.1741446044114674,0.17115021195619684,0.16153495140906643,0.14217173939632163,0.05508922889854659,0.1741446044114674
40.983333333333334,0.17411027632503256,0.1711168969104798,0.1615048033519167,0.1421475647570415,0.055085058803339595,0.17411027632503256
41.0,0.17407597739598912,0.1710836100401137,0.16147468043478513,0.1421234096860372,0.055080894288110256,0.17407597739598912
41.016666666666666,0.17404170758425364,0.1710503513064873,0.16144458262357345,0.14209927415733353,0.05507673534261282,0.17404170758425364
41.03333333333333,0.17400746684981777,0.1710171206710617,0.1614145098842467,0.1420751581450025,0.05507258195662535,0.17400746684981777
41.05,0.17397325515274828,0.1709839180953699,0.16138446218283292,0.1420510616231635,0.055068434119949564,0.17397325515274828
41.06666666666667,0.17393907245318654,0.17095074354101675,0.16135443948542308,0.14202698456598292,0.05506429182241093,0.17393907245318654
41.083333333333336,0.17390491871134864,0.17091759696967884,0.16132444175817096,0.1420029269476742,0.055060155053858376,0.17390491871134864
41.1,0.173870793887525,0.17088447834310422,0.16129446896729294,0.14197888874249773,0.05505602380416449,0.173870793887525
41.11666666666667,0.1738366979420804,0.17085138762311217,0.16126452107906786,0.14195486992476064,0.05505189806322523,0.1738366979420804
41.13333333333333,0.1738026308354535,0.17081832477159337,0.16123459805983706,0.1419308704688168,0.05504777782095999,0.1738026308354535
41.15,0.17376859252815707,0.17078528975050933,0.16120469987600383,0.1419068903490667,0.05504366306731145,0.17376859252815707
41.166666666666664,0.17373458298077746,0.17075228252189248,0.16117482649403372,0.14188292953995718,0.05503955379224561,0.17373458298077746
41.18333333333333,0.17370060215397456,0.17071930304784588,0.16114497788045407,0.1418589880159815,0.05503544998575157,0.17370060215397456
41.2,0.17366665000848183,0.1706863512905431,0.16111515400185394,0.1418350657516793,0.05503135163784167,0.17366665000848183
41.21666666666667,0.1736327265051057,0.1706534272122281,0.16108535482488417,0.14181116272163619,0.05502725873855124,0.1736327265051057
41.233333333333334,0.17359883160472572,0.1706205307752149,0.16105558031625694,0.14178727890048404,0.05502317127793862,0.17359883160472572
41.25,0.17356496526829437,0.17058766194188768,0.1610258304427458,0.14176341426290046,0.055019089246085146,0.17356496526829437
41.266666666666666,0.17353112745683674,0.17055482067470035,0.16099610517118546,0.141739568783609,0.055015012633094974,0.17353112745683674
41.28333333333333,0.17349731813145047,0.17052200693617656,0.16096640446847177,0.141715742437379,0.05501094142909507,0.17349731813145047
41.3,0.1734635372533056,0.17048922068890945,0.16093672830156142,0.14169193519902537,0.055006875624235216,0.1734635372533056
41.31666666666667,0.17342978478364415,0.17045646189556157,0.16090707663747178,0.14166814704340855,0.05500281520868776,0.17342978478364415
41.333333333333336,0.17339606068378038,0.17042373051886467,0.16087744944328103,0.14164437794543439,0.0549987601726478,0.17339606068378038
41.35,0.1733623649151004,0.17039102652161947,0.16084784668612762,0.14162062788005408,0.054994710506332894,0.1733623649151004
41.36666666666667,0.17332869743906182,0.17035834986669557,0.16081826833321056,0.1415968968222641,0.05499066619998316,0.17332869743906182
41.38333333333333,0.17329505821719388,0.17032570051703133,0.16078871435178893,0.14157318474710584,0.0549866272438611,0.17329505821719388
41.4,0.1732614472110971,0.1702930784356337,0.16075918470918182,0.1415494916296659,0.05498259362825163,0.1732614472110971
41.416666666666664,0.17322786438244328,0.17026048358557794,0.16072967937276844,0.14152581744507575,0.05497856534346194,0.17322786438244328
41.43333333333333,0.1731943096929751,0.17022791593000752,0.16070019830998758,0.14150216216851152,0.0549745423798215,0.1731943096929751
41.45,0.17316078310450614,0.17019537543213414,0.1606707414883378,0.14147852577519426,0.05497052472768199,0.17316078310450614
41.46666666666667,0.1731272845789207,0.17016286205523729,0.16064130887537714,0.14145490824038948,0.0549665123774171,0.1731272845789207
41.483333333333334,0.17309381407817354,0.1701303757626642,0.16061190043872298,0.14143130953940722,0.054962505319422726,0.17309381407817354
41.5,0.17306037156428977,0.17009791651782985,0.16058251614605196,0.14140772964760187,0.054958503544116674,0.17306037156428977
41.516666666666666,0.17302695699936474,0.17006548428421656,0.1605531559650999,0.14138416854037225,0.054954507041938744,0.17302695699936474
41.53333333333333,0.17299357034556376,0.1700330790253739,0.16052381986366143,0.14136062619316125,0.054950515803350565,0.17299357034556376
41.55,0.17296021156512206,0.17000070070491863,0.16049450780959007,0.14133710258145593,0.05494652981883562,0.17296021156512206
41.56666666666667,0.1729268806203445,0.16996834928653454,0.16046521977079806,0.1413135976807873,0.05494254907889919,0.1729268806203445
41.583333333333336,0.17289357747360556,0.16993602473397218,0.1604359557152562,0.1412901114667303,0.05493857357406817,0.17289357747360556
41.6,0.172860302087349,0.16990372701104878,0.16040671561099365,0.1412666439149036,0.054934603294891145,0.172860302087349
41.61666666666667,0.17282705442408783,0.169871456081648,0.16037749942609797,0.14124319500096966,0.054930638231938306,0.17282705442408783
41.63333333333333,0.17279383444640423,0.16983921190972004,0.16034830712871473,0.14121976470063446,0.05492667837580133,0.17279383444640423
41.65,0.17276064211694905,0.16980699445928116,0.1603191386870476,0.14119635298964758,0.05492272371709339,0.17276064211694905
41.666666666666664,0.17272747739844202,0.16977480369441372,0.16028999406935812,0.1411729598438019,0.05491877424644898,0.17272747739844202
41.68333333333333,0.17269434025367145,0.16974263957926594,0.16026087324396562,0.14114958523893362,0.05491482995452406,0.17269434025367145
41.7,0.17266123064549402,0.16971050207805194,0.160231776179247,0.14112622915092216,0.054910890831995816,0.17266123064549402
41.71666666666667,0.1726281485368346,0.16967839115505118,0.16020270284363664,0.14110289155569,0.05490695686956261,0.1726281485368346
41.733333333333334,0.17259509389068642,0.1696463067746088,0.16017365320562632,0.1410795724292028,0.05490302805794405,0.17259509389068642
41.75,0.17256206667011026,0.16961424890113513,0.16014462723376505,0.14105627174746893,0.05489910438788085,0.17256206667011026
41.766666666666666,0.17252906683823502,0.16958221749910563,0.1601156248966589,0.14103298948653964,0.05489518585013473,0.17252906683823502
41.78333333333333,0.17249609435825708,0.1695502125330608,0.1600866461629709,0.1410097256225089,0.05489127243548845,0.17249609435825708
41.8,0.1724631491934403,0.1695182339676059,0.16005769100142095,0.1409864801315134,0.05488736413474569,0.1724631491934403
41.81666666666667,0.17243023130711588,0.16948628176741104,0.16002875938078562,0.14096325298973217,0.054883460938731005,0.17243023130711588
41.833333333333336,0.17239734066268217,0.1694543558972107,0.15999985126989802,0.14094004417338685,0.05487956283828979,0.17239734066268217
41.85,0.17236447722360454,0.16942245632180386,0.15997096663764787,0.1409168536587413,0.054875669824288195,0.17236447722360454
41.86666666666667,0.17233164095341513,0.16939058300605372,0.15994210545298093,0.14089368142210162,0.054871781887613096,0.17233164095341513
41.88333333333333,0.17229883181571298,0.1693587359148876,0.15991326768489939,0.1408705274398161,0.054867899019171995,0.17229883181571298
41.9,0.17226604977416343,0.16932691501329672,0.15988445330246143,0.1408473916882751,0.05486402120989301,0.17226604977416343
41.916666666666664,0.17223329479249835,0.1692951202663362,0.1598556622747811,0.1408242741439108,0.054860148450724844,0.17223329479249835
41.93333333333333,0.17220056683451587,0.1692633516391247,0.15982689457102828,0.14080117478319748,0.054856280732636556,0.17220056683451587
41.95,0.17216786586408012,0.16923160909684448,0.1597981501604286,0.14077809358265092,0.05485241804661775,0.17216786586408012
41.96666666666667,0.17213519184512124,0.16919989260474116,0.1597694290122631,0.1407550305188288,0.05484856038367836,0.17213519184512124
41.983333333333334,0.172102544741635,0.16916820212812356,0.1597407310958683,0.14073198556833016,0.0548447077348487,0.172102544741635
42.0,0.172069924517683,0.16913653763236358,0.15971205638063612,0.14070895870779573,0.05484086009117923,0.172069924517683
42.016666666666666,0.17203733113739228,0.16910489908289605,0.15968340483601356,0.14068594991390754,0.0548370174437407,0.17203733113739228
42.03333333333333,0.17200476456495506,0.16907328644521863,0.15965477643150267,0.14066295916338886,0.054833179783623995,0.17200476456495506
42.05,0.17197222476462895,0.1690416996848916,0.15962617113666036,0.1406399864330043,0.05482934710194005,0.17197222476462895
42.06666666666667,0.17193971170073646,0.16901013876753773,0.15959758892109843,0.1406170316995594,0.05482551938981994,0.17193971170073646
42.083333333333336,0.171907225337665,0.1689786036588421,0.15956902975448334,0.140594094939901,0.054821696638414665,0.171907225337665
42.1,0.17187476563986676,0.16894709432455213,0.15954049360653605,0.14057117613091658,0.05481787883889515,0.17187476563986676
42.11666666666667,0.1718423325718584,0.1689156107304772,0.15951198044703205,0.14054827524953462,0.0548140659824522,0.1718423325718584
42.13333333333333,0.17180992609822124,0.16888415284248876,0.1594834902458009,0.1405253922727243,0.05481025806029648,0.17180992609822124
42.15,0.17177754618360064,0.1688527206265199,0.15945502297272662,0.14050252717749548,0.05480645506365842,0.17177754618360064
42.166666666666664,0.17174519279270622,0.1688213140485654,0.15942657859774706,0.14047967994089858,0.05480265698378811,0.17174519279270622
42.18333333333333,0.17171286589031162,0.16878993307468165,0.15939815709085414,0.1404568505400245,0.0547988638119554,0.17171286589031162
42.2,0.17168056544125437,0.1687585776709863,0.1593697584220935,0.14043403895200446,0.05479507553944968,0.17168056544125437
42.21666666666667,0.1716482914104356,0.16872724780365828,0.15934138256156455,0.1404112451540101,0.054791292157579934,0.1716482914104356
42.233333333333334,0.17161604376282,0.16869594343893757,0.1593130294794202,0.14038846912325315,0.054787513657674605,0.17161604376282
42.25,0.17158382246343573,0.16866466454312518,0.15928469914586685,0.14036571083698549,0.054783740031081656,0.17158382246343573
42.266666666666666,0.17155162747737426,0.16863341108258287,0.15925639153116414,0.1403429702724991,0.054779971269168386,0.17155162747737426
42.28333333333333,0.17151945876979005,0.1686021830237331,0.15922810660562509,0.14032024740712573,0.05477620736332147,0.17151945876979005
42.3,0.17148731630590072,0.16857098033305878,0.1591998443396156,0.14029754221823715,0.05477244830494688,0.17148731630590072
42.31666666666667,0.17145520005098658,0.16853980297710347,0.15917160470355468,0.14027485468324485,0.054768694085469846,0.17145520005098658
42.333333333333336,0.17142310997039067,0.16850865092247064,0.15914338766791408,0.1402521847795999,0.054764944696334764,0.17142310997039067
42.35,0.17139104602951868,0.16847752413582417,0.1591151932032184,0.14022953248479303,0.05476120012900514,0.17139104602951868
42.36666666666667,0.17135900819383865,0.16844642258388787,0.15908702128004473,0.14020689777635442,0.05475746037496363,0.17135900819383865
42.38333333333333,0.1713269964288808,0.16841534623344526,0.15905887186902273,0.14018428063185379,0.0547537254257119,0.1713269964288808
42.4,0.17129501070023762,0.16838429505133973,0.1590307449408343,0.14016168102889992,0.0547499952727706,0.17129501070023762
42.416666666666664,0.17126305097356345,0.1683532690044742,0.1590026404662138,0.1401390989451411,0.05474626990767929,0.17126305097356345
42.43333333333333,0.1712311172145746,0.16832226805981104,0.15897455841594754,0.1401165343582646,0.05474254932199645,0.1712311172145746
42.45,0.1711992093890491,0.16829129218437194,0.15894649876087397,0.14009398724599678,0.054738833507299405,0.1711992093890491
42.46666666666667,0.17116732746282637,0.1682603413452378,0.15891846147188338,0.14007145758610304,0.05473512245518417,0.17116732746282637
42.483333333333334,0.17113547140180752,0.16822941550954845,0.15889044651991785,0.1400489453563875,0.0547314161572656,0.17113547140180752
42.5,0.17110364117195467,0.16819851464450278,0.15886245387597114,0.1400264505346933,0.05472771460517717,0.17110364117195467
42.516666666666666,0.17107183673929127,0.16816763871735835,0.15883448351108853,0.1400039730989021,0.05472401779057099,0.17107183673929127
42.53333333333333,0.1710400580699017,0.16813678769543144,0.1588065353963668,0.13998151302693435,0.05472032570511777,0.1710400580699017
42.55,0.17100830512993132,0.1681059615460968,0.158778609502954,0.13995907029674887,0.054716638340506725,0.17100830512993132
42.56666666666667,0.17097657788558612,0.1680751602367876,0.1587507058020494,0.13993664488634314,0.05471295568844558,0.17097657788558612
42.583333333333336,0.1709448763031327,0.1680443837349952,0.15872282426490336,0.1399142367737528,0.054709277740660464,0.1709448763031327
42.6,0.17091320034889818,0.16801363200826913,0.1586949648628172,0.13989184593705195,0.054705604488895894,0.17091320034889818
42.61666666666667,0.17088154998926988,0.1679829050242169,0.1586671275671432,0.13986947235435282,0.05470193592491474,0.17088154998926988
42.63333333333333,0.17084992519069547,0.16795220275050388,0.1586393123492843,0.1398471160038057,0.054698272040498104,0.17084992519069547
42.65,0.17081832591968266,0.1679215251548531,0.158611519180694,0.13982477686359907,0.05469461282744538,0.17081832591968266
42.666666666666664,0.17078675214279881,0.16789087220504528,0.1585837480328765,0.13980245491195925,0.054690958277574114,0.17078675214279881
42.68333333333333,0.1707552038266715,0.16786024386891857,0.15855599887738633,0.1397801501271504,0.05468730838272,0.1707552038266715
42.7,0.1707236809379876,0.16782964011436852,0.15852827168582828,0.13975786248747457,0.054683663134736805,0.1707236809379876
42.71666666666667,0.17069218344349363,0.1677990609093477,0.15850056642985738,0.13973559197127144,0.05468002253278795,0.17069218344349363
42.733333333333334,0.17066071130999547,0.16776850622186606,0.15847288308117868,0.1397133385569183,0.054676386550332134,0.17066071130999547
42.75,0.17062926450435834,0.1677379760199902,0.15844522161154728,0.13969110222283004,0.054672755193175014,0.17062926450435834
42.766666666666666,0.17059784299350642,0.16770747027184374,0.158417581992768,0.13966888294745894,0.05466912845103244,0.17059784299350642
42.78333333333333,0.1705664467444229,0.1676769889456069,0.15838996419669554,0.1396466807092947,0.05466550631551102,0.1705664467444229
42.8,0.17053507572414997,0.1676465320095166,0.15836236819523417,0.13962449548686423,0.05466188877846591,0.17053507572414997
42.81666666666667,0.17050372989978838,0.16761609943186603,0.15833479396033762,0.13960232725873176,0.05465827583183134,0.17050372989978838
42.833333333333336,0.17047240923849746,0.16758569118100483,0.15830724146400912,0.13958017600349856,0.05465466746758173,0.17047240923849746
42.85,0.17044111370749507,0.1675553072253388,0.15827971067830116,0.13955804169980296,0.054651063677718964,0.17044111370749507
42.86666666666667,0.1704098432740574,0.1675249475333297,0.1582522015753154,0.13953592432632028,0.05464746445426757,0.1704098432740574
42.88333333333333,0.17037859790551874,0.16749461207349542,0.1582247141272026,0.13951382386176275,0.05464386978927226,0.17037859790551874
42.9,0.1703473775692715,0.1674643008144095,0.15819724830616247,0.1394917402848793,0.05464027967479694,0.1703473775692715
42.916666666666664,0.17031618223276607,0.16743401372470135,0.15816980408444364,0.13946967357445564,0.0546366941029239,0.17031618223276607
42.93333333333333,0.17028501186351053,0.16740375077305572,0.15814238143434345,0.13944762370931416,0.054633113065753476,0.17028501186351053
42.95,0.1702538664290707,0.16737351192821298,0.15811498032820792,0.13942559066831367,0.05462953655540384,0.1702538664290707
42.96666666666667,0.17022274589706993,0.16734329715896873,0.1580876007384315,0.13940357443034967,0.05462596456401084,0.17022274589706993
42.983333333333334,0.17019165023518892,0.1673131064341738,0.15806024263745724,0.13938157497435394,0.05462239708372771,0.17019165023518892
43.0,0.17016057941116586,0.16728293972273411,0.15803290599777636,0.1393595922792945,0.054618834106725155,0.17016057941116586
43.016666666666666,0.17012953339279582,0.16725279699361048,0.15800559079192833,0.13933762632417582,0.05461527562519118,0.17012953339279582
43.03333333333333,0.17009851214793106,0.1672226782158186,0.15797829699250082,0.13931567708803835,0.054611721631331024,0.17009851214793106
43.05,0.1700675156444808,0.16719258335842885,0.15795102457212942,0.13929374454995871,0.05460817211736703,0.1700675156444808
43.06666666666667,0.17003654385041087,0.16716251239056615,0.1579237735034977,0.13927182868904947,0.05460462707553876,0.17003654385041087
43.083333333333336,0.17000559673374385,0.16713246528141001,0.15789654375933684,0.13924992948445922,0.054601086498102774,0.17000559673374385
43.1,0.16997467426255886,0.16710244200019408,0.15786933531242592,0.13922804691537233,0.05459755037733262,0.16997467426255886
43.11666666666667,0.16994377640499134,0.16707244251620648,0.1578421481355915,0.1392061809610089,0.054594018705518825,0.16994377640499134
43.13333333333333,0.16991290312923304,0.1670424667987892,0.15781498220170753,0.13918433160062485,0.054590491474968784,0.16991290312923304
43.15,0.16988205440353193,0.16701251481733836,0.15778783748369551,0.1391624988135116,0.054586968678006775,0.16988205440353193
43.166666666666664,0.16985123019619194,0.16698258654130382,0.15776071395452407,0.13914068257899614,0.054583450306973876,0.16985123019619194
43.18333333333333,0.16982043047557277,0.16695268194018936,0.1577336115872091,0.13911888287644097,0.0545799363542279,0.16982043047557277
43.2,0.16978965521009015,0.16692280098355217,0.1577065303548135,0.13909709968524392,0.054576426812143364,0.16978965521009015
43.21666666666667,0.16975890436821525,0.16689294364100304,0.1576794702304471,0.1390753329848381,0.05457292167311153,0.16975890436821525
43.233333333333334,0.1697281779184748,0.16686310988220615,0.1576524311872666,0.13905358275469193,0.054569420929540154,0.1697281779184748
43.25,0.16969747582945105,0.16683329967687902,0.15762541319847545,0.13903184897430892,0.05456592457385369,0.16969747582945105
43.266666666666666,0.16966679806978147,0.16680351299479212,0.15759841623732376,0.13901013162322767,0.05456243259849303,0.16966679806978147
43.28333333333333,0.16963614460815857,0.1667737498057692,0.15757144027710818,0.13898843068102187,0.05455894499591562,0.16963614460815857
43.3,0.16960551541333008,0.16674401007968673,0.15754448529117177,0.13896674612729998,0.0545554617585953,0.16960551541333008
43.31666666666667,0.1695749104540985,0.16671429378647398,0.15751755125290395,0.13894507794170546,0.05455198287902237,0.1695749104540985
43.333333333333336,0.16954432969932118,0.16668460089611303,0.15749063813574044,0.1389234261039164,0.054548508349703415,0.16954432969932118
43.35,0.1695137731179102,0.16665493137863846,0.15746374591316298,0.1389017905936457,0.05454503816316136,0.1695137731179102
43.36666666666667,0.16948324067883205,0.16662528520413722,0.1574368745586994,0.13888017139064088,0.05454157231193542,0.16948324067883205
43.38333333333333,0.16945273235110772,0.1665956623427487,0.15741002404592347,0.13885856847468392,0.054538110788581014,0.16945273235110772
43.4,0.16942224810381262,0.16656606276466446,0.15738319434845477,0.13883698182559137,0.05453465358566976,0.16942224810381262
43.416666666666664,0.16939178790607615,0.16653648644012814,0.1573563854399587,0.13881541142321416,0.054531200695789386,0.16939178790607615
43.43333333333333,0.16936135172708183,0.16650693333943545,0.15732959729414617,0.13879385724743748,0.05452775211154377,0.16936135172708183
43.45,0.16933093953606726,0.16647740343293388,0.15730282988477368,0.13877231927818084,0.054524307825552815,0.16933093953606726
43.46666666666667,0.16930055130232374,0.1664478966910227,0.15727608318564312,0.13875079749539798,0.05452086783045243,0.16930055130232374
43.483333333333334,0.1692701869951963,0.16641841308415284,0.15724935717060184,0.13872929187907657,0.0545174321188945,0.1692701869951963
43.5,0.16923984658408364,0.16638895258282677,0.15722265181354234,0.13870780240923847,0.054514000683546865,0.16923984658408364
43.516666666666666,0.16920953003843778,0.1663595151575983,0.15719596708840217,0.13868632906593942,0.0545105735170932,0.16920953003843778
43.53333333333333,0.16917923732776427,0.1663301007790727,0.15716930296916404,0.13866487182926912,0.0545071506122331,0.16917923732776427
43.55,0.16914896842162183,0.1663007094179063,0.15714265942985556,0.13864343067935103,0.0545037319616819,0.16914896842162183
43.56666666666667,0.1691187232896223,0.1662713410448065,0.1571160364445492,0.1386220055963423,0.05450031755817073,0.1691187232896223
43.583333333333336,0.16908850190143043,0.16624199563053177,0.15708943398736214,0.13860059656043383,0.05449690739444648,0.16908850190143043
43.6,0.16905830422676404,0.1662126731458913,0.15706285203245626,0.13857920355185013,0.05449350146327161,0.16905830422676404
43.61666666666667,0.16902813023539365,0.16618337356174517,0.15703629055403792,0.13855782655084914,0.05449009975742434,0.16902813023539365
43.63333333333333,0.16899797989714235,0.16615409684900395,0.157009749526358,0.13853646553772225,0.05448670226969843,0.16899797989714235
43.65,0.1689678531818859,0.1661248429786289,0.15698322892371164,0.13851512049279435,0.0544833089929032,0.1689678531818859
43.666666666666664,0.1689377500595524,0.16609561192163147,0.15695672872043837,0.13849379139642354,0.05447991991986351,0.1689377500595524
43.68333333333333,0.1689076705001223,0.16606640364907363,0.15693024889092178,0.13847247822900122,0.054476535043419684,0.1689076705001223
43.7,0.1688776144736282,0.1660372181320674,0.15690378940958954,0.13845118097095183,0.054473154356427494,0.1688776144736282
43.71666666666667,0.16884758195015492,0.16600805534177493,0.15687735025091332,0.13842989960273303,0.0544697778517581,0.16884758195015492
43.733333333333334,0.16881757289983906,0.16597891524940833,0.1568509313894087,0.13840863410483548,0.05446640552229801,0.16881757289983906
43.75,0.1687875872928692,0.16594979782622954,0.15682453279963496,0.13838738445778276,0.05446303736094907,0.1687875872928692
43.766666666666666,0.16875762509948558,0.16592070304355033,0.1567981544561951,0.13836615064213134,0.05445967336062839,0.16875762509948558
43.78333333333333,0.16872768628998017,0.165891630872732,0.1567717963337357,0.13834493263847053,0.054456313514268335,0.16872768628998017
43.8,0.1686977708346963,0.16586258128518555,0.15674545840694687,0.1383237304274223,0.05445295781481644,0.1686977708346963
43.81666666666667,0.168667878704029,0.16583355425237128,0.15671914065056214,0.13830254398964137,0.054449606255235414,0.168667878704029
43.833333333333336,0.16863800986842414,0.16580454974579883,0.15669284303935826,0.13828137330581508,0.05444625882850312,0.16863800986842414
43.85,0.16860816429837916,0.16577556773702706,0.15666656554815528,0.1382602183566632,0.054442915527612455,0.16860816429837916
43.86666666666667,0.1685783419644424,0.1657466081976639,0.1566403081518163,0.13823907912293804,0.05443957634557135,0.1685783419644424
43.88333333333333,0.16854854283721318,0.16571767109936641,0.15661407082524745,0.13821795558542432,0.054436241275402794,0.16854854283721318
43.9,0.16851876688734163,0.16568875641384043,0.1565878535433979,0.138196847724939,0.05443291031014469,0.16851876688734163
43.916666666666664,0.16848901408552866,0.1656598641128405,0.15656165628125956,0.1381757555223314,0.05442958344284989,0.16848901408552866
43.93333333333333,0.16845928440252578,0.16563099416817012,0.1565354790138671,0.13815467895848293,0.054426260666586145,0.16845928440252578
43.95,0.16842957780913503,0.16560214655168104,0.1565093217162979,0.13813361801430718,0.05442294197443598,0.16842957780913503
43.96666666666667,0.16839989427620883,0.16557332123527368,0.15648318436367184,0.13811257267074975,0.05441962735949683,0.16839989427620883
43.983333333333334,0.16837023377464985,0.16554451819089677,0.15645706693115133,0.13809154290878828,0.05441631681488083,0.16837023377464985
44.0,0.1683405962754111,0.1655157373905473,0.1564309693939411,0.13807052870943226,0.054413010333714894,0.1683405962754111
44.016666666666666,0.16831098174949546,0.16548697880627042,0.15640489172728822,0.13804953005372306,0.05440970790914058,0.16831098174949546
44.03333333333333,0.16828139016795593,0.16545824241015927,0.15637883390648202,0.13802854692273375,0.054406409534314144,0.16828139016795593
44.05,0.1682518215018953,0.16542952817435502,0.15635279590685375,0.1380075792975693,0.05440311520240648,0.1682518215018953
44.06666666666667,0.1682222757224661,0.16540083607104666,0.1563267777037768,0.13798662715936616,0.054399824906603,0.1682222757224661
44.083333333333336,0.16819275280087054,0.1653721660724709,0.15630077927266656,0.13796569048929233,0.054396538640103714,0.16819275280087054
44.1,0.16816325270836036,0.16534351815091203,0.15627480058898013,0.13794476926854748,0.054393256396123094,0.16816325270836036
44.11666666666667,0.16813377541623664,0.16531489227870194,0.1562488416282164,0.1379238634783626,0.054389978167890124,0.16813377541623664
44.13333333333333,0.1681043208958498,0.16528628842822,0.1562229023659159,0.13790297310000005,0.05438670394864821,0.1681043208958498
44.15,0.1680748891185997,0.16525770657189276,0.1561969827776608,0.1378820981147536,0.054383433731655134,0.1680748891185997
44.166666666666664,0.168045480055935,0.16522914668219407,0.15617108283907466,0.13786123850394816,0.05438016751018303,0.168045480055935
44.18333333333333,0.16801609367935344,0.16520060873164494,0.15614520252582248,0.13784039424893985,0.054376905277518386,0.16801609367935344
44.2,0.1679867299604018,0.1651720926928134,0.15611934181361053,0.13781956533111595,0.05437364702696196,0.1679867299604018
44.21666666666667,0.16795738887067546,0.16514359853831426,0.15609350067818634,0.13779875173189474,0.05437039275182877,0.16795738887067546
44.233333333333334,0.16792807038181856,0.1651151262408093,0.15606767909533856,0.13777795343272542,0.054367142445448005,0.16792807038181856
44.25,0.16789877446552381,0.16508667577300695,0.15604187704089678,0.13775717041508828,0.05436389610116306,0.16789877446552381
44.266666666666666,0.16786950109353246,0.16505824710766226,0.15601609449073167,0.1377364026604942,0.05436065371233148,0.16786950109353246
44.28333333333333,0.16784025023763402,0.16502984021757686,0.15599033142075466,0.13771565015048515,0.05435741527232486,0.16784025023763402
44.3,0.16781102186966626,0.16500145507559866,0.15596458780691808,0.13769491286663355,0.05435418077452892,0.16781102186966626
44.31666666666667,0.16778181596151526,0.16497309165462196,0.15593886362521475,0.13767419079054266,0.05435095021234339,0.16778181596151526
44.333333333333336,0.16775263248511488,0.1649447499275873,0.15591315885167828,0.13765348390384616,0.05434772357918194,0.16775263248511488
44.35,0.16772347141244726,0.16491642986748128,0.15588747346238266,0.13763279218820845,0.05434450086847232,0.16772347141244726
44.36666666666667,0.1676943327155421,0.1648881314473366,0.1558618074334424,0.13761211562532424,0.05434128207365606,0.1676943327155421
44.38333333333333,0.16766521636647705,0.16485985464023178,0.1558361607410123,0.1375914541969187,0.05433806718818869,0.16766521636647705
44.4,0.16763612233737732,0.1648315994192912,0.15581053336128747,0.13757080788474735,0.05433485620553952,0.16763612233737732
44.416666666666664,0.16760705060041559,0.164803365757685,0.15578492527050303,0.1375501766705959,0.05433164911919172,0.16760705060041559
44.43333333333333,0.16757800112781207,0.16477515362862888,0.15575933644493442,0.13752956053628035,0.05432844592264219,0.16757800112781207
44.45,0.16754897389183437,0.16474696300538405,0.15573376686089685,0.13750895946364683,0.054325246609401655,0.16754897389183437
44.46666666666667,0.16751996886479711,0.16471879386125726,0.1557082164947456,0.1374883734345715,0.054322051172994476,0.16751996886479711
44.483333333333334,0.16749098601906226,0.16469064616960044,0.1556826853228757,0.13746780243096052,0.05431885960695872,0.16749098601906226
44.5,0.16746202532703863,0.16466251990381087,0.155657173321722,0.13744724643475012,0.05431567190484612,0.16746202532703863
44.516666666666666,0.16743308676118218,0.1646344150373309,0.15563168046775888,0.13742670542790633,0.05431248806022191,0.16743308676118218
44.53333333333333,0.16740417029399557,0.16460633154364795,0.1556062067375004,0.13740617939242505,0.054309308066665056,0.16740417029399557
44.55,0.16737527589802811,0.16457826939629439,0.15558075210750005,0.13738566831033183,0.05430613191776794,0.16737527589802811
44.56666666666667,0.16734640354587596,0.16455022856884738,0.15555531655435073,0.13736517216368213,0.05430295960713645,0.16734640354587596
44.583333333333336,0.1673175532101816,0.16452220903492892,0.15552990005468476,0.13734469093456086,0.05429979112839003,0.1673175532101816
44.6,0.16728872486363397,0.1644942107682056,0.15550450258517357,0.1373242246050826,0.05429662647516147,0.16728872486363397
44.61666666666667,0.16725991847896848,0.16446623374238858,0.15547912412252776,0.1373037731573914,0.054293465641096994,0.16725991847896848
44.63333333333333,0.16723113402896667,0.1644382779312335,0.1554537646434971,0.13728333657366087,0.05429030861985619,0.16723113402896667
44.65,0.16720237148645614,0.16441034330854032,0.1554284241248703,0.13726291483609385,0.054287155405111975,0.16720237148645614
44.666666666666664,0.16717363082431067,0.16438242984815332,0.15540310254347486,0.13724250792692266,0.054284005990550575,0.16717363082431067
44.68333333333333,0.16714491201544987,0.164354537523961,0.15537779987617728,0.1372221158284088,0.054280860369871446,0.16714491201544987
44.7,0.16711621503283924,0.16432666630989584,0.15535251609988274,0.13720173852284298,0.05427771853678731,0.16711621503283924
44.71666666666667,0.16708753984949,0.16429881617993447,0.15532725119153507,0.13718137599254518,0.054274580485024086,0.16708753984949
44.733333333333334,0.167058886438459,0.16427098710809723,0.1553020051281166,0.13716102821986426,0.05427144620832084,0.167058886438459
44.75,0.16703025477284866,0.16424317906844843,0.15527677788664832,0.13714069518717828,0.05426831570042973,0.16703025477284866
44.766666666666666,0.16700164482580682,0.16421539203509594,0.1552515694441895,0.13712037687689418,0.05426518895511609,0.16700164482580682
44.78333333333333,0.16697305657052672,0.1641876259821914,0.15522637977783782,0.1371000732714479,0.0542620659661583,0.16697305657052672
44.8,0.16694448998024677,0.16415988088392985,0.1552012088647292,0.13707978435330412,0.05425894672734769,0.16694448998024677
44.81666666666667,0.1669159450282506,0.16413215671454984,0.1551760566820377,0.13705951010495632,0.05425583123248867,0.1669159450282506
44.833333333333336,0.16688742168786685,0.1641044534483333,0.15515092320697546,0.13703925050892685,0.054252719475398614,0.16688742168786685
44.85,0.16685891993246924,0.16407677105960528,0.15512580841679274,0.13701900554776641,0.054249611449907795,0.16685891993246924
44.86666666666667,0.1668304397354762,0.16404910952273405,0.15510071228877764,0.13699877520405462,0.0542465071498594,0.1668304397354762
44.88333333333333,0.16680198107035105,0.16402146881213103,0.15507563480025605,0.13697855946039958,0.05424340656910949,0.16680198107035105
44.9,0.16677354391060173,0.16399384890225047,0.1550505759285918,0.1369583582994378,0.05424030970152691,0.16677354391060173
44.916666666666664,0.16674512822978077,0.1639662497675896,0.15502553565118632,0.1369381717038342,0.054237216540993366,0.16674512822978077
44.93333333333333,0.16671673400148526,0.16393867138268847,0.1550005139454786,0.1369179996562822,0.05423412708140332,0.16671673400148526
44.95,0.16668836119935654,0.1639111137221297,0.15497551078894525,0.13689784213950346,0.05423104131666398,0.16668836119935654
44.96666666666667,0.16666000979708048,0.16388357676053866,0.15495052615910032,0.13687769913624773,0.05422795924069522,0.16666000979708048
44.983333333333334,0.16663167976838686,0.16385606047258316,0.15492556003349522,0.1368575706292933,0.05422488084742963,0.16663167976838686
45.0,0.1666033710870498,0.1638285648329735,0.15490061238971864,0.1368374566014463,0.05422180613081239,0.1666033710870498
45.016666666666666,0.1665750837268874,0.16380108981646224,0.15487568320539652,0.1368173570355411,0.05421873508480138,0.1665750837268874
45.03333333333333,0.1665468176617616,0.16377363539784434,0.15485077245819195,0.13679727191444,0.05421566770336697,0.1665468176617616
45.05,0.1665185728655782,0.16374620155195668,0.1548258801258051,0.13677720122103332,0.05421260398049211,0.1665185728655782
45.06666666666667,0.16649034931228684,0.16371878825367847,0.15480100618597303,0.13675714493823923,0.05420954391017226,0.16649034931228684
45.083333333333336,0.16646214697588074,0.1636913954779308,0.15477615061646977,0.13673710304900377,0.05420648748641538,0.16646214697588074
45.1,0.16643396583039657,0.1636640231996766,0.15475131339510623,0.1367170755363008,0.05420343470324187,0.16643396583039657
45.11666666666667,0.16640580584991474,0.16363667139392074,0.15472649449973003,0.13669706238313192,0.05420038555468452,0.16640580584991474
45.13333333333333,0.1663776670085587,0.1636093400357097,0.1547016939082254,0.13667706357252626,0.054197340034788585,0.1663776670085587
45.15,0.16634954928049545,0.16358202910013162,0.15467691159851332,0.1366570790875408,0.054194298137611605,0.16634954928049545
45.166666666666664,0.166321452639935,0.16355473856231623,0.15465214754855122,0.13663710891125988,0.054191259857223506,0.166321452639935
45.18333333333333,0.16629337706113054,0.1635274683974346,0.15462740173633288,0.13661715302679545,0.05418822518770644,0.16629337706113054
45.2,0.16626532251837833,0.16350021858069935,0.15460267413988857,0.1365972114172868,0.054185194123154895,0.16626532251837833
45.21666666666667,0.16623728898601736,0.1634729890873643,0.15457796473728486,0.13657728406590083,0.05418216665767556,0.16623728898601736
45.233333333333334,0.16620927643842964,0.16344577989272438,0.1545532735066245,0.13655737095583148,0.05417914278538733,0.16620927643842964
45.25,0.1661812848500398,0.16341859097211575,0.15452860042604638,0.1365374720703002,0.05417612250042128,0.1661812848500398
45.266666666666666,0.16615331419531518,0.16339142230091555,0.15450394547372548,0.1365175873925556,0.05417310579692063,0.16615331419531518
45.28333333333333,0.16612536444876566,0.16336427385454186,0.15447930862787274,0.13649771690587337,0.054170092669040756,0.16612536444876566
45.3,0.1660974355849435,0.16333714560845358,0.15445468986673505,0.13647786059355635,0.05416708311094901,0.1660974355849435
45.31666666666667,0.1660695275784435,0.16331003753815052,0.15443008916859513,0.13645801843893451,0.054164077116824874,0.1660695275784435
45.333333333333336,0.1660416404039026,0.16328294961917292,0.15440550651177154,0.13643819042536476,0.05416107468085987,0.1660416404039026
45.35,0.166013774036,0.16325588182710182,0.15438094187461837,0.13641837653623096,0.05415807579725745,0.166013774036
45.36666666666667,0.1659859284494571,0.16322883413755873,0.15435639523552552,0.13639857675494382,0.05415508046023309,0.1659859284494571
45.38333333333333,0.16595810361903712,0.16320180652620553,0.15433186657291825,0.13637879106494094,0.05415208866401416,0.16595810361903712
45.4,0.16593029951954544,0.1631747989687445,0.15430735586525748,0.1363590194496867,0.05414910040283992,0.16593029951954544
45.416666666666664,0.16590251612582912,0.16314781144091817,0.1542828630910394,0.1363392618926721,0.05414611567096158,0.16590251612582912
45.43333333333333,0.16587475341277702,0.16312084391850912,0.1542583882287956,0.1363195183774149,0.05414313446264212,0.16587475341277702
45.45,0.1658470113553198,0.16309389637734023,0.1542339312570928,0.13629978888745956,0.054140156772156355,0.1658470113553198
45.46666666666667,0.16581928992842948,0.1630669687932743,0.15420949215453308,0.13628007340637688,0.05413718259379089,0.16581928992842948
45.483333333333334,0.16579158910711975,0.16304006114221392,0.15418507089975347,0.1362603719177643,0.05413421192184408,0.16579158910711975
45.5,0.16576390886644563,0.1630131734001017,0.15416066747142615,0.13624068440524573,0.05413124475062606,0.16576390886644563
45.516666666666666,0.16573624918150354,0.16298630554291993,0.15413628184825814,0.1362210108524714,0.05412828107445854,0.16573624918150354
45.53333333333333,0.16570861002743098,0.16295945754669056,0.1541119140089915,0.13620135124311794,0.05412532088767504,0.16570861002743098
45.55,0.1656809913794068,0.16293262938747521,0.15408756393240286,0.13618170556088827,0.054122364184620624,0.1656809913794068
45.56666666666667,0.16565339321265082,0.16290582104137485,0.1540632315973039,0.13616207378951145,0.054119410959651996,0.16565339321265082
45.583333333333336,0.1656258155024238,0.16287903248453,0.1540389169825408,0.13614245591274288,0.05411646120713746,0.1656258155024238
45.6,0.1655982582240275,0.1628522636931205,0.15401462006699435,0.1361228519143639,0.05411351492145685,0.1655982582240275
45.61666666666667,0.16557072135280432,0.16282551464336548,0.15399034082957988,0.1361032617781821,0.05411057209700157,0.16557072135280432
45.63333333333333,0.16554320486413765,0.16279878531152314,0.15396607924924716,0.136083685488031,0.05410763272817445,0.16554320486413765
45.65,0.1655157087334512,0.16277207567389088,0.1539418353049804,0.13606412302777005,0.05410469680938982,0.1655157087334512
45.666666666666664,0.1654882329362095,0.1627453857068051,0.1539176089757981,0.13604457438128476,0.054101764335073466,0.1654882329362095
45.68333333333333,0.16546077744791743,0.16271871538664107,0.15389340024075296,0.13602503953248635,0.05409883529966257,0.16546077744791743
45.7,0.16543334224412026,0.162692064689813,0.15386920907893192,0.13600551846531195,0.0540959096976057,0.16543334224412026
45.71666666666667,0.16540592730040365,0.1626654335927739,0.15384503546945597,0.1359860111637244,0.054092987523362765,0.16540592730040365
45.733333333333334,0.16537853259239324,0.1626388220720153,0.15382087939148018,0.13596651761171225,0.05409006877140504,0.16537853259239324
45.75,0.1653511580957551,0.1626122301040675,0.15379674082419353,0.13594703779328973,0.05408715343621507,0.1653511580957551
45.766666666666666,0.16532380378619516,0.1625856576654993,0.15377261974681894,0.1359275716924966,0.054084241512286656,0.16532380378619516
45.78333333333333,0.16529646963945938,0.16255910473291793,0.15374851613861318,0.1359081192933983,0.05408133299412488,0.16529646963945938
45.8,0.16526915563133368,0.16253257128296902,0.15372442997886665,0.13588868058008563,0.054078427876246005,0.16526915563133368
45.81666666666667,0.16524186173764357,0.16250605729233647,0.15370036124690356,0.1358692555366749,0.05407552615317751,0.16524186173764357
45.833333333333336,0.16521458793425453,0.16247956273774236,0.15367630992208167,0.1358498441473078,0.054072627819458034,0.16521458793425453
45.85,0.16518733419707152,0.162453087595947,0.1536522759837923,0.13583044639615138,0.0540697328696373,0.16518733419707152
45.86666666666667,0.16516010050203903,0.16242663184374867,0.1536282594114603,0.13581106226739798,0.05406684129827623,0.16516010050203903
45.88333333333333,0.1651328868251412,0.16240019545798368,0.15360426018454387,0.13579169174526518,0.05406395309994672,0.1651328868251412
45.9,0.16510569314240145,0.16237377841552625,0.15358027828253448,0.1357723348139957,0.054061068269231814,0.16510569314240145
45.916666666666664,0.1650785194298824,0.16234738069328833,0.15355631368495704,0.13575299145785752,0.054058186800725494,0.1650785194298824
45.93333333333333,0.16505136566368608,0.16232100226821972,0.15353236637136952,0.1357336616611435,0.05405530868903279,0.16505136566368608
45.95,0.16502423181995363,0.16229464311730782,0.15350843632136307,0.13571434540817176,0.0540524339287697,0.16502423181995363
45.96666666666667,0.16499711787486515,0.16226830321757768,0.15348452351456202,0.13569504268328528,0.054049562514563144,0.16499711787486515
45.983333333333334,0.16497002380463985,0.1622419825460918,0.15346062793062343,0.13567575347085198,0.05404669444105095,0.16497002380463985
46.0,0.1649429495855358,0.1622156810799501,0.15343674954923758,0.1356564777552647,0.054043829702881886,0.1649429495855358
46.016666666666666,0.16491589519384983,0.1621893987962899,0.15341288835012748,0.13563721552094116,0.054040968294715525,0.16491589519384983
46.03333333333333,0.16488886060591765,0.16216313567228588,0.1533890443130489,0.13561796675232374,0.05403811021122231,0.16488886060591765
46.05,0.16486184579811353,0.16213689168514972,0.1533652174177904,0.13559873143387963,0.054035255447083486,0.16486184579811353
46.06666666666667,0.16483485074685034,0.16211066681213038,0.15334140764417323,0.13557950955010067,0.05403240399699105,0.16483485074685034
46.083333333333336,0.1648078754285795,0.16208446103051377,0.15331761497205115,0.13556030108550343,0.05402955585564788,0.1648078754285795
46.1,0.16478091981979082,0.16205827431762287,0.15329383938131053,0.13554110602462893,0.05402671101776738,0.16478091981979082
46.11666666666667,0.16475398389701243,0.16203210665081752,0.15327008085187016,0.13552192435204286,0.054023869478073805,0.16475398389701243
46.13333333333333,0.16472706763681078,0.1620059580074944,0.1532463393636812,0.1355027560523353,0.05402103123130207,0.16472706763681078
46.15,0.16470017101579051,0.16197982836508684,0.15322261489672723,0.1354836011101208,0.05401819627219767,0.16470017101579051
46.166666666666664,0.16467329401059433,0.16195371770106495,0.153198907431024,0.13546445951003827,0.05401536459551685,0.16467329401059433
46.18333333333333,0.16464643659790304,0.16192762599293542,0.1531752169466196,0.13544533123675104,0.05401253619602633,0.16464643659790304
46.2,0.16461959875443538,0.1619015532182414,0.15315154342359405,0.1354262162749466,0.05400971106850348,0.16461959875443538
46.21666666666667,0.16459278045694786,0.16187549935456252,0.1531278868420596,0.13540711460933685,0.05400688920773618,0.16459278045694786
46.233333333333334,0.1645659816822349,0.1618494643795148,0.15310424718216042,0.1353880262246577,0.05400407060852284,0.1645659816822349
46.25,0.1645392024071287,0.16182344827075054,0.15308062442407272,0.13536895110566938,0.0540012552656724,0.1645392024071287
46.266666666666666,0.16451244260849893,0.16179745100595821,0.15305701854800444,0.13534988923715607,0.053998443174004214,0.16451244260849893
46.28333333333333,0.16448570226325293,0.16177147256286253,0.1530334295341954,0.13533084060392606,0.05399563432834812,0.16448570226325293
46.3,0.1644589813483356,0.1617455129192242,0.15300985736291717,0.13531180519081165,0.05399282872354438,0.1644589813483356
46.31666666666667,0.16443227984072903,0.16171957205284002,0.15298630201447305,0.13529278298266914,0.05399002635444364,0.16443227984072903
46.333333333333336,0.16440559771745292,0.1616936499415426,0.15296276346919785,0.13527377396437862,0.053987227215906874,0.16440559771745292
46.35,0.16437893495556402,0.16166774656320043,0.15293924170745793,0.13525477812084408,0.05398443130280549,0.16437893495556402
46.36666666666667,0.1643522915321563,0.16164186189571783,0.1529157367096513,0.13523579543699327,0.053981638610021115,0.1643522915321563
46.38333333333333,0.16432566742436097,0.16161599591703488,0.1528922484562072,0.13521682589777792,0.053978849132445786,0.16432566742436097
46.4,0.16429906260934618,0.1615901486051271,0.1528687769275863,0.1351978694881732,0.053976062864981696,0.16429906260934618
46.416666666666664,0.1642724770643169,0.16156431993800574,0.15284532210428062,0.13517892619317806,0.053973279802541324,0.1642724770643169
46.43333333333333,0.1642459107665153,0.1615385098937175,0.15282188396681334,0.13515999599781509,0.05397049994004741,0.1642459107665153
46.45,0.16421936369322002,0.16151271845034446,0.15279846249573886,0.13514107888713042,0.053967723272432835,0.16421936369322002
46.46666666666667,0.16419283582174668,0.16148694558600407,0.15277505767164262,0.13512217484619368,0.053964949794640664,0.16419283582174668
46.483333333333334,0.16416632712944734,0.16146119127884906,0.1527516694751412,0.13510328386009807,0.0539621795016241,0.16416632712944734
46.5,0.16413983759371079,0.1614354555070673,0.15272829788688205,0.1350844059139601,0.05395941238834651,0.16413983759371079
46.516666666666666,0.1641133671919624,0.1614097382488819,0.15270494288754358,0.13506554099291976,0.053956648449781305,0.1641133671919624
46.53333333333333,0.16408691590166372,0.16138403948255095,0.15268160445783513,0.13504668908214032,0.05395388768091196,0.16408691590166372
46.55,0.16406048370031284,0.16135835918636748,0.15265828257849673,0.1350278501668084,0.05395113007673206,0.16406048370031284
46.56666666666667,0.16403407056544414,0.16133269733865957,0.15263497723029923,0.13500902423213373,0.053948375632245166,0.16403407056544414
46.583333333333336,0.16400767647462808,0.16130705391779,0.15261168839404404,0.13499021126334948,0.053945624342464846,0.16400767647462808
46.6,0.16398130140547135,0.16128142890215644,0.15258841605056328,0.13497141124571166,0.05394287620241465,0.16398130140547135
46.61666666666667,0.16395494533561672,0.1612558222701912,0.15256516018071958,0.13495262416449966,0.05394013120712804,0.16395494533561672
46.63333333333333,0.16392860824274294,0.16123023400036118,0.152541920765406,0.13493385000501573,0.0539373893516485,0.16392860824274294
46.65,0.16390229010456456,0.161204664071168,0.1525186977855461,0.13491508875258532,0.05393465063102931,0.16390229010456456
46.666666666666664,0.1638759908988321,0.16117911246114758,0.15249549122209383,0.1348963403925567,0.053931915040333685,0.1638759908988321
46.68333333333333,0.1638497106033318,0.16115357914887038,0.15247230105603327,0.13487760491030115,0.053929182574634686,0.1638497106033318
46.7,0.16382344919588568,0.16112806411294117,0.1524491272683789,0.13485888229121273,0.05392645322901519,0.16382344919588568
46.71666666666667,0.16379720665435119,0.16110256733199904,0.1524259698401753,0.13484017252070846,0.05392372699856791,0.16379720665435119
46.733333333333334,0.16377098295662157,0.16107708878471727,0.15240282875249728,0.13482147558422808,0.053921003878395296,0.16377098295662157
46.75,0.1637447780806254,0.16105162844980325,0.15237970398644954,0.134802791467234,0.05391828386360962,0.1637447780806254
46.766666666666666,0.16371859200432665,0.16102618630599846,0.15235659552316688,0.13478412015521152,0.05391556694933285,0.16371859200432665
46.78333333333333,0.16369242470572468,0.16100076233207847,0.15233350334381401,0.13476546163366837,0.05391285313069664,0.16369242470572468
46.8,0.16366627616285406,0.16097535650685268,0.1523104274295856,0.13474681588813503,0.05391014240284243,0.16366627616285406
46.81666666666667,0.16364014635378474,0.16094996880916437,0.15228736776170593,0.13472818290416447,0.05390743476092121,0.16364014635378474
46.833333333333336,0.1636140352566215,0.1609245992178907,0.15226432432142928,0.13470956266733225,0.05390473020009371,0.1636140352566215
46.85,0.1635879428495044,0.1608992477119425,0.15224129709003947,0.13469095516323637,0.0539020287155302,0.1635879428495044
46.86666666666667,0.16356186911060844,0.16087391427026426,0.15221828604885,0.1346723603774972,0.053899330302410633,0.16356186911060844
46.88333333333333,0.1635358140181434,0.1608485988718341,0.15219529117920394,0.1346537782957576,0.05389663495592445,0.1635358140181434
46.9,0.1635097775503541,0.1608233014956636,0.1521723124624739,0.13463520890368266,0.053893942671270706,0.1635097775503541
46.916666666666664,0.16348375968551987,0.1607980221207979,0.15214934988006196,0.1346166521869599,0.05389125344365793,0.16348375968551987
46.93333333333333,0.16345776040195506,0.16077276072631547,0.15212640341339953,0.1345981081312989,0.05388856726830425,0.16345776040195506
46.95,0.16343177967800837,0.16074751729132813,0.15210347304394745,0.13457957672243168,0.05388588414043713,0.16343177967800837
46.96666666666667,0.16340581749206326,0.160722291794981,0.15208055875319582,0.13456105794611226,0.05388320405529363,0.16340581749206326
46.983333333333334,0.16337987382253744,0.1606970842164522,0.1520576605226639,0.13454255178811675,0.05388052700812017,0.16337987382253744
47.0,0.16335394864788333,0.16067189453495329,0.1520347783339002,0.13452405823424357,0.053877852994172644,0.16335394864788333
47.016666666666666,0.1633280419465875,0.16064672272972857,0.1520119121684823,0.13450557727031287,0.05387518200871627,0.1633280419465875
47.03333333333333,0.16330215369717088,0.1606215687800556,0.15198906200801685,0.13448710888216703,0.05387251404702566,0.16330215369717088
47.05,0.1632762838781886,0.16059643266524465,0.15196622783413946,0.13446865305567024,0.0538698491043848,0.1632762838781886
47.06666666666667,0.16325043246822987,0.16057131436463903,0.15194340962851471,0.13445020977670868,0.05386718717608699,0.16325043246822987
47.083333333333336,0.16322459944591813,0.16054621385761475,0.15192060737283603,0.13443177903119036,0.05386452825743481,0.16322459944591813
47.1,0.16319878478991068,0.16052113112358052,0.15189782104882568,0.134413360805045,0.05386187234374014,0.16319878478991068
47.11666666666667,0.16317298847889877,0.16049606614197776,0.1518750506382347,0.1343949550842243,0.0538592194303241,0.16317298847889877
47.13333333333333,0.16314721049160766,0.1604710188922805,0.15185229612284282,0.13437656185470154,0.053856569512517105,0.16314721049160766
47.15,0.1631214508067962,0.1604459893539953,0.1518295574844584,0.13435818110247177,0.05385392258565869,0.1631214508067962
47.166666666666664,0.1630957094032571,0.16042097750666115,0.1518068347049184,0.13433981281355162,0.05385127864509764,0.1630957094032571
47.18333333333333,0.16306998625981678,0.16039598332984945,0.15178412776608835,0.1343214569739794,0.05384863768619193,0.16306998625981678
47.2,0.16304428135533522,0.16037100680316396,0.15176143664986225,0.1343031135698149,0.053845999704308624,0.16304428135533522
47.21666666666667,0.1630185946687058,0.1603460479062408,0.1517387613381624,0.1342847825871395,0.05384336469482395,0.1630185946687058
47.233333333333334,0.16299292617885558,0.16032110661874807,0.15171610181293962,0.13426646401205602,0.05384073265312325,0.16299292617885558
47.25,0.16296727586474488,0.16029618292038622,0.15169345805617301,0.13424815783068872,0.05383810357460091,0.16296727586474488
47.266666666666666,0.1629416437053674,0.16027127679088768,0.15167083004986986,0.1342298640291833,0.05383547745466043,0.1629416437053674
47.28333333333333,0.16291602967975005,0.1602463882100169,0.15164821777606574,0.13421158259370675,0.053832854288714295,0.16291602967975005
47.3,0.16289043376695306,0.16022151715757038,0.1516256212168242,0.13419331351044733,0.053830234072184055,0.16289043376695306
47.31666666666667,0.16286485594606961,0.16019666361337634,0.15160304035423713,0.13417505676561475,0.05382761680050023,0.16286485594606961
47.333333333333336,0.16283929619622614,0.16017182755729498,0.15158047517042422,0.13415681234543975,0.05382500246910231,0.16283929619622614
47.35,0.16281375449658192,0.1601470089692182,0.15155792564753323,0.13413858023617437,0.053822391073438766,0.16281375449658192
47.36666666666667,0.1627882308263293,0.16012220782906958,0.1515353917677398,0.13412036042409176,0.05381978260896699,0.1627882308263293
47.38333333333333,0.1627627251646933,0.16009742411680436,0.1515128735132475,0.13410215289548616,0.05381717707115328,0.1627627251646933
47.4,0.16273723749093202,0.1600726578124093,0.15149037086628758,0.13408395763667288,0.05381457445547284,0.16273723749093202
47.416666666666664,0.16271176778433605,0.16004790889590279,0.15146788380911927,0.1340657746339883,0.05381197475740972,0.16271176778433605
47.43333333333333,0.16268631602422878,0.1600231773473345,0.15144541232402925,0.13404760387378978,0.053809377972456864,0.16268631602422878
47.45,0.16266088218996616,0.15999846314678567,0.15142295639333195,0.13402944534245545,0.05380678409611598,0.16266088218996616
47.46666666666667,0.16263546626093664,0.15997376627436866,0.1514005159993694,0.1340112990263845,0.05380419312389764,0.16263546626093664
47.483333333333334,0.1626100682165613,0.15994908671022728,0.15137809112451117,0.13399316491199703,0.053801605051321165,0.1626100682165613
47.5,0.16258468803629347,0.1599244244345364,0.15135568175115427,0.13397504298573382,0.053799019873914666,0.16258468803629347
47.516666666666666,0.16255932569961892,0.15989977942750205,0.15133328786172318,0.1339569332340565,0.053796437587214974,0.16255932569961892
47.53333333333333,0.16253398118605564,0.15987515166936142,0.15131090943866968,0.13393883564344738,0.053793858186767664,0.16253398118605564
47.55,0.16250865447515386,0.1598505411403826,0.15128854646447293,0.13392075020040953,0.05379128166812701,0.16250865447515386
47.56666666666667,0.16248334554649602,0.15982594782086468,0.15126619892163937,0.13390267689146668,0.05378870802685599,0.16248334554649602
47.583333333333336,0.16245805437969654,0.15980137169113773,0.1512438667927026,0.13388461570316307,0.0537861372585262,0.16245805437969654
47.6,0.162432780954402,0.15977681273156244,0.15122155006022336,0.13386656662206364,0.05378356935871789,0.162432780954402
47.61666666666667,0.16240752525029087,0.15975227092253041,0.15119924870678958,0.13384852963475383,0.05378100432301999,0.16240752525029087
47.63333333333333,0.1623822872470735,0.15972774624446395,0.15117696271501618,0.13383050472783956,0.05377844214702994,0.1623822872470735
47.65,0.16235706692449212,0.15970323867781594,0.15115469206754506,0.1338124918879472,0.053775882826353844,0.16235706692449212
47.666666666666664,0.16233186426232069,0.15967874820306996,0.1511324367470451,0.13379449110172353,0.05377332635660627,0.16233186426232069
47.68333333333333,0.16230667924036496,0.15965427480073996,0.15111019673621207,0.13377650235583574,0.05377077273341043,0.16230667924036496
47.7,0.16228151183846223,0.15962981845137048,0.15108797201776852,0.13375852563697133,0.053768221952398,0.16228151183846223
47.71666666666667,0.16225636203648142,0.1596053791355364,0.15106576257446389,0.13374056093183814,0.05376567400920918,0.16225636203648142
47.733333333333334,0.16223122981432309,0.159580956833843,0.15104356838907426,0.1337226082271642,0.05376312889949265,0.16223122981432309
47.75,0.16220611515191902,0.15955655152692572,0.15102138944440244,0.1337046675096979,0.053760586618905495,0.16220611515191902
47.766666666666666,0.16218101802923265,0.15953216319545038,0.15099922572327784,0.13368673876620762,0.05375804716311332,0.16218101802923265
47.78333333333333,0.1621559384262585,0.15950779182011288,0.15097707720855646,0.13366882198348198,0.05375551052779012,0.1621559384262585
47.8,0.16213087632302264,0.15948343738163923,0.15095494388312086,0.13365091714832972,0.053752976708618255,0.16213087632302264
47.81666666666667,0.16210583169958206,0.1594590998607855,0.15093282572987998,0.13363302424757967,0.05375044570128855,0.16210583169958206
47.833333333333336,0.16208080453602525,0.1594347792383377,0.15091072273176925,0.13361514326808055,0.05374791750150011,0.16208080453602525
47.85,0.1620557948124714,0.1594104754951119,0.1508886348717505,0.13359727419670114,0.053745392104960425,0.1620557948124714
47.86666666666667,0.16203080250907104,0.15938618861195383,0.15086656213281174,0.13357941702033033,0.0537428695073853,0.16203080250907104
47.88333333333333,0.1620058276060054,0.15936191856973922,0.15084450449796744,0.13356157172587663,0.05374034970449881,0.1620058276060054
47.9,0.16198087008348694,0.15933766534937344,0.15082246195025809,0.13354373830026864,0.0537378326920334,0.16198087008348694
47.916666666666664,0.16195592992175867,0.15931342893179157,0.1508004344727505,0.13352591673045472,0.053735318465729695,0.16195592992175867
47.93333333333333,0.16193100710109457,0.1592892092979584,0.15077842204853747,0.133508107003403,0.05373280702133658,0.16193100710109457
47.95,0.16190610160179922,0.1592650064288682,0.15075642466073794,0.13349030910610138,0.053730298354611204,0.16190610160179922
47.96666666666667,0.16188121340420794,0.1592408203055448,0.15073444229249683,0.13347252302555748,0.05372779246131887,0.16188121340420794
47.983333333333334,0.1618563424886867,0.15921665090904147,0.15071247492698506,0.13345474874879867,0.05372528933723313,0.1618563424886867
48.0,0.16183148883563178,0.15919249822044085,0.15069052254739937,0.1334369862628719,0.05372278897813566,0.16183148883563178
48.016666666666666,0.16180665242547027,0.15916836222085506,0.15066858513696246,0.1334192355548437,0.05372029137981628,0.16180665242547027
48.03333333333333,0.1617818332386595,0.1591442428914254,0.15064666267892277,0.1334014966118002,0.05371779653807299,0.1617818332386595
48.05,0.16175703125568708,0.15912014021332238,0.15062475515655452,0.1333837694208471,0.053715304448711844,0.16175703125568708
48.06666666666667,0.1617322464570712,0.15909605416774572,0.15060286255315763,0.13336605396910947,0.05371281510754701,0.1617322464570712
48.083333333333336,0.16170747882335995,0.15907198473592427,0.15058098485205768,0.13334835024373204,0.053710328510400744,0.16170747882335995
48.1,0.1616827283351319,0.1590479318991159,0.15055912203660587,0.13333065823187878,0.05370784465310335,0.1616827283351319
48.11666666666667,0.16165799497299554,0.15902389563860753,0.15053727409017897,0.13331297792073304,0.05370536353149313,0.16165799497299554
48.13333333333333,0.16163327871758956,0.15899987593571496,0.1505154409961792,0.13329530929749772,0.053702885141416475,0.16163327871758956
48.15,0.1616085795495826,0.158975872771783,0.15049362273803435,0.1332776523493947,0.05370040947872774,0.1616085795495826
48.166666666666664,0.1615838974496733,0.15895188612818506,0.15047181929919745,0.13326000706366548,0.053697936539289205,0.1615838974496733
48.18333333333333,0.16155923239859013,0.1589279159863236,0.15045003066314702,0.1332423734275705,0.05369546631897122,0.16155923239859013
48.2,0.16153458437709134,0.15890396232762963,0.1504282568133869,0.13322475142838958,0.053692998813651985,0.16153458437709134
48.21666666666667,0.16150995336596502,0.15888002513356284,0.15040649773344608,0.13320714105342163,0.05369053401921766,0.16150995336596502
48.233333333333334,0.16148533934602913,0.15885610438561154,0.1503847534068789,0.1331895422899847,0.05368807193156231,0.16148533934602913
48.25,0.161460742298131,0.1588322000652926,0.1503630238172648,0.13317195512541588,0.0536856125465879,0.161460742298131
48.266666666666666,0.16143616220314777,0.15880831215415145,0.15034130894820827,0.13315437954707143,0.053683155860204244,0.16143616220314777
48.28333333333333,0.161411599041986,0.15878444063376185,0.150319608783339,0.13313681554232648,0.05368070186832903,0.161411599041986
48.3,0.16138705279558183,0.15876058548572597,0.15029792330631153,0.13311926309857522,0.05367825056688775,0.16138705279558183
48.31666666666667,0.16136252344490076,0.15873674669167437,0.1502762525008055,0.13310172220323077,0.05367580195181373,0.16136252344490076
48.333333333333336,0.16133801097093764,0.15871292423326577,0.15025459635052557,0.13308419284372514,0.05367335601904806,0.16133801097093764
48.35,0.16131351535471672,0.1586891180921873,0.15023295483920096,0.13306667500750924,0.05367091276453967,0.16131351535471672
48.36666666666667,0.16128903657729146,0.1586653282501541,0.150211327950586,0.13304916868205274,0.05366847218424521,0.16128903657729146
48.38333333333333,0.1612645746197445,0.15864155468890936,0.15018971566845968,0.1330316738548442,0.053666034274129054,0.1612645746197445
48.4,0.16124012946318758,0.15861779739022452,0.15016811797662571,0.13301419051339092,0.053663599030163364,0.16124012946318758
48.416666666666664,0.1612157010887617,0.1585940563358989,0.15014653485891255,0.13299671864521886,0.05366116644832795,0.1612157010887617
48.43333333333333,0.16119128947763667,0.1585703315077598,0.1501249662991732,0.1329792582378727,0.05365873652461033,0.16119128947763667
48.45,0.16116689461101139,0.1585466228876624,0.15010341228128532,0.13296180927891588,0.05365630925500569,0.16116689461101139
48.46666666666667,0.16114251647011368,0.15852293045748964,0.15008187278915114,0.13294437175593027,0.0536538846355169,0.16114251647011368
48.483333333333334,0.1611181550362001,0.1584992541991524,0.15006034780669725,0.13292694565651653,0.053651462662154405,0.1611181550362001
48.5,0.16109381029055628,0.1584755940945892,0.15003883731787482,0.13290953096829367,0.05364904333093632,0.16109381029055628
48.516666666666666,0.1610694822144962,0.15845195012576624,0.15001734130665934,0.13289212767889932,0.053646626637888335,0.1610694822144962
48.53333333333333,0.16104517078936292,0.1584283222746773,0.14999585975705065,0.1328747357759896,0.05364421257904373,0.16104517078936292
48.55,0.16102087599652787,0.15840471052334387,0.149974392653073,0.13285735524723905,0.05364180115044339,0.16102087599652787
48.56666666666667,0.16099659781739123,0.15838111485381481,0.14995293997877474,0.13283998608034062,0.05363939234813565,0.16099659781739123
48.583333333333336,0.16097233623338159,0.15835753524816648,0.14993150171822855,0.13282262826300562,0.053636986168176484,0.16097233623338159
48.6,0.16094809122595607,0.15833397168850277,0.1499100778555312,0.13280528178296372,0.05363458260662932,0.16094809122595607
48.61666666666667,0.16092386277660015,0.15831042415695468,0.14988866837480364,0.13278794662796284,0.05363218165956506,0.16092386277660015
48.63333333333333,0.1608996508668277,0.15828689263568074,0.14986727326019084,0.1327706227857693,0.05362978332306216,0.1608996508668277
48.65,0.16087545547818094,0.15826337710686664,0.1498458924958618,0.13275331024416748,0.05362738759320647,0.16087545547818094
48.666666666666664,0.16085127659223025,0.15823987755272526,0.14982452606600954,0.1327360089909601,0.05362499446609135,0.16085127659223025
48.68333333333333,0.1608271141905743,0.1582163939554966,0.149803173954851,0.13271871901396798,0.053622603937817516,0.1608271141905743
48.7,0.16080296825483978,0.15819292629744788,0.149781836146627,0.13270144030103004,0.0536202160044931,0.16080296825483978
48.71666666666667,0.16077883876668156,0.15816947456087319,0.1497605126256022,0.1326841728400034,0.05361783066223371,0.16077883876668156
48.733333333333334,0.1607547257077826,0.15814603872809374,0.14973920337606503,0.13266691661876315,0.05361544790716223,0.1607547257077826
48.75,0.1607306290598536,0.15812261878145767,0.14971790838232774,0.13264967162520244,0.05361306773540898,0.1607306290598536
48.766666666666666,0.16070654880463345,0.1580992147033399,0.14969662762872615,0.13263243784723247,0.05361069014311156,0.16070654880463345
48.78333333333333,0.16068248492388879,0.15807582647614224,0.14967536109961993,0.1326152152727823,0.05360831512641495,0.16068248492388879
48.8,0.16065843739941404,0.15805245408229335,0.14965410877939225,0.13259800388979898,0.0536059426814714,0.16065843739941404
48.81666666666667,0.16063440621303146,0.15802909750424848,0.14963287065244985,0.13258080368624747,0.05360357280444045,0.16063440621303146
48.833333333333336,0.16061039134659094,0.1580057567244897,0.14961164670322297,0.1325636146501105,0.053601205491488974,0.16061039134659094
48.85,0.16058639278197012,0.15798243172552562,0.14959043691616541,0.1325464367693887,0.05359884073879106,0.16058639278197012
48.86666666666667,0.16056241050107414,0.15795912248989147,0.14956924127575438,0.13252927003210052,0.05359647854252801,0.16056241050107414
48.88333333333333,0.1605384444858357,0.15793582900014902,0.14954805976649047,0.13251211442628213,0.05359411889888839,0.1605384444858357
48.9,0.16051449471821516,0.15791255123888637,0.14952689237289757,0.13249496993998738,0.05359176180406799,0.16051449471821516
48.916666666666664,0.16049056118020016,0.1578892891887183,0.14950573907952291,0.13247783656128787,0.05358940725426973,0.16049056118020016
48.93333333333333,0.16046664385380563,0.1578660428322857,0.14948459987093704,0.13246071427827283,0.053587055245703785,0.16046664385380563
48.95,0.16044274272107417,0.15784281215225593,0.1494634747317336,0.13244360307904918,0.053584705774587446,0.16044274272107417
48.96666666666667,0.16041885776407536,0.1578195971313226,0.14944236364652952,0.1324265029517413,0.05358235883714514,0.16041885776407536
48.983333333333334,0.16039498896490612,0.15779639775220553,0.14942126659996469,0.1324094138844913,0.053580014429608434,0.16039498896490612
49.0,0.16037113630569055,0.15777321399765074,0.14940018357670226,0.13239233586545868,0.05357767254821602,0.16037113630569055
49.016666666666666,0.16034729976857992,0.15775004585043034,0.14937911456142833,0.13237526888282047,0.05357533318921365,0.16034729976857992
49.03333333333333,0.16032347933575253,0.1577268932933425,0.149358059538852,0.1323582129247712,0.05357299634885419,0.16032347933575253
49.05,0.16029967498941367,0.15770375630921138,0.1493370184937053,0.13234116797952283,0.05357066202339755,0.16029967498941367
49.06666666666667,0.1602758867117957,0.15768063488088724,0.1493159914107432,0.1323241340353046,0.05356833020911069,0.1602758867117957
49.083333333333336,0.16025211448515783,0.15765752899124613,0.14929497827474347,0.1323071110803633,0.0535660009022676,0.16025211448515783
49.1,0.1602283582917861,0.15763443862319004,0.14927397907050682,0.1322900991029629,0.053563674099149285,0.1602283582917861
49.11666666666667,0.16020461811399342,0.15761136375964674,0.14925299378285664,0.13227309809138477,0.05356134979604377,0.16020461811399342
49.13333333333333,0.16018089393411952,0.15758830438356983,0.14923202239663902,0.1322561080339274,0.053559027989246,0.16018089393411952
49.15,0.16015718573453078,0.15756526047793856,0.14921106489672284,0.1322391289189067,0.05355670867505796,0.16015718573453078
49.166666666666664,0.16013349349762027,0.15754223202575796,0.14919012126799955,0.13222216073465565,0.05355439184978851,0.16013349349762027
49.18333333333333,0.16010981720580764,0.15751921901005855,0.1491691914953832,0.13220520346952444,0.05355207750975354,0.16010981720580764
49.2,0.16008615684153907,0.15749622141389652,0.1491482755638105,0.1321882571118804,0.053549765651275776,0.16008615684153907
49.21666666666667,0.16006251238728733,0.15747323922035364,0.14912737345824054,0.13217132165010798,0.05354745627068486,0.16006251238728733
49.233333333333334,0.16003888382555165,0.157450272412537,0.14910648516365493,0.13215439707260865,0.05354514936431737,0.16003888382555165
49.25,0.16001527113885766,0.15742732097357923,0.14908561066505782,0.13213748336780098,0.05354284492851672,0.16001527113885766
49.266666666666666,0.15999167430975728,0.15740438488663835,0.14906474994747557,0.13212058052412054,0.0535405429596332,0.15999167430975728
49.28333333333333,0.15996809332082884,0.15738146413489768,0.14904390299595704,0.13210368853001983,0.0535382434540239,0.15996809332082884
49.3,0.15994452815467683,0.15735855870156581,0.14902306979557325,0.13208680737396833,0.05353594640805279,0.15994452815467683
49.31666666666667,0.15992097879393202,0.1573356685698766,0.14900225033141762,0.1320699370444525,0.05353365181809059,0.15992097879393202
49.333333333333336,0.15989744522125132,0.15731279372308912,0.14898144458860577,0.13205307752997553,0.053531359680514874,0.15989744522125132
49.35,0.15987392741931783,0.15728993414448755,0.14896065255227542,0.13203622881905763,0.05352906999170997,0.15987392741931783
49.36666666666667,0.15985042537084052,0.15726708981738113,0.14893987420758645,0.1320193909002357,0.053526782748066944,0.15985042537084052
49.38333333333333,0.15982693905855458,0.15724426072510417,0.14891910953972087,0.13200256376206349,0.053524497945983664,0.15982693905855458
49.4,0.15980346846522098,0.1572214468510161,0.14889835853388278,0.13198574739311147,0.053522215581864666,0.15980346846522098
49.416666666666664,0.1597800135736267,0.15719864817850115,0.14887762117529812,0.13196894178196694,0.05351993565212128,0.1597800135736267
49.43333333333333,0.15975657436658464,0.15717586469096845,0.14885689744921507,0.13195214691723373,0.0535176581531715,0.15975657436658464
49.45,0.15973315082693335,0.15715309637185207,0.14883618734090354,0.13193536278753248,0.05351538308143998,0.15973315082693335
49.46666666666667,0.15970974293753723,0.1571303432046109,0.1488154908356553,0.13191858938150036,0.05351311043335808,0.15970974293753723
49.483333333333334,0.15968635068128653,0.1571076051727285,0.14879480791878408,0.13190182668779132,0.05351084020536382,0.15968635068128653
49.5,0.15966297404109694,0.1570848822597133,0.1487741385756255,0.1318850746950756,0.05350857239390186,0.15966297404109694
49.516666666666666,0.15963961299990984,0.15706217444909815,0.14875348279153666,0.1318683333920402,0.0535063069954235,0.15963961299990984
49.53333333333333,0.1596162675406923,0.15703948172444077,0.14873284055189667,0.1318516027673886,0.0535040440063866,0.1596162675406923
49.55,0.15959293764643673,0.1570168040693234,0.14871221184210615,0.13183488280984063,0.05350178342325568,0.15959293764643673
49.56666666666667,0.1595696233001612,0.1569941414673527,0.1486915966475874,0.13181817350813274,0.05349952524250178,0.1595696233001612
49.583333333333336,0.159546324484909,0.15697149390215986,0.14867099495378439,0.1318014748510177,0.05349726946060259,0.159546324484909
49.6,0.1595230411837489,0.1569488613574006,0.1486504067461626,0.1317847868272647,0.053495016074042286,0.1595230411837489
49.61666666666667,0.15949977337977506,0.156926243816755,0.1486298320102089,0.1317681094256593,0.053492765079311604,0.15949977337977506
49.63333333333333,0.15947652105610682,0.15690364126392736,0.14860927073143193,0.13175144263500335,0.053490516472907826,0.15947652105610682
49.65,0.1594532841958888,0.15688105368264638,0.14858872289536157,0.13173478644411502,0.05348827025133471,0.1594532841958888
49.666666666666664,0.1594300627822909,0.15685848105666506,0.1485681884875491,0.13171814084182873,0.05348602641110251,0.1594300627822909
49.68333333333333,0.15940685679850788,0.15683592336976054,0.14854766749356718,0.13170150581699513,0.053483784948727985,0.15940685679850788
49.7,0.15938366622775985,0.15681338060573408,0.1485271598990099,0.1316848813584812,0.05348154586073435,0.15938366622775985
49.71666666666667,0.1593604910532919,0.15679085274841117,0.14850666568949245,0.1316682674551699,0.05347930914365126,0.1593604910532919
49.733333333333334,0.15933733125837402,0.15676833978164129,0.14848618485065138,0.13165166409596052,0.053477074794014826,0.15933733125837402
49.75,0.15931418682630127,0.15674584168929795,0.14846571736814446,0.13163507126976837,0.05347484280836754,0.15931418682630127
49.766666666666666,0.15929105774039354,0.15672335845527868,0.1484452632276505,0.13161848896552478,0.05347261318325836,0.15929105774039354
49.78333333333333,0.15926794398399566,0.1567008900635049,0.1484248224148695,0.13160191717217729,0.0534703859152426,0.15926794398399566
49.8,0.15924484554047713,0.15667843649792196,0.1484043949155226,0.1315853558786894,0.05346816100088199,0.15924484554047713
49.81666666666667,0.1592217623932323,0.1566559977424991,0.1483839807153519,0.13156880507404062,0.05346593843674454,0.1592217623932323
49.833333333333336,0.15919869452568022,0.15663357378122925,0.14836357980012052,0.13155226474722642,0.0534637182194047,0.15919869452568022
49.85,0.15917564192126465,0.1566111645981291,0.14834319215561254,0.1315357348872582,0.053461500345443204,0.15917564192126465
49.86666666666667,0.15915260456345381,0.1565887701772392,0.14832281776763304,0.1315192154831633,0.05345928481144718,0.15915260456345381
49.88333333333333,0.1591295824357407,0.1565663905026236,0.14830245662200786,0.13150270652398494,0.05345707161400997,0.1591295824357407
49.9,0.15910657552164276,0.15654402555837005,0.14828210870458378,0.1314862079987822,0.053454860749731256,0.15910657552164276
49.916666666666664,0.15908358380470194,0.1565216753285899,0.14826177400122836,0.13146971989662987,0.053452652215217,0.15908358380470194
49.93333333333333,0.15906060726848448,0.15649933979741798,0.14824145249782997,0.1314532422066188,0.05345044600707945,0.15906060726848448
49.95,0.15903764589658123,0.15647701894901264,0.14822114418029755,0.13143677491785527,0.05344824212193704,0.15903764589658123
49.96666666666667,0.15901469967260726,0.15645471276755568,0.148200849034561,0.13142031801946152,0.053446040556414505,0.15901469967260726
49.983333333333334,0.15899176858020192,0.1564324212372523,0.14818056704657062,0.13140387150057548,0.0534438413071428,0.15899176858020192
50.0,0.15896885260302893,0.15641014434233103,0.14816029820229748,0.13138743535035072,0.05344164437075906,0.15896885260302893
50.016666666666666,0.15894595172477613,0.1563878820670437,0.14814004248773316,0.13137100955795647,0.05343944974390663,0.15894595172477613
50.03333333333333,0.1589230659291555,0.15636563439566553,0.14811979988888985,0.13135459411257755,0.053437257423235025,0.1589230659291555
50.05,0.1589001951999032,0.15634340131249488,0.1480995703918001,0.13133818900341437,0.05343506740539997,0.1589001951999032
50.06666666666667,0.15887733952077945,0.1563211828018532,0.1480793539825171,0.13132179421968304,0.053432879687063305,0.15887733952077945
50.083333333333336,0.15885449887556846,0.1562989788480853,0.14805915064711433,0.131305409750615,0.05343069426489302,0.15885449887556846
50.1,0.1588316732480785,0.1562767894355589,0.14803896037168568,0.13128903558545735,0.05342851113556322,0.1588316732480785
50.11666666666667,0.15880886262214167,0.15625461454866488,0.14801878314234546,0.1312726717134726,0.05342633029575417,0.15880886262214167
50.13333333333333,0.158786066981614,0.15623245417181708,0.1479986189452282,0.13125631812393873,0.05342415174215221,0.158786066981614
50.15,0.15876328631037542,0.15621030828945237,0.14797846776648882,0.13123997480614918,0.053421975471449744,0.15876328631037542
50.166666666666664,0.15874052059232963,0.15618817688603043,0.14795832959230232,0.13122364174941273,0.05341980148034527,0.15874052059232963
50.18333333333333,0.1587177698114041,0.15616605994603389,0.14793820440886402,0.13120731894305357,0.053417629765543345,0.1587177698114041
50.2,0.15869503395155,0.1561439574539683,0.14791809220238938,0.13119100637641118,0.05341546032375457,0.15869503395155
50.21666666666667,0.15867231299674217,0.1561218693943619,0.1478979929591139,0.13117470403884035,0.053413293151695594,0.15867231299674217
50.233333333333334,0.15864960693097907,0.1560997957517657,0.14787790666529332,0.13115841191971123,0.05341112824608907,0.15864960693097907
50.25,0.15862691573828275,0.15607773651075346,0.14785783330720334,0.13114213000840916,0.053408965603663656,0.15862691573828275
50.266666666666666,0.15860423940269885,0.15605569165592165,0.14783777287113958,0.1311258582943347,0.053406805221154006,0.15860423940269885
50.28333333333333,0.15858157790829636,0.15603366117188922,0.14781772534341786,0.1311095967669037,0.05340464709530075,0.15858157790829636
50.3,0.15855893123916792,0.15601164504329781,0.14779769071037374,0.13109334541554707,0.0534024912228505,0.15855893123916792
50.31666666666667,0.15853629937942945,0.15598964325481168,0.14777766895836275,0.13107710422971086,0.05340033760055581,0.15853629937942945
50.333333333333336,0.15851368231322022,0.15596765579111743,0.14775766007376032,0.1310608731988564,0.053398186225175184,0.15851368231322022
50.35,0.15849108002470289,0.1559456826369242,0.14773766404296163,0.13104465231245987,0.05339603709347302,0.15849108002470289
50.36666666666667,0.15846849249806336,0.1559237237769636,0.14771768085238177,0.13102844156001275,0.05339389020221969,0.15846849249806336
50.38333333333333,0.15844591971751076,0.15590177919598952,0.14769771048845542,0.13101224093102137,0.0533917455481914,0.15844591971751076
50.4,0.1584233616672774,0.1558798488787783,0.14767775293763716,0.13099605041500717,0.053389603128170315,0.1584233616672774
50.416666666666664,0.15840081833161881,0.15585793281012844,0.14765780818640115,0.13097987000150657,0.05338746293894439,0.15840081833161881
50.43333333333333,0.15837828969481357,0.15583603097486076,0.1476378762212412,0.13096369968007082,0.053385324977307524,0.15837828969481357
50.45,0.15835577574116327,0.15581414335781837,0.14761795702867075,0.13094753944026627,0.05338318924005939,0.15835577574116327
50.46666666666667,0.15833327645499262,0.1557922699438664,0.14759805059522282,0.13093138927167408,0.053381055724005574,0.15833327645499262
50.483333333333334,0.15831079182064922,0.15577041071789227,0.14757815690744996,0.13091524916389027,0.05337892442595744,0.15831079182064922
50.5,0.15828832182250363,0.15574856566480533,0.14755827595192417,0.13089911910652574,0.05337679534273213,0.15828832182250363
50.516666666666666,0.15826586644494936,0.15572673476953708,0.14753840771523702,0.13088299908920614,0.0533746684711527,0.15826586644494936
50.53333333333333,0.15824342567240268,0.15570491801704106,0.14751855218399945,0.13086688910157201,0.05337254380804784,0.15824342567240268
50.55,0.15822099948930274,0.15568311539229268,0.14749870934484183,0.13085078913327858,0.05337042135025214,0.15822099948930274
50.56666666666667,0.15819858788011137,0.15566132688028927,0.14747887918441377,0.1308346991739959,0.05336830109460585,0.15819858788011137
50.583333333333336,0.15817619082931317,0.15563955246605019,0.1474590616893844,0.1308186192134086,0.05336618303795506,0.15817619082931317
50.6,0.15815380832141546,0.15561779213461646,0.14743925684644205,0.1308025492412161,0.0533640671771515,0.15815380832141546
50.61666666666667,0.1581314403409482,0.15559604587105108,0.1474194646422942,0.13078648924713243,0.05336195350905271,0.1581314403409482
50.63333333333333,0.15810908687246383,0.1555743136604387,0.1473996850636677,0.13077043922088633,0.053359842030521853,0.15810908687246383
50.65,0.15808674790053742,0.1555525954878857,0.1473799180973085,0.13075439915222103,0.05335773273842786,0.15808674790053742
50.666666666666664,0.15806442340976665,0.15553089133852022,0.1473601637299817,0.13073836903089436,0.05335562562964531,0.15806442340976665
50.68333333333333,0.15804211338477145,0.15550920119749195,0.14734042194847163,0.13072234884667877,0.053353520701054466,0.15804211338477145
50.7,0.15801981781019434,0.15548752504997224,0.14732069273958148,0.13070633858936123,0.05335141794954123,0.15801981781019434
50.71666666666667,0.1579975366707002,0.15546586288115402,0.1473009760901337,0.1306903382487431,0.05334931737199719,0.1579975366707002
50.733333333333334,0.1579752699509763,0.15544421467625175,0.1472812719869696,0.13067434781464038,0.05334721896531954,0.1579752699509763
50.75,0.15795301763573208,0.1554225804205013,0.1472615804169495,0.13065836727688335,0.05334512272641108,0.15795301763573208
50.766666666666666,0.15793077970969935,0.15540096009916005,0.14724190136695273,0.13064239662531685,0.05334302865218027,0.15793077970969935
50.78333333333333,0.15790855615763214,0.1553793536975068,0.14722223482387742,0.13062643584980002,0.05334093673954111,0.15790855615763214
50.8,0.15788634696430665,0.15535776120084166,0.14720258077464066,0.13061048494020638,0.053338846985413205,0.15788634696430665
50.81666666666667,0.1578641521145212,0.15533618259448617,0.1471829392061783,0.13059454388642389,0.05333675938672177,0.1578641521145212
50.833333333333336,0.1578419715930963,0.15531461786378298,0.14716331010544503,0.1305786126783547,0.05333467394039754,0.1578419715930963
50.85,0.1578198053848743,0.1552930669940962,0.14714369345941436,0.13056269130591536,0.053332590643376795,0.1578198053848743
50.86666666666667,0.15779765347471977,0.155271529970811,0.14712408925507842,0.13054677975903656,0.05333050949260139,0.15779765347471977
50.88333333333333,0.15777551584751928,0.15525000677933382,0.1471044974794481,0.13053087802766333,0.05332843048501865,0.15777551584751928
50.9,0.1577533924881812,0.15522849740509218,0.14708491811955293,0.13051498610175494,0.05332635361758145,0.1577533924881812
50.916666666666664,0.15773128338163594,0.15520700183353467,0.14706535116244113,0.13049910397128478,0.053324278887248146,0.15773128338163594
50.93333333333333,0.15770918851283566,0.15518552005013098,0.14704579659517947,0.13048323162624034,0.05332220629098264,0.15770918851283566
50.95,0.1576871078667543,0.15516405204037184,0.14702625440485328,0.13046736905662346,0.05332013582575422,0.1576871078667543
50.96666666666667,0.15766504142838778,0.1551425977897689,0.1470067245785664,0.13045151625244988,0.05331806748853767,0.15766504142838778
50.983333333333334,0.1576429891827535,0.15512115728385484,0.14698720710344126,0.13043567320374955,0.05331600127631327,0.1576429891827535
51.0,0.15762095111489074,0.1550997305081831,0.14696770196661857,0.13041983990056646,0.05331393718606669,0.15762095111489074
51.016666666666666,0.1575989272098604,0.15507831744832812,0.1469482091552577,0.13040401633295856,0.05331187521478904,0.1575989272098604
51.03333333333333,0.15757691745274507,0.1550569180898851,0.14692872865653622,0.13038820249099797,0.05330981535947688,0.15757691745274507
51.05,0.15755492182864864,0.15503553241847007,0.14690926045765018,0.1303723983647706,0.05330775761713211,0.15755492182864864
51.06666666666667,0.15753294032269688,0.15501416041971972,0.14688980454581385,0.1303566039443765,0.053305701984762095,0.15753294032269688
51.083333333333336,0.15751097292003693,0.1549928020792916,0.14687036090825994,0.13034081921992957,0.053303648459379516,0.15751097292003693
51.1,0.15748901960583722,0.15497145738286378,0.14685092953223933,0.13032504418155766,0.05330159703800249,0.15748901960583722
51.11666666666667,0.157467080365288,0.15495012631613508,0.14683151040502113,0.13030927881940246,0.053299547717654404,0.157467080365288
51.13333333333333,0.1574451551836005,0.15492880886482485,0.1468121035138926,0.1302935231236195,0.05329750049536409,0.1574451551836005
51.15,0.1574232440460075,0.1549075050146731,0.14679270884615928,0.13027777708437827,0.05329545536816565,0.1574232440460075
51.166666666666664,0.15740134693776303,0.15488621475144015,0.14677332638914475,0.13026204069186198,0.05329341233309852,0.15740134693776303
51.18333333333333,0.15737946384414242,0.1548649380609071,0.14675395613019077,0.13024631393626762,0.05329137138720748,0.15737946384414242
51.2,0.15735759475044225,0.1548436749288753,0.14673459805665706,0.13023059680780602,0.05328933252754258,0.15735759475044225
51.21666666666667,0.15733573964198014,0.1548224253411665,0.1467152521559214,0.13021488929670166,0.05328729575115916,0.15733573964198014
51.233333333333334,0.15731389850409505,0.15480118928362294,0.1466959184153796,0.1301991913931928,0.05328526105511783,0.15731389850409505
51.25,0.15729207132214698,0.15477996674210714,0.14667659682244544,0.13018350308753135,0.05328322843648449,0.15729207132214698
51.266666666666666,0.15727025808151693,0.15475875770250194,0.14665728736455066,0.13016782436998292,0.05328119789233027,0.15727025808151693
51.28333333333333,0.157248458767607,0.15473756215071044,0.1466379900291448,0.13015215523082668,0.05327916941973156,0.157248458767607
51.3,0.15722667336584034,0.15471638007265595,0.14661870480369532,0.13013649566035562,0.05327714301576999,0.15722667336584034
51.31666666666667,0.15720490186166095,0.15469521145428194,0.14659943167568756,0.13012084564887605,0.05327511867753239,0.15720490186166095
51.333333333333336,0.1571831442405338,0.15467405628155217,0.14658017063262468,0.13010520518670807,0.053273096402110795,0.1571831442405338
51.35,0.15716140048794483,0.15465291454045033,0.14656092166202744,0.13008957426418521,0.05327107618660246,0.15716140048794483
51.36666666666667,0.1571396705894006,0.15463178621698032,0.14654168475143461,0.13007395287165452,0.05326905802810981,0.1571396705894006
51.38333333333333,0.1571179545304287,0.15461067129716602,0.1465224598884024,0.13005834099947666,0.05326704192374043,0.1571179545304287
51.4,0.15709625229657737,0.15458956976705138,0.14650324706050494,0.13004273863802562,0.05326502787060714,0.15709625229657737
51.416666666666664,0.15707456387341567,0.1545684816127003,0.14648404625533373,0.1300271457776889,0.0532630158658278,0.15707456387341567
51.43333333333333,0.1570528892465332,0.15454740682019658,0.1464648574604982,0.13001156240886746,0.05326100590652552,0.1570528892465332
51.45,0.1570312284015404,0.15452634537564391,0.14644568066362507,0.1299959885219756,0.053258997989828485,0.1570312284015404
51.46666666666667,0.15700958132406817,0.154505297265166,0.14642651585235883,0.12998042410744104,0.05325699211287001,0.15700958132406817
51.483333333333334,0.15698794799976812,0.1544842624749061,0.1464073630143613,0.12996486915570482,0.05325498827278849,0.15698794799976812
51.5,0.15696632841431232,0.15446324099102754,0.146388222137312,0.12994932365722134,0.05325298646672748,0.15696632841431232
51.516666666666666,0.15694472255339337,0.15444223279971325,0.14636909320890779,0.12993378760245836,0.05325098669183557,0.15694472255339337
51.53333333333333,0.15692313040272432,0.15442123788716594,0.14634997621686285,0.12991826098189674,0.053248988945266446,0.15692313040272432
51.55,0.15690155194803868,0.15440025623960793,0.14633087114890894,0.1299027437860308,0.05324699322417886,0.15690155194803868
51.56666666666667,0.1568799871750903,0.1543792878432813,0.1463117779927951,0.12988723600536803,0.05324499952573663,0.1568799871750903
51.583333333333336,0.15685843606965355,0.1543583326844476,0.14629269673628764,0.12987173763042906,0.053243007847108545,0.15685843606965355
51.6,0.1568368986175229,0.15433739074938813,0.14627362736717026,0.1298562486517478,0.053241018185468544,0.1568368986175229
51.61666666666667,0.1568153748045133,0.15431646202440358,0.14625456987324392,0.12984076905987127,0.0532390305379955,0.1568153748045133
51.63333333333333,0.15679386461645972,0.15429554649581423,0.1462355242423268,0.12982529884535968,0.053237044901873316,0.15679386461645972
51.65,0.15677236803921762,0.15427464414995984,0.14621649046225427,0.12980983799878637,0.05323506127429091,0.15677236803921762
51.666666666666664,0.15675088505866244,0.15425375497319954,0.1461974685208789,0.12979438651073766,0.053233079652442186,0.15675088505866244
51.68333333333333,0.15672941566068982,0.154232878951912,0.14617845840607036,0.12977894437181306,0.053231100033526005,0.15672941566068982
51.7,0.15670795983121547,0.15421201607249507,0.1461594601057155,0.1297635115726251,0.053229122414746206,0.15670795983121547
51.71666666666667,0.1566865175561752,0.15419116632136604,0.1461404736077182,0.12974808810379934,0.053227146793311614,0.1566865175561752
51.733333333333334,0.15666508882152486,0.15417032968496153,0.14612149889999948,0.12973267395597438,0.05322517316643598,0.15666508882152486
51.75,0.15664367361324028,0.15414950614973738,0.14610253597049722,0.1297172691198017,0.053223201531337964,0.15664367361324028
51.766666666666666,0.15662227191731715,0.15412869570216858,0.14608358480716643,0.1297018735859458,0.053221231885241166,0.15662227191731715
51.78333333333333,0.1566008837197713,0.15410789832874947,0.1460646453979791,0.12968648734508412,0.053219264225374145,0.1566008837197713
51.8,0.15657950900663825,0.15408711401599345,0.14604571773092404,0.12967111038790702,0.05321729854897029,0.15657950900663825
51.81666666666667,0.15655814776397342,0.15406634275043304,0.146026801794007,0.1296557427051177,0.053215334853267945,0.15655814776397342
51.833333333333336,0.15653679997785216,0.1540455845186199,0.14600789757525068,0.1296403842874323,0.053213373135510306,0.15653679997785216
51.85,0.1565154656343694,0.15402483930712474,0.1459890050626945,0.1296250351255798,0.05321141339294546,0.1565154656343694
51.86666666666667,0.15649414471963993,0.15400410710253726,0.1459701242443948,0.1296096952103019,0.05320945562282633,0.15649414471963993
51.88333333333333,0.1564728372197983,0.1539833878914662,0.14595125510842466,0.12959436453235323,0.0532074998224107,0.1564728372197983
51.9,0.15645154312099863,0.15396268166053917,0.14593239764287386,0.12957904308250112,0.05320554598896124,0.15645154312099863
51.916666666666664,0.15643026240941466,0.15394198839640277,0.14591355183584898,0.12956373085152562,0.05320359411974537,0.15643026240941466
51.93333333333333,0.15640899507123984,0.15392130808572246,0.14589471767547327,0.12954842783021964,0.05320164421203542,0.15640899507123984
51.95,0.1563877410926871,0.1539006407151826,0.1458758951498866,0.12953313400938865,0.05319969626310844,0.1563877410926871
51.96666666666667,0.15636650045998896,0.15387998627148625,0.14585708424724553,0.12951784937985097,0.05319775027024638,0.15636650045998896
51.983333333333334,0.1563452731593974,0.1538593447413554,0.14583828495572315,0.12950257393243747,0.05319580623073585,0.1563452731593974
52.0,0.1563240591771839,0.15383871611153072,0.14581949726350923,0.12948730765799166,0.05319386414186838,0.1563240591771839
52.016666666666666,0.15630285849963924,0.15381810036877158,0.14580072115881004,0.12947205054736977,0.053191924000940194,0.15630285849963924
52.03333333333333,0.15628167111307378,0.1537974974998561,0.14578195662984827,0.1294568025914405,0.05318998580525226,0.15628167111307378
52.05,0.1562604970038171,0.15377690749158102,0.14576320366486326,0.1294415637810852,0.05318804955211035,0.1562604970038171
52.06666666666667,0.15623933615821817,0.1537563303307616,0.14574446225211068,0.12942633410719778,0.053186115238824945,0.15623933615821817
52.083333333333336,0.1562181885626452,0.15373576600423183,0.14572573237986264,0.1294111135606847,0.05318418286271123,0.1562181885626452
52.1,0.15619705420348573,0.15371521449884423,0.1457070140364078,0.1293959021324648,0.053182252421089184,0.15619705420348573
52.11666666666667,0.1561759330671464,0.15369467580146973,0.1456883072100509,0.1293806998134696,0.053180323911283404,0.1561759330671464
52.13333333333333,0.15615482514005313,0.15367414989899786,0.14566961188911332,0.12936550659464302,0.05317839733062326,0.15615482514005313
52.15,0.156133730408651,0.1536536367783366,0.14565092806193253,0.1293503224669413,0.053176472676442765,0.156133730408651
52.166666666666664,0.1561126488594041,0.15363313642641224,0.14563225571686245,0.12933514742133329,0.05317454994608064,0.1561126488594041
52.18333333333333,0.15609158047879576,0.15361264883016956,0.1456135948422731,0.12931998144880014,0.05317262913688025,0.15609158047879576
52.2,0.15607052525332815,0.15359217397657166,0.14559494542655083,0.12930482454033537,0.053170710246189655,0.15607052525332815
52.21666666666667,0.15604948316952266,0.1535717118526,0.1455763074580982,0.12928967668694488,0.053168793271361536,0.15604948316952266
52.233333333333334,0.1560284542139196,0.15355126244525424,0.14555768092533383,0.129274537879647,0.0531668782097532,0.1560284542139196
52.25,0.15600743837307812,0.15353082574155236,0.14553906581669257,0.12925940810947223,0.053164965058726615,0.15600743837307812
52.266666666666666,0.15598643563357642,0.15351040172853062,0.14552046212062536,0.1292442873674634,0.053163053815648384,0.15598643563357642
52.28333333333333,0.15596544598201145,0.15348999039324335,0.1455018698255992,0.12922917564467573,0.05316114447788965,0.15596544598201145
52.3,0.15594446940499912,0.15346959172276303,0.14548328892009715,0.12921407293217646,0.05315923704282622,0.15594446940499912
52.31666666666667,0.15592350588917417,0.15344920570418047,0.14546471939261835,0.1291989792210454,0.05315733150783848,0.15592350588917417
52.333333333333336,0.15590255542118997,0.15342883232460433,0.14544616123167775,0.1291838945023742,0.05315542787031139,0.15590255542118997
52.35,0.15588161798771877,0.15340847157116144,0.1454276144258066,0.12916881876726694,0.05315352612763447,0.15588161798771877
52.36666666666667,0.1558606935754514,0.15338812343099675,0.14540907896355174,0.12915375200683982,0.05315162627720181,0.1558606935754514
52.38333333333333,0.15583978217109762,0.15336778789127303,0.14539055483347613,0.12913869421222113,0.05314972831641208,0.15583978217109762
52.4,0.15581888376138542,0.1533474649391712,0.1453720420241586,0.12912364537455132,0.053147832242668426,0.15581888376138542
52.416666666666664,0.15579799833306188,0.1533271545618899,0.14535354052419375,0.12910860548498293,0.05314593805337858,0.15579799833306188
52.43333333333333,0.15577712587289227,0.1533068567466459,0.14533505032219213,0.12909357453468062,0.05314404574595481,0.15577712587289227
52.45,0.15575626636766068,0.15328657148067365,0.14531657140677995,0.12907855251482106,0.05314215531781386,0.15575626636766068
52.46666666666667,0.15573541980416952,0.15326629875122555,0.1452981037665993,0.12906353941659301,0.053140266766376974,0.15573541980416952
52.483333333333334,0.1557145861692398,0.15324603854557184,0.1452796473903079,0.1290485352311972,0.053138380089069924,0.1557145861692398
52.5,0.15569376544971095,0.1532257908510004,0.1452612022665794,0.1290335399498464,0.05313649528332295,0.15569376544971095
52.516666666666666,0.15567295763244068,0.15320555565481697,0.1452427683841029,0.12901855356376535,0.05313461234657076,0.15567295763244068
52.53333333333333,0.15565216270430532,0.15318533294434497,0.14522434573158335,0.12900357606419072,0.05313273127625256,0.15565216270430532
52.55,0.1556313806521994,0.1531651227069255,0.14520593429774117,0.12898860744237114,0.05313085206981194,0.1556313806521994
52.56666666666667,0.15561061146303581,0.15314492492991733,0.14518753407131257,0.12897364768956718,0.05312897472469704,0.15561061146303581
52.583333333333336,0.15558985512374565,0.15312473960069678,0.1451691450410491,0.12895869679705124,0.053127099238360335,0.15558985512374565
52.6,0.15556911162127843,0.1531045667066579,0.14515076719571815,0.12894375475610764,0.05312522560825883,0.15556911162127843
52.61666666666667,0.1555483809426017,0.15308440623521213,0.14513240052410237,0.1289288215580326,0.05312335383185386,0.1555483809426017
52.63333333333333,0.15552766307470137,0.15306425817378855,0.14511404501500014,0.12891389719413404,0.053121483906611235,0.15552766307470137
52.65,0.15550695800458136,0.15304412250983368,0.1450957006572251,0.12889898165573183,0.05311961583000111,0.15550695800458136
52.666666666666664,0.15548626571926377,0.15302399923081156,0.14507736743960642,0.12888407493415754,0.053117749599498096,0.15548626571926377
52.68333333333333,0.15546558620578885,0.15300388832420364,0.14505904535098882,0.12886917702075457,0.053115885212581135,0.15546558620578885
52.7,0.15544491945121472,0.1529837897775087,0.14504073438023218,0.12885428790687806,0.05311402266673354,0.15544491945121472
52.71666666666667,0.15542426544261784,0.15296370357824302,0.14502243451621188,0.12883940758389487,0.05311216195944304,0.15542426544261784
52.733333333333334,0.15540362416709244,0.15294362971394018,0.14500414574781867,0.12882453604318356,0.053110303088201666,0.15540362416709244
52.75,0.15538299561175065,0.15292356817215103,0.14498586806395847,0.1288096732761344,0.053108446050505805,0.15538299561175065
52.766666666666666,0.15536237976372275,0.1529035189404437,0.14496760145355259,0.12879481927414937,0.05310659084385624,0.15536237976372275
52.78333333333333,0.15534177661015677,0.15288348200640364,0.14494934590553754,0.12877997402864202,0.053104737465757966,0.15534177661015677
52.8,0.15532118613821874,0.15286345735763346,0.1449311014088651,0.12876513753103758,0.0531028859137204,0.15532118613821874
52.81666666666667,0.15530060833509235,0.152843444981753,0.14491286795250224,0.1287503097727729,0.053101036185257244,0.15530060833509235
52.833333333333336,0.15528004318797925,0.1528234448663992,0.14489464552543113,0.12873549074529636,0.05309918827788647,0.15528004318797925
52.85,0.15525949068409878,0.1528034569992262,0.14487643411664908,0.12872068044006799,0.05309734218913034,0.15525949068409878
52.86666666666667,0.1552389508106881,0.15278348136790523,0.14485823371516843,0.12870587884855933,0.05309549791651545,0.1552389508106881
52.88333333333333,0.15521842355500196,0.15276351796012455,0.14484004431001674,0.12869108596225343,0.053093655457572615,0.15521842355500196
52.9,0.1551979089043129,0.15274356676358947,0.1448218658902366,0.12867630177264494,0.05309181480983695,0.1551979089043129
52.916666666666664,0.1551774068459111,0.15272362776602239,0.1448036984448856,0.12866152627123995,0.053089975970847796,0.1551774068459111
52.93333333333333,0.15515691736710432,0.15270370095516253,0.14478554196303647,0.12864675944955595,0.053088138938148795,0.15515691736710432
52.95,0.15513644045521796,0.15268378631876622,0.14476739643377684,0.12863200129912197,0.05308630370928775,0.15513644045521796
52.96666666666667,0.1551159760975949,0.1526638838446066,0.14474926184620923,0.12861725181147846,0.05308447028181676,0.1551159760975949
52.983333333333334,0.1550955242815956,0.1526439935204738,0.14473113818945127,0.12860251097817726,0.053082638653292075,0.1550955242815956
53.0,0.15507508499459804,0.15262411533417475,0.14471302545263537,0.12858777879078165,0.053080808821274236,0.15507508499459804
53.016666666666666,0.1550546582239976,0.15260424927353322,0.14469492362490893,0.1285730552408662,0.05307898078332796,0.1550546582239976
53.03333333333333,0.15503424395720716,0.15258439532638973,0.14467683269543413,0.12855834032001692,0.05307715453702212,0.15503424395720716
53.05,0.15501384218165704,0.15256455348060172,0.144658752653388,0.12854363401983113,0.05307533007992981,0.15501384218165704
53.06666666666667,0.15499345288479469,0.15254472372404324,0.14464068348796244,0.12852893633191742,0.05307350740962829,0.15499345288479469
53.083333333333336,0.1549730760540852,0.1525249060446051,0.14462262518836405,0.12851424724789579,0.053071686523698994,0.1549730760540852
53.1,0.15495271167701088,0.15250510043019483,0.1446045777438143,0.12849956675939733,0.053069867419727496,0.15495271167701088
53.11666666666667,0.15493235974107125,0.15248530686873654,0.1445865411435493,0.12848489485806464,0.05306805009530357,0.15493235974107125
53.13333333333333,0.15491202023378323,0.15246552534817104,0.14456851537681986,0.12847023153555126,0.05306623454802106,0.15491202023378323
53.15,0.15489169314268078,0.1524457558564557,0.14455050043289153,0.12845557678352224,0.05306442077547801,0.15489169314268078
53.166666666666664,0.1548713784553151,0.15242599838156448,0.1445324963010445,0.12844093059365363,0.053062608775276535,0.1548713784553151
53.18333333333333,0.15485107615925467,0.15240625291148785,0.1445145029705736,0.12842629295763275,0.053060798545022894,0.15485107615925467
53.2,0.15483078624208502,0.15238651943423287,0.14449652043078826,0.12841166386715802,0.05305899008232745,0.15483078624208502
53.21666666666667,0.15481050869140878,0.15236679793782298,0.14447854867101245,0.1283970433139391,0.053057183384804696,0.15481050869140878
53.233333333333334,0.15479024349484566,0.15234708841029815,0.14446058768058473,0.12838243128969667,0.053055378450073125,0.15479024349484566
53.25,0.15476999064003238,0.1523273908397147,0.1444426374488583,0.1283678277861626,0.05305357527575543,0.15476999064003238
53.266666666666666,0.15474975011462277,0.15230770521414544,0.14442469796520063,0.12835323279507982,0.05305177385947828,0.15474975011462277
53.28333333333333,0.15472952190628753,0.15228803152167955,0.1444067692189938,0.1283386463082023,0.05304997419887246,0.15472952190628753
53.3,0.15470930600271438,0.1522683697504224,0.14438885119963446,0.12832406831729504,0.05304817629157281,0.15470930600271438
53.31666666666667,0.15468910239160802,0.15224871988849592,0.1443709438965335,0.12830949881413417,0.05304638013521819,0.15468910239160802
53.333333333333336,0.15466891106068995,0.15222908192403806,0.1443530472991163,0.12829493779050666,0.05304458572745153,0.15466891106068995
53.35,0.15464873199769852,0.15220945584520318,0.14433516139682262,0.12828038523821067,0.053042793065919774,0.15464873199769852
53.36666666666667,0.154628565190389,0.15218984164016192,0.1443172861791066,0.12826584114905526,0.05304100214827393,0.154628565190389
53.38333333333333,0.15460841062653338,0.1521702392971009,0.14429942163543663,0.1282513055148603,0.0530392129721689,0.15460841062653338
53.4,0.15458826829392053,0.1521506488042232,0.1442815677552955,0.1282367783274569,0.05303742553526378,0.15458826829392053
53.416666666666664,0.15456813818035603,0.15213107014974775,0.14426372452818026,0.12822225957868674,0.05303563983522149,0.15456813818035603
53.43333333333333,0.15454802027366216,0.1521115033219098,0.14424589194360213,0.12820774926040268,0.05303385586970903,0.15454802027366216
53.45,0.1545279145616778,0.15209194830896067,0.1442280699910867,0.12819324736446824,0.053032073636397364,0.1545279145616778
53.46666666666667,0.1545078210322587,0.15207240509916758,0.14421025866017365,0.12817875388275804,0.05303029313296146,0.1545078210322587
53.483333333333334,0.1544877396732771,0.15205287368081402,0.14419245794041693,0.1281642688071573,0.05302851435708018,0.1544877396732771
53.5,0.15446767047262192,0.1520333540421993,0.1441746678213846,0.1281497921295623,0.05302673730643641,0.15446767047262192
53.516666666666666,0.15444761341819851,0.15201384617163877,0.14415688829265888,0.1281353238418799,0.05302496197871695,0.15444761341819851
53.53333333333333,0.15442756849792894,0.1519943500574637,0.1441391193438361,0.1281208639360279,0.053023188371612545,0.15442756849792894
53.55,0.1544075356997517,0.15197486568802132,0.14412136096452666,0.12810641240393478,0.053021416482817885,0.1544075356997517
53.56666666666667,0.15438751501162187,0.15195539305167477,0.14410361314435502,0.12809196923753985,0.05301964631003157,0.15438751501162187
53.583333333333336,0.1543675064215109,0.151935932136803,0.14408587587295973,0.12807753442879316,0.053017877850956144,0.1543675064215109
53.6,0.1543475099174066,0.15191648293180082,0.14406814913999327,0.12806310796965537,0.05301611110329802,0.1543475099174066
53.61666666666667,0.15432752548731332,0.1518970454250789,0.14405043293512218,0.12804868985209794,0.05301434606476753,0.15432752548731332
53.63333333333333,0.15430755311925176,0.15187761960506357,0.14403272724802693,0.12803428006810297,0.05301258273307891,0.15430755311925176
53.65,0.15428759280125898,0.15185820546019702,0.144015032068402,0.12801987860966318,0.05301082110595026,0.15428759280125898
53.666666666666664,0.15426764452138828,0.1518388029789372,0.14399734738595565,0.12800548546878202,0.0530090611811036,0.15426764452138828
53.68333333333333,0.15424770826770928,0.1518194121497577,0.14397967319041016,0.12799110063747354,0.05300730295626474,0.15424770826770928
53.7,0.1542277840283079,0.1518000329611477,0.14396200947150162,0.12797672410776234,0.05300554642916343,0.1542277840283079
53.71666666666667,0.15420787179128628,0.15178066540161222,0.14394435621898,0.12796235587168364,0.05300379159753322,0.15420787179128628
53.733333333333334,0.1541879715447628,0.15176130945967173,0.1439267134226091,0.12794799592128325,0.0530020384591115,0.1541879715447628
53.75,0.15416808327687195,0.15174196512386245,0.1439090810721665,0.12793364424861758,0.05300028701163957,0.15416808327687195
53.766666666666666,0.1541482069757644,0.151722632382736,0.1438914591574435,0.12791930084575348,0.05299853725286246,0.1541482069757644
53.78333333333333,0.1541283426296069,0.15170331122485972,0.1438738476682453,0.12790496570476834,0.0529967891805291,0.1541283426296069
53.8,0.1541084902265824,0.15168400163881626,0.14385624659439067,0.12789063881775006,0.05299504279239222,0.1541084902265824
53.81666666666667,0.15408864975488984,0.15166470361320397,0.1438386559257122,0.12787632017679706,0.0529932980862083,0.15408864975488984
53.833333333333336,0.15406882120274423,0.15164541713663648,0.14382107565205607,0.1278620097740182,0.05299155505973767,0.15406882120274423
53.85,0.15404900455837658,0.151626142197743,0.1438035057632822,0.1278477076015328,0.05298981371074443,0.15404900455837658
53.86666666666667,0.15402919981003385,0.15160687878516807,0.14378594624926413,0.12783341365147055,0.052988074036996485,0.15402919981003385
53.88333333333333,0.15400940694597903,0.15158762688757157,0.14376839709988898,0.12781912791597166,0.05298633603626547,0.15400940694597903
53.9,0.153989625954491,0.15156838649362886,0.14375085830505743,0.12780485038718659,0.05298459970632685,0.153989625954491
53.916666666666664,0.15396985682386455,0.15154915759203047,0.1437333298546838,0.1277905810572763,0.05298286504495979,0.15396985682386455
53.93333333333333,0.15395009954241026,0.1515299401714824,0.14371581173869596,0.12777631991841207,0.052981132049947234,0.15395009954241026
53.95,0.1539303540984547,0.15151073422070582,0.14369830394703523,0.12776206696277553,0.052979400719075864,0.1539303540984547
53.96666666666667,0.15391062048034024,0.15149153972843718,0.1436808064696565,0.12774782218255856,0.052977671050136094,0.15391062048034024
53.983333333333334,0.15389089867642494,0.15147235668342812,0.14366331929652804,0.1277335855699635,0.05297594304092207,0.15389089867642494
54.0,0.15387118867508268,0.1514531850744455,0.14364584241763165,0.12771935711720284,0.05297421668923166,0.15387118867508268
54.016666666666666,0.15385149046470312,0.15143402489027144,0.14362837582296253,0.12770513681649948,0.052972491992866466,0.15385149046470312
54.03333333333333,0.15383180403369165,0.15141487611970306,0.1436109195025293,0.12769092466008636,0.05297076894963174,0.15383180403369165
54.05,0.15381212937046915,0.15139573875155266,0.14359347344635398,0.12767672064020694,0.05296904755733648,0.15381212937046915
54.06666666666667,0.15379246646347242,0.15137661277464767,0.14357603764447185,0.1276625247491146,0.05296732781379338,0.15379246646347242
54.083333333333336,0.15377281530115372,0.15135749817783054,0.14355861208693166,0.1276483369790732,0.05296560971681877,0.15377281530115372
54.1,0.153753175871981,0.15133839494995877,0.1435411967637954,0.12763415732235667,0.0529638932642327,0.153753175871981
54.11666666666667,0.15373354816443768,0.1513193030799049,0.1435237916651384,0.127619985771249,0.05296217845385886,0.15373354816443768
54.13333333333333,0.15371393216702295,0.15130022255655645,0.14350639678104918,0.12760582231804452,0.05296046528352462,0.15371393216702295
54.15,0.15369432786825127,0.15128115336881592,0.14348901210162956,0.1275916669550476,0.05295875375106099,0.15369432786825127
54.166666666666664,0.15367473525665276,0.15126209550560066,0.14347163761699458,0.12757751967457276,0.05295704385430261,0.15367473525665276
54.18333333333333,0.15365515432077295,0.15124304895584312,0.1434542733172725,0.12756338046894455,0.05295533559108781,0.15365515432077295
54.2,0.15363558504917285,0.15122401370849042,0.1434369191926047,0.12754924933049777,0.05295362895925852,0.15363558504917285
54.21666666666667,0.15361602743042885,0.15120498975250474,0.1434195752331458,0.12753512625157704,0.05295192396341305,0.15361602743042885
54.233333333333334,0.15359648145313268,0.15118597707686293,0.14340224142906352,0.12752101122453732,0.05295022058414357,0.15359648145313268
54.25,0.15357694710589165,0.1511669756705568,0.14338491777053863,0.12750690424174338,0.052948518832624844,0.15357694710589165
54.266666666666666,0.15355742437732817,0.15114798552259284,0.1433676042477651,0.12749280529557008,0.05294681870436684,0.15355742437732817
54.28333333333333,0.15353791325608007,0.15112900662199236,0.14335030085094988,0.12747871437840236,0.05294512019693764,0.15353791325608007
54.3,0.1535184137308005,0.1511100389577914,0.14333300757031303,0.127464631482635,0.05294342330811091,0.1535184137308005
54.31666666666667,0.15349892579015778,0.15109108251904066,0.14331572439608753,0.12745055660067284,0.05294172803571597,0.15349892579015778
54.333333333333336,0.1534794494228356,0.15107213729480562,0.14329845131851957,0.1274364897249307,0.05294003437760467,0.1534794494228356
54.35,0.15345998461753266,0.15105320327416633,0.14328118832786807,0.12742243084783328,0.0529383423316407,0.15345998461753266
54.36666666666667,0.153440531362963,0.15103428044621758,0.14326393541440507,0.12740837996181514,0.05293665189569543,0.153440531362963
54.38333333333333,0.15342108964785586,0.15101536880006866,0.14324669256841557,0.12739433705932085,0.05293496306764613,0.15342108964785586
54.4,0.1534016594609555,0.15099646832484354,0.1432294597801973,0.12738030213280488,0.05293327584537492,0.1534016594609555
54.416666666666664,0.15338224079102128,0.1509775790096807,0.14321223704006109,0.12736627517473148,0.05293159022676829,0.15338224079102128
54.43333333333333,0.15336283362682768,0.15095870084373314,0.14319502433833048,0.12735225617757479,0.05292990620971689,0.15336283362682768
54.45,0.15334343795716424,0.15093983381616846,0.14317782166534204,0.12733824513381875,0.0529282237921151,0.15334343795716424
54.46666666666667,0.15332405377083558,0.15092097791616865,0.14316062901144494,0.1273242420359572,0.05292654297186118,0.15332405377083558
54.483333333333334,0.15330468105666123,0.15090213313293027,0.14314344636700138,0.12731024687649375,0.052924863746857065,0.15330468105666123
54.5,0.15328531980347568,0.15088329945566423,0.14312627372238618,0.12729625964794178,0.052923186115008285,0.15328531980347568
54.516666666666666,0.15326597000012854,0.15086447687359592,0.14310911106798702,0.1272822803428244,0.05292151007422401,0.15326597000012854
54.53333333333333,0.15324663163548416,0.15084566537596503,0.14309195839420424,0.12726830895367458,0.052919835622416915,0.15324663163548416
54.55,0.15322730469842194,0.1508268649520257,0.14307481569145097,0.12725434547303494,0.05291816275750326,0.15322730469842194
54.56666666666667,0.15320798917783604,0.1508080755910464,0.1430576829501531,0.12724038989345782,0.052916491477402815,0.15320798917783604
54.583333333333336,0.15318868506263547,0.15078929728230991,0.14304056016074895,0.1272264422075054,0.0529148217800388,0.15318868506263547
54.6,0.15316939234174426,0.15077053001511329,0.14302344731368982,0.1272125024077494,0.05291315366333799,0.15316939234174426
54.61666666666667,0.15315011100410103,0.15075177377876786,0.14300634439943938,0.12719857048677125,0.05291148712523061,0.15315011100410103
54.63333333333333,0.15313084103865918,0.1507330285625993,0.14298925140847407,0.12718464643716207,0.05290982216365031,0.15313084103865918
54.65,0.15311158243438708,0.1507142943559473,0.1429721683312829,0.12717073025152265,0.05290815877653424,0.15311158243438708
54.666666666666664,0.15309233518026752,0.15069557114816598,0.14295509515836735,0.1271568219224633,0.05290649696182299,0.15309233518026752
54.68333333333333,0.15307309926529825,0.15067685892862343,0.14293803188024162,0.12714292144260406,0.05290483671746055,0.15307309926529825
54.7,0.15305387467849163,0.15065815768670202,0.14292097848743227,0.12712902880457444,0.05290317804139438,0.15305387467849163
54.71666666666667,0.1530346614088745,0.15063946741179818,0.14290393497047846,0.12711514400101367,0.05290152093157533,0.1530346614088745
54.733333333333334,0.15301545944548856,0.15062078809332252,0.14288690131993187,0.12710126702457045,0.05289986538595765,0.15301545944548856
54.75,0.15299626877739003,0.15060211972069965,0.14286987752635652,0.12708739786790302,0.05289821140249901,0.15299626877739003
54.766666666666666,0.15297708939364965,0.15058346228336827,0.142852863580329,0.1270735365236792,0.05289655897916048,0.15297708939364965
54.78333333333333,0.15295792128335275,0.15056481577078107,0.1428358594724383,0.12705968298457632,0.05289490811390651,0.15295792128335275
54.8,0.15293876443559928,0.15054618017240484,0.14281886519328574,0.12704583724328117,0.0528932588047049,0.15293876443559928
54.81666666666667,0.1529196188395036,0.15052755547772026,0.1428018807334851,0.12703199929249004,0.05289161104952688,0.1529196188395036
54.833333333333336,0.15290048448419452,0.150508941676222,0.1427849060836625,0.12701816912490876,0.05288996484634698,0.15290048448419452
54.85,0.15288136135881533,0.1504903387574187,0.14276794123445646,0.1270043467332525,0.05288832019314314,0.15288136135881533
54.86666666666667,0.15286224945252386,0.1504717467108329,0.14275098617651769,0.1269905321102459,0.05288667708789664,0.15286224945252386
54.88333333333333,0.1528431487544922,0.15045316552600096,0.14273404090050928,0.12697672524862313,0.052885035528592084,0.1528431487544922
54.9,0.15282405925390685,0.15043459519247324,0.14271710539710664,0.1269629261411276,0.05288339551321742,0.15282405925390685
54.916666666666664,0.15280498093996875,0.15041603569981382,0.14270017965699738,0.12694913478051223,0.05288175703976394,0.15280498093996875
54.93333333333333,0.15278591380189313,0.1503974870376006,0.14268326367088136,0.12693535115953924,0.05288012010622622,0.15278591380189313
54.95,0.1527668578289095,0.1503789491954254,0.1426663574294706,0.1269215752709803,0.05287848471060222,0.1527668578289095
54.96666666666667,0.15274781301026175,0.15036042216289375,0.1426494609234895,0.1269078071076163,0.052876850850893165,0.15274781301026175
54.983333333333334,0.15272877933520787,0.15034190592962485,0.14263257414367445,0.12689404666223753,0.05287521852510356,0.15272877933520787
55.0,0.1527097567930202,0.15032340048525172,0.1426156970807741,0.12688029392764363,0.05287358773124129,0.1527097567930202
55.016666666666666,0.15269074537298533,0.15030490581942113,0.14259882972554921,0.12686654889664353,0.05287195846731744,0.15269074537298533
55.03333333333333,0.15267174506440395,0.1502864219217934,0.1425819720687726,0.12685281156205536,0.05287033073134641,0.15267174506440395
55.05,0.152652755856591,0.15026794878204255,0.1425651241012293,0.1268390819167066,0.0528687045213459,0.152652755856591
55.06666666666667,0.1526337777388755,0.15024948638985633,0.1425482858137163,0.1268253599534339,0.05286707983533684,0.1526337777388755
55.083333333333336,0.1526148107006005,0.15023103473493593,0.1425314571970428,0.12681164566508332,0.05286545667134346,0.1526148107006005
55.1,0.15259585473112341,0.15021259380699636,0.14251463824202987,0.12679793904450992,0.05286383502739323,0.15259585473112341
55.11666666666667,0.15257690981981553,0.150194163595766,0.14249782893951074,0.12678424008457811,0.05286221490151686,0.15257690981981553
55.13333333333333,0.15255797595606213,0.15017574409098686,0.14248102928033043,0.12677054877816146,0.052860596291748316,0.15255797595606213
55.15,0.1525390531292627,0.15015733528241443,0.14246423925534624,0.12675686511814271,0.05285897919612483,0.1525390531292627
55.166666666666664,0.15252014132883057,0.15013893715981774,0.14244745885542714,0.12674318909741378,0.05285736361268678,0.15252014132883057
55.18333333333333,0.1525012405441932,0.1501205497129793,0.14243068807145426,0.12672952070887566,0.052855749539477866,0.1525012405441932
55.2,0.15248235076479183,0.15010217293169506,0.14241392689432048,0.12671585994543866,0.05285413697454496,0.15248235076479183
55.21666666666667,0.1524634719800818,0.15008380680577438,0.1423971753149307,0.12670220680002195,0.0528525259159381,0.1524634719800818
55.233333333333334,0.1524446041795323,0.15006545132504004,0.14238043332420164,0.126688561265554,0.052850916361710645,0.1524446041795323
55.25,0.15242574735262632,0.15004710647932823,0.14236370091306183,0.12667492333497232,0.05284930830991905,0.15242574735262632
55.266666666666666,0.15240690148886074,0.15002877225848857,0.1423469780724517,0.12666129300122345,0.052847701758623,0.15240690148886074
55.28333333333333,0.15238806657774645,0.15001044865238383,0.14233026479332356,0.126647670257263,0.05284609670588535,0.15238806657774645
55.3,0.15236924260880788,0.1499921356508903,0.1423135610666414,0.1266340550960557,0.052844493149772166,0.15236924260880788
55.31666666666667,0.1523504295715835,0.14997383324389746,0.14229686688338106,0.12662044751057516,0.052842891088352655,0.1523504295715835
55.333333333333336,0.1523316274556254,0.14995554142130807,0.1422801822345301,0.12660684749380413,0.05284129051969922,0.1523316274556254
55.35,0.15231283625049946,0.1499372601730382,0.14226350711108784,0.1265932550387343,0.05283969144188739,0.15231283625049946
55.36666666666667,0.15229405594578532,0.1499189894890171,0.1422468415040654,0.1265796701383664,0.05283809385299589,0.15229405594578532
55.38333333333333,0.15227528653107616,0.14990072935918727,0.14223018540448545,0.12656609278571007,0.05283649775110655,0.15227528653107616
55.4,0.1522565279959791,0.14988247977350436,0.14221353880338244,0.12655252297378394,0.05283490313430436,0.1522565279959791
55.416666666666664,0.15223778033011467,0.1498642407219372,0.14219690169180255,0.12653896069561554,0.05283331000067744,0.15223778033011467
55.43333333333333,0.15221904352311724,0.14984601219446775,0.1421802740608034,0.12652540594424144,0.05283171834831707,0.15221904352311724
55.45,0.15220031756463462,0.14982779418109116,0.14216365590145447,0.12651185871270687,0.05283012817531762,0.15220031756463462
55.46666666666667,0.1521816024443283,0.1498095866718156,0.14214704720483662,0.12649831899406627,0.05282853947977661,0.1521816024443283
55.483333333333334,0.15216289815187323,0.14979138965666233,0.1421304479620425,0.12648478678138275,0.052826952259794585,0.15216289815187323
55.5,0.15214420467695808,0.14977320312566572,0.1421138581641762,0.1264712620677284,0.05282536651347532,0.15214420467695808
55.516666666666666,0.15212552200928495,0.14975502706887317,0.14209727780235337,0.12645774484618405,0.052823782238925594,0.15212552200928495
55.53333333333333,0.15210685013856934,0.14973686147634502,0.1420807068677013,0.1264442351098395,0.052822199434255326,0.15210685013856934
55.55,0.15208818905454036,0.14971870633815465,0.14206414535135864,0.1264307328517932,0.05282061809757748,0.15208818905454036
55.56666666666667,0.1520695387469405,0.14970056164438844,0.14204759324447563,0.12641723806515265,0.05281903822700814,0.1520695387469405
55.583333333333336,0.15205089920552567,0.14968242738514564,0.14203105053821397,0.12640375074303395,0.052817459820666456,0.15205089920552567
55.6,0.15203227042006534,0.14966430355053856,0.14201451722374675,0.12639027087856203,0.05281588287667464,0.15203227042006534
55.61666666666667,0.15201365238034206,0.14964619013069227,0.1419979932922586,0.12637679846487065,0.052814307393157935,0.15201365238034206
55.63333333333333,0.1519950450761521,0.14962808711574482,0.14198147873494546,0.12636333349510226,0.05281273336824471,0.1519950450761521
55.65,0.15197644849730482,0.14960999449584705,0.14196497354301474,0.12634987596240807,0.052811160800066315,0.15197644849730482
55.666666666666664,0.1519578626336229,0.14959191226116272,0.1419484777076852,0.12633642585994803,0.0528095896867572,0.1519578626336229
55.68333333333333,0.15193928747494256,0.1495738404018684,0.14193199122018701,0.12632298318089075,0.05280802002645478,0.15193928747494256
55.7,0.15192072301111303,0.14955577890815344,0.14191551407176162,0.12630954791841362,0.05280645181729957,0.15192072301111303
55.71666666666667,0.15190216923199687,0.1495377277702199,0.14189904625366176,0.1262961200657026,0.05280488505743513,0.15190216923199687
55.733333333333334,0.15188362612746992,0.14951968697828275,0.14188258775715162,0.1262826996159524,0.052803319745007925,0.15188362612746992
55.75,0.15186509368742118,0.14950165652256955,0.1418661385735065,0.1262692865623664,0.05280175587816755,0.15186509368742118
55.766666666666666,0.1518465719017529,0.14948363639332068,0.1418496986940131,0.1262558808981566,0.05280019345506654,0.1518465719017529
55.78333333333333,0.1518280607603804,0.14946562658078916,0.14183326810996938,0.12624248261654353,0.05279863247386047,0.1518280607603804
55.8,0.1518095602532322,0.14944762707524065,0.14181684681268436,0.12622909171075647,0.052797072932707904,0.1518095602532322
55.81666666666667,0.15179107037024997,0.1494296378669536,0.14180043479347842,0.1262157081740333,0.05279551482977038,0.15179107037024997
55.833333333333336,0.15177259110138838,0.14941165894621894,0.14178403204368317,0.12620233199962033,0.052793958163212446,0.15177259110138838
55.85,0.15175412243661532,0.1493936903033403,0.1417676385546412,0.1261889631807726,0.052792402931201576,0.15175412243661532
55.86666666666667,0.1517356643659116,0.14937573192863385,0.14175125431770647,0.12617560171075362,0.05279084913190829,0.1517356643659116
55.88333333333333,0.15171721687927114,0.14935778381242837,0.14173487932424395,0.1261622475828355,0.052789296763506015,0.15171721687927114
55.9,0.1516987799667009,0.14933984594506522,0.1417185135656298,0.12614890079029883,0.05278774582417117,0.1516987799667009
55.916666666666664,0.15168035361822074,0.1493219183168982,0.14170215703325123,0.12613556132643275,0.05278619631208313,0.15168035361822074
55.93333333333333,0.15166193782386359,0.14930400091829366,0.1416858097185066,0.12612222918453486,0.05278464822542419,0.15166193782386359
55.95,0.15164353257367524,0.14928609373963042,0.14166947161280524,0.12610890435791133,0.05278310156237963,0.15164353257367524
55.96666666666667,0.15162513785771448,0.14926819677129982,0.14165314270756763,0.1260955868398767,0.05278155632113763,0.15162513785771448
55.983333333333334,0.15160675366605297,0.14925031000370562,0.1416368229942252,0.12608227662375404,0.05278001249988931,0.15160675366605297
56.0,0.15158837998877525,0.14923243342726394,0.1416205124642204,0.12606897370287484,0.05277847009682878,0.15158837998877525
56.016666666666666,0.15157001681597868,0.14921456703240346,0.14160421110900678,0.1260556780705791,0.05277692911015296,0.15157001681597868
56.03333333333333,0.15155166413777363,0.1491967108095651,0.14158791892004868,0.12604238972021514,0.05277538953806177,0.15155166413777363
56.05,0.15153332194428315,0.14917886474920214,0.1415716358888216,0.12602910864513966,0.05277385137875798,0.15153332194428315
56.06666666666667,0.15151499022564308,0.14916102884178034,0.14155536200681185,0.1260158348387179,0.05277231463044732,0.15151499022564308
56.083333333333336,0.15149666897200215,0.14914320307777765,0.14153909726551667,0.12600256829432332,0.05277077929133837,0.15149666897200215
56.1,0.1514783581735217,0.14912538744768444,0.1415228416564443,0.1259893090053379,0.052769245359642634,0.1514783581735217
56.11666666666667,0.15146005782037597,0.14910758194200324,0.14150659517111375,0.12597605696515185,0.052767712833574516,0.15146005782037597
56.13333333333333,0.15144176790275177,0.14908978655124894,0.14149035780105493,0.12596281216716373,0.05276618171135124,0.15144176790275177
56.15,0.1514234884108488,0.1490720012659486,0.1414741295378087,0.12594957460478054,0.05276465199119295,0.1514234884108488
56.166666666666664,0.15140521933487913,0.1490542260766416,0.1414579103729266,0.12593634427141748,0.05276312367132264,0.15140521933487913
56.18333333333333,0.15138696066506777,0.14903646097387946,0.14144170029797112,0.12592312116049803,0.05276159674996622,0.15138696066506777
56.2,0.15136871239165225,0.14901870594822586,0.14142549930451548,0.12590990526545406,0.05276007122535239,0.15136871239165225
56.21666666666667,0.15135047450488268,0.14900096099025667,0.14140930738414367,0.1258966965797257,0.05275854709571273,0.15135047450488268
56.233333333333334,0.1513322469950219,0.14898322609055992,0.1413931245284505,0.1258834950967612,0.05275702435928169,0.1513322469950219
56.25,0.15131402985234516,0.1489655012397358,0.14137695072904147,0.1258703008100172,0.0527555030142965,0.15131402985234516
56.266666666666666,0.1512958230671403,0.1489477864283965,0.14136078597753282,0.1258571137129586,0.05275398305899731,0.1512958230671403
56.28333333333333,0.15127762662970778,0.1489300816471664,0.14134463026555152,0.12584393379905834,0.052752464491627,0.15127762662970778
56.3,0.1512594405303605,0.14891238688668185,0.14132848358473526,0.12583076106179775,0.05275094731043139,0.1512594405303605
56.31666666666667,0.15124126475942384,0.14889470213759134,0.14131234592673242,0.12581759549466626,0.05274943151365903,0.15124126475942384
56.333333333333336,0.15122309930723576,0.1488770273905553,0.1412962172832019,0.12580443709116146,0.05274791709956132,0.15122309930723576
56.35,0.1512049441641464,0.14885936263624622,0.14128009764581334,0.1257912858447892,0.05274640406639247,0.1512049441641464
56.36666666666667,0.1511867993205186,0.14884170786534856,0.14126398700624715,0.1257781417490634,0.05274489241240948,0.1511867993205186
56.38333333333333,0.15116866476672763,0.14882406306855878,0.141247885356194,0.12576500479750619,0.052743382135872166,0.15116866476672763
56.4,0.15115054049316085,0.1488064282365852,0.14123179268735547,0.12575187498364776,0.052741873235043125,0.15115054049316085
56.416666666666664,0.15113242649021824,0.14878880336014821,0.14121570899144362,0.12573875230102644,0.05274036570818772,0.15113242649021824
56.43333333333333,0.15111432274831207,0.14877118842997988,0.14119963426018095,0.1257256367431887,0.05273885955357413,0.15111432274831207
56.45,0.15109622925786698,0.14875358343682443,0.14118356848530067,0.12571252830368904,0.05273735476947329,0.15109622925786698
56.46666666666667,0.15107814600931985,0.14873598837143784,0.14116751165854644,0.1256994269760901,0.052735851354158925,0.15107814600931985
56.483333333333334,0.1510600729931198,0.14871840322458782,0.14115146377167237,0.12568633275396252,0.05273434930590752,0.1510600729931198
56.5,0.1510420101997283,0.1487008279870541,0.14113542481644314,0.12567324563088506,0.05273284862299829,0.1510420101997283
56.516666666666666,0.1510239576196191,0.14868326264962817,0.1411193947846339,0.1256601656004444,0.05273134930371323,0.1510239576196191
56.53333333333333,0.15100591524327805,0.14866570720311328,0.14110337366803014,0.12564709265623542,0.052729851346337106,0.15100591524327805
56.55,0.15098788306120342,0.1486481616383244,0.14108736145842793,0.12563402679186086,0.05272835474915738,0.15098788306120342
56.56666666666667,0.15096986106390536,0.1486306259460884,0.14107135814763372,0.12562096800093153,0.052726859510464304,0.15096986106390536
56.583333333333336,0.1509518492419065,0.1486131001172437,0.14105536372746436,0.12560791627706622,0.052725365628550805,0.1509518492419065
56.6,0.1509338475857414,0.14859558414264068,0.14103937818974704,0.12559487161389166,0.05272387310171257,0.1509338475857414
56.61666666666667,0.15091585608595687,0.1485780780131411,0.14102340152631934,0.1255818340050426,0.052722381928248026,0.15091585608595687
56.63333333333333,0.15089787473311178,0.14856058171961872,0.14100743372902924,0.12556880344416171,0.05272089210645829,0.15089787473311178
56.65,0.15087990351777708,0.14854309525295875,0.14099147478973503,0.12555577992489958,0.05271940363464719,0.15087990351777708
56.666666666666664,0.15086194243053586,0.14852561860405813,0.14097552470030533,0.12554276344091472,0.05271791651112129,0.15086194243053586
56.68333333333333,0.15084399146198316,0.14850815176382542,0.14095958345261905,0.12552975398587363,0.05271643073418982,0.15084399146198316
56.7,0.15082605060272608,0.14849069472318072,0.14094365103856538,0.12551675155345057,0.05271494630216476,0.15082605060272608
56.71666666666667,0.15080811984338383,0.14847324747305574,0.14092772745004375,0.1255037561373278,0.052713463213360685,0.15080811984338383
56.733333333333334,0.15079019917458747,0.14845581000439376,0.14091181267896397,0.12549076773119547,0.05271198146609497,0.15079019917458747
56.75,0.15077228858698002,0.14843838230814965,0.14089590671724594,0.12547778632875145,0.05271050105868759,0.15077228858698002
56.766666666666666,0.15075438807121672,0.14842096437528982,0.1408800095568199,0.12546481192370157,0.05270902198946123,0.15075438807121672
56.78333333333333,0.15073649761796437,0.14840355619679205,0.1408641211896262,0.12545184450975955,0.05270754425674124,0.15073649761796437
56.8,0.15071861721790195,0.14838615776364578,0.14084824160761544,0.1254388840806468,0.05270606785885564,0.15071861721790195
56.81666666666667,0.1507007468617202,0.1483687690668518,0.14083237080274835,0.12542593063009255,0.05270459279413508,0.1507007468617202
56.833333333333336,0.15068288654012182,0.14835139009742243,0.14081650876699586,0.125412984151834,0.05270311906091291,0.15068288654012182
56.85,0.15066503624382133,0.14833402084638142,0.14080065549233906,0.1254000446396159,0.052701646657525116,0.15066503624382133
56.86666666666667,0.1506471959635451,0.14831666130476384,0.140784810970769,0.12538711208719094,0.05270017558231032,0.1506471959635451
56.88333333333333,0.15062936569003124,0.14829931146361625,0.1407689751942871,0.1253741864883195,0.052698705833609756,0.15062936569003124
56.9,0.15061154541402982,0.14828197131399665,0.14075314815490458,0.12536126783676976,0.05269723740976737,0.15061154541402982
56.916666666666664,0.15059373512630253,0.14826464084697424,0.14073732984464302,0.1253483561263176,0.052695770309129655,0.15059373512630253
56.93333333333333,0.15057593481762283,0.14824732005362967,0.14072152025553386,0.12533545135074659,0.052694304530045775,0.15057593481762283
56.95,0.15055814447877613,0.1482300089250549,0.14070571937961868,0.1253225535038481,0.052692840070867525,0.15055814447877613
56.96666666666667,0.15054036410055927,0.1482127074523532,0.14068992720894902,0.12530966257942117,0.052691376929949255,0.15054036410055927
56.983333333333334,0.150522593673781,0.14819541562663915,0.14067414373558648,0.12529677857127253,0.052689915105648015,0.150522593673781
57.0,0.1505048331892617,0.1481781334390385,0.14065836895160264,0.1252839014732165,0.052688454596323354,0.1505048331892617
57.016666666666666,0.15048708263783334,0.14816086088068833,0.14064260284907903,0.12527103127907518,0.05268699540033749,0.15048708263783334
57.03333333333333,0.15046934201033965,0.14814359794273693,0.14062684542010717,0.1252581679826783,0.05268553751605526,0.15046934201033965
57.05,0.15045161129763596,0.1481263446163439,0.14061109665678861,0.12524531157786323,0.052684080941844,0.15045161129763596
57.06666666666667,0.15043389049058914,0.14810910089267992,0.14059535655123465,0.12523246205847488,0.052682625676073694,0.15043389049058914
57.083333333333336,0.15041617958007772,0.1480918667629269,0.14057962509556665,0.1252196194183659,0.0526811717171169,0.15041617958007772
57.1,0.15039847855699184,0.14807464221827782,0.1405639022819158,0.12520678365139648,0.052679719063348764,0.15039847855699184
57.11666666666667,0.15038078741223304,0.14805742724993703,0.1405481881024232,0.12519395475143436,0.052678267713146945,0.15038078741223304
57.13333333333333,0.15036310613671458,0.14804022184911975,0.14053248254923983,0.12518113271235498,0.05267681766489171,0.15036310613671458
57.15,0.15034543472136108,0.14802302600705247,0.14051678561452646,0.12516831752804128,0.052675368916965906,0.15034543472136108
57.166666666666664,0.1503277731571088,0.14800583971497272,0.1405010972904538,0.12515550919238372,0.05267392146775487,0.1503277731571088
57.18333333333333,0.15031012143490538,0.14798866296412908,0.14048541756920224,0.12514270769928032,0.052672475315646554,0.15031012143490538
57.2,0.15029247954570998,0.14797149574578128,0.14046974644296215,0.12512991304263674,0.05267103045903144,0.15029247954570998
57.21666666666667,0.15027484748049316,0.14795433805119992,0.14045408390393355,0.12511712521636603,0.05266958689630252,0.15027484748049316
57.233333333333334,0.15025722523023682,0.1479371898716668,0.14043842994432626,0.12510434421438882,0.052668144625855326,0.15025722523023682
57.25,0.15023961278593456,0.1479200511984746,0.14042278455635993,0.12509157003063318,0.05266670364608799,0.15023961278593456
57.266666666666666,0.15022201013859107,0.14790292202292704,0.14040714773226387,0.1250788026590347,0.05266526395540107,0.15022201013859107
57.28333333333333,0.15020441727922249,0.1478858023363388,0.14039151946427714,0.12506604209353647,0.05266382555219769,0.15020441727922249
57.3,0.15018683419885634,0.14786869213003548,0.14037589974464854,0.12505328832808899,0.0526623884348835,0.15018683419885634
57.31666666666667,0.15016926088853155,0.14785159139535364,0.14036028856563654,0.12504054135665024,0.05266095260186668,0.15016926088853155
57.333333333333336,0.15015169733929817,0.1478345001236408,0.14034468591950922,0.12502780117318568,0.05265951805155786,0.15015169733929817
57.35,0.1501341435422178,0.14781741830625522,0.14032909179854453,0.1250150677716681,0.052658084782370225,0.1501341435422178
57.36666666666667,0.1501165994883631,0.14780034593456629,0.14031350619502986,0.12500234114607775,0.052656652792719416,0.1501165994883631
57.38333333333333,0.150099065168818,0.147783282999954,0.14029792910126235,0.12498962129040234,0.05265522208102357,0.150099065168818
57.4,0.15008154057467782,0.14776622949380935,0.14028236050954868,0.12497690819863691,0.05265379264570337,0.15008154057467782
57.416666666666664,0.15006402569704907,0.14774918540753412,0.14026680041220524,0.12496420186478388,0.05265236448518188,0.15006402569704907
57.43333333333333,0.15004652052704945,0.14773215073254087,0.14025124880155793,0.12495150228285307,0.052650937597884764,0.15004652052704945
57.45,0.15002902505580767,0.147715125460253,0.14023570566994223,0.12493880944686162,0.05264951198224004,0.15002902505580767
57.46666666666667,0.15001153927446395,0.14769810958210466,0.14022017100970316,0.12492612335083406,0.05264808763667828,0.15001153927446395
57.483333333333334,0.14999406317416938,0.14768110308954085,0.1402046448131954,0.12491344398880226,0.05264666455963251,0.14999406317416938
